id,created_at,text,is_reply,reply_to_user,reply_to_status,is_retweet,favorite_count,retweet_count,lang,root_id,media_count,source_url,editorial_status,article_slugs
2102688303262695690,2026-09-23 09:15:32+00:00,@dembelismo99_ Que obsesión con la champions...,True,dembelismo99_,2102544267554005367,False,0,0,es,2102688303262695690,0,https://x.com/ScarFace2824/status/2102688303262695690,reply-archive,
2102661616198181305,2026-09-23 07:29:29+00:00,"@DiegoDav07 Valverde es el entrenador que más daño le ha hecho al Barça, juego racano de 442, días de fiesta, entrenos de 30 minutos, poca intensidad, frase como el dinero en el campo cuando se pudo vender a Rakitic.. Luego se reflejó en humillaciones en Champions y lo que costó recuperarse",True,DiegoDav07,2102571834596094331,False,10,0,es,2102661616198181305,0,https://x.com/ScarFace2824/status/2102661616198181305,reply-archive,
2102659142867357768,2026-09-23 07:19:39+00:00,@alexmasdeu_ Valverde suspen i Xavi bona nota,True,alexmasdeu_,2102489473669882218,False,0,0,es,2102659142867357768,0,https://x.com/ScarFace2824/status/2102659142867357768,reply-archive,
2102357001300824161,2026-09-22 11:19:03+00:00,@Somhiseremfcb Para que quiere Lamine el trofeo Marca?,True,Somhiseremfcb,2102356011625697460,False,7,0,es,2102357001300824161,0,https://x.com/ScarFace2824/status/2102357001300824161,reply-archive,
2101802963878744532,2026-09-20 22:37:30+00:00,"@ShadowMonarch23 El único Neymar comparable a Lamine era el del PSG, donde cada jugada pasaba por él, aquí nunca fue eso. El legado de Ronaldinho está a otro nivel, lo de Raphinha es de rendimiento. El efecto Ronaldinho lo ha traido Flick. 
Ronaldinho &gt; Raphinha &gt; Neymar",True,ShadowMonarch23,2101604500008047086,False,0,0,es,2101802963878744532,0,https://x.com/ScarFace2824/status/2101802963878744532,reply-archive,
2101755081297207616,2026-09-20 19:27:14+00:00,"@elchiringuitotv No entiendo, tiene que salir llorando porque ha perdido el Madrid? Claro, es a lo que estamos acostumbrados...",True,elchiringuitotv,2101726528249675806,False,0,0,es,2101755081297207616,0,https://x.com/ScarFace2824/status/2101755081297207616,reply-archive,
2101684990224314805,2026-09-20 14:48:43+00:00,@Somhiseremfcb Casi mejor?,True,Somhiseremfcb,2101618106397298995,False,0,0,es,2101684990224314805,0,https://x.com/ScarFace2824/status/2101684990224314805,reply-archive,
2101606290631852355,2026-09-20 09:36:00+00:00,"@ShadowMonarch23 Lo que hay que oir, los fifitas confundiendo 5 skills con más regate y mayor calidad técnica",True,ShadowMonarch23,2101605334926127349,False,1053,6,es,2101606290631852355,0,https://x.com/ScarFace2824/status/2101606290631852355,reply-archive,
2101574072790347974,2026-09-20 07:27:58+00:00,"@ShadowMonarch23 Descanso y premio a Cancelo por su partido, Espart lo llevaba jugando todo.",True,ShadowMonarch23,2101556441072943403,False,934,0,es,2101574072790347974,0,https://x.com/ScarFace2824/status/2101574072790347974,reply-archive,
2101370161055797250,2026-09-19 17:57:42+00:00,"@ShadowMonarch23 Infravalorado Bastoni, solo hay que ver su partido contra el Madrid para darse cuenta lo que nos aportaria al juego, dicho esto, entiendo que se pueda buscar otro perfil pero sabiendo de antemano que un Lukeba también va a tener cagadas como Koundé o Gerard Martin",True,ShadowMonarch23,2101357892456567195,False,1,0,es,2101370161055797250,0,https://x.com/ScarFace2824/status/2101370161055797250,reply-archive,
2101005637035397487,2026-09-18 17:49:13+00:00,@Padremany1 Cuando se retire Messi,True,Padremany1,2100999731878994048,False,0,0,es,2101005637035397487,0,https://x.com/ScarFace2824/status/2101005637035397487,reply-archive,
2100565681716469886,2026-09-17 12:40:59+00:00,@cullera5 Ayer jugó el polaco para darle los últimos minutos aprovechando que ya ibas ganando 4-1 y eran solo 45 minutos. Y para no arriesgar con la lluvia a Livakovic después de como se había lesionado Joan.,True,cullera5,2100507177379148016,False,19,0,es,2100565681716469886,0,https://x.com/ScarFace2824/status/2100565681716469886,reply-archive,
2100565221525864785,2026-09-17 12:39:10+00:00,@LuisCondoMaman1 @Somhiseremfcb @joaquimpiera Raphinha se ha lesioando las dos últimas veces que ha sido convocado con la selección,True,LuisCondoMaman1,2100548893754769891,False,32,0,es,2100565221525864785,0,https://x.com/ScarFace2824/status/2100565221525864785,reply-archive,
2100564894537888049,2026-09-17 12:37:52+00:00,"@RiquiSalmon11 Partido de prueba para Livakovic y a recuperarse durante el parón, sin dramas",True,RiquiSalmon11,2100561684926484692,False,2,0,es,2100564894537888049,0,https://x.com/ScarFace2824/status/2100564894537888049,reply-archive,
2100542494614151452,2026-09-17 11:08:51+00:00,@Somhiseremfcb Feo,True,Somhiseremfcb,2100541202818871716,False,0,0,und,2100542494614151452,0,https://x.com/ScarFace2824/status/2100542494614151452,reply-archive,
2100542423206158591,2026-09-17 11:08:34+00:00,@Somhiseremfcb @joaquimpiera Que actue como capitán y no vaya,True,Somhiseremfcb,2100540788849377609,False,293,0,es,2100542423206158591,0,https://x.com/ScarFace2824/status/2100542423206158591,reply-archive,
2100510984938942729,2026-09-17 09:03:39+00:00,@Blayasensat Espero una mención a la exhibición de Eric,True,Blayasensat,2100505675663015957,False,0,0,es,2100510984938942729,0,https://x.com/ScarFace2824/status/2100510984938942729,reply-archive,
2100504050240221346,2026-09-17 08:36:05+00:00,"@dembelismo99_ Exhibición la de hoy de Eric, no se que partido has visto",True,dembelismo99_,2100315388781207829,False,0,0,es,2100504050240221346,0,https://x.com/ScarFace2824/status/2100504050240221346,reply-archive,
2100495577440022722,2026-09-17 08:02:25+00:00,@ShadowMonarch23 Con la exhibición que ha hecho hoy Eric en el lateral y lo quereis de suplente,True,ShadowMonarch23,2100483552596971835,False,1,0,es,2100495577440022722,0,https://x.com/ScarFace2824/status/2100495577440022722,reply-archive,
2100345804690993545,2026-09-16 22:07:17+00:00,@dembelismo99_ Nadie ha visto el partidazo de Eric,True,dembelismo99_,2100336293292949825,False,0,0,es,2100345804690993545,0,https://x.com/ScarFace2824/status/2100345804690993545,reply-archive,
2100345484074185166,2026-09-16 22:06:00+00:00,@FolagoR Lo que va a ser la revancha en el ocre,True,FolagoR,2100315019103568054,False,0,0,es,2100345484074185166,0,https://x.com/ScarFace2824/status/2100345484074185166,reply-archive,
2100345358035390621,2026-09-16 22:05:30+00:00,@GradaBpro A ver que lo dice cuando marca 9 goles en un partido,True,GradaBpro,2099906088128667768,False,0,0,es,2100345358035390621,0,https://x.com/ScarFace2824/status/2100345358035390621,reply-archive,
2100344220938571973,2026-09-16 22:00:59+00:00,@BlxckNews Muy facil aprovechas un partido ganado que solo van a ser 45 min para darle los últimos minutos al portero que nos hizo el favor de salir del retiro cuando teniamos una urgencia.,True,BlxckNews,2100329770953093312,False,5,0,es,2100344220938571973,0,https://x.com/ScarFace2824/status/2100344220938571973,reply-archive,
2100330433594462429,2026-09-16 21:06:12+00:00,@Padremany1 Mucho peor lo de Cancelo en el primer gol,True,Padremany1,2100329945088000117,False,0,0,es,2100330433594462429,0,https://x.com/ScarFace2824/status/2100330433594462429,reply-archive,
2100325767603478960,2026-09-16 20:47:39+00:00,@Padremany1 Le dejan los ultimos minutos al fumador,True,Padremany1,2100324445919600867,False,0,0,es,2100325767603478960,0,https://x.com/ScarFace2824/status/2100325767603478960,reply-archive,
2100323843436851400,2026-09-16 20:40:01+00:00,@ShadowMonarch23 Era para Raphinha,True,ShadowMonarch23,2100322875395731649,False,0,0,pt,2100323843436851400,0,https://x.com/ScarFace2824/status/2100323843436851400,reply-archive,
2100176804099076560,2026-09-16 10:55:44+00:00,@Somhiseremfcb No hay nadie igual,True,Somhiseremfcb,2100176045152313763,False,2,0,es,2100176804099076560,0,https://x.com/ScarFace2824/status/2100176804099076560,reply-archive,
2098863955552936262,2026-09-12 19:58:56+00:00,@Somhiseremfcb Puedes sacar videos así de Lamine. No seamos así.,True,Somhiseremfcb,2098857896750506151,False,24,0,es,2098863955552936262,0,https://x.com/ScarFace2824/status/2098863955552936262,reply-archive,
2098742650480292348,2026-09-12 11:56:55+00:00,"@Blayasensat Puede que Flick y el equipo hayan caído en el relato... 
Para mi el modelo a seguir es la Premier, donde le dan más valor a ganar la Liga que la Champions. Por la dificultad de ser el mejor durante 38 jornadas. Prefiero ganar 10 ligas seguidas a 1 champions.",True,Blayasensat,2098740397413450198,False,3,0,es,2098742650480292348,0,https://x.com/ScarFace2824/status/2098742650480292348,reply-archive,
2098499447168606664,2026-09-11 19:50:31+00:00,"@manusantacruz86 @MaestroMelena Jugando a defender en un 442 teniendo a Messi, eso hacía Valverde.",True,manusantacruz86,2098498435985117632,False,0,0,es,2098499447168606664,0,https://x.com/ScarFace2824/status/2098499447168606664,reply-archive,
2098497276003897711,2026-09-11 19:41:53+00:00,"@manusantacruz86 @MaestroMelena Lo mismo con Luis Enrique y mira lo que hizo en su primer año. Valverde simplemente dejó que hicieran lo que querían y así acabamos, en un 2-8 que la gente le echará la culpa a Setién cuando no llevaba ni media temporada con parón por Covid",True,manusantacruz86,2098495451808817302,False,0,0,es,2098497276003897711,0,https://x.com/ScarFace2824/status/2098497276003897711,reply-archive,
2098489838848692466,2026-09-11 19:12:20+00:00,"@MaestroMelena Valverde y Koeman le han hecho demasiado daño al club como para ponerlos al nivel de Xavi que nos pasó de ser novenos a segundos. Y no tuvo a MESSI, no soporto pensar como se desaprovecharon los últimos años del argentino en el Barça por culpa de esos dos.",True,MaestroMelena,2098152656586043825,False,0,0,es,2098489838848692466,0,https://x.com/ScarFace2824/status/2098489838848692466,reply-archive,
2097808736702054401,2026-09-09 22:05:52+00:00,@sirfcb_ Imperial,True,sirfcb_,2097750135073562908,False,0,0,en,2097808736702054401,0,https://x.com/ScarFace2824/status/2097808736702054401,reply-archive,
2097804729263030723,2026-09-09 21:49:57+00:00,@sirfcb_ Hay que ser muy bueno para colar la pelota por ese hueco,True,sirfcb_,2097753342801801563,False,0,0,es,2097804729263030723,0,https://x.com/ScarFace2824/status/2097804729263030723,reply-archive,
2097804467173281961,2026-09-09 21:48:54+00:00,"@1899DanielFCB Si salen, hay que traer más efectivos, Dimarco libre y un lateral derecho que sea tercer central y te valga como suplente de Cubarsí, idealmente lo que sacas por Koundé a la clausula de Pubill y le das a los atleticos la rivalidad que quieren, sino un Geertruida o Singo.",True,1899DanielFCB,2097801727801999470,False,2,0,es,2097804467173281961,0,https://x.com/ScarFace2824/status/2097804467173281961,reply-archive,
2097800631440363789,2026-09-09 21:33:40+00:00,"@1899DanielFCB Yo ya confío en Xavi Espart de LI como lateral a pie cambiado y el derecho se lo doy a Eric, por lo que solo tienes que traer un CB zurdo y un 9 que tienes para escoger a Julián, Kroupi, Woltemade depende como le vaya en Italia o Haaland si se pone a tiro tras la salida de Pep.",True,1899DanielFCB,2097761089496715465,False,7,0,es,2097800631440363789,0,https://x.com/ScarFace2824/status/2097800631440363789,reply-archive,
2097768443214799058,2026-09-09 19:25:46+00:00,"@sirfcb_ Hay que sacarse de encima a estos jugadores que te destrozan partidos, ya se ha empezado la limpieza con Ter Stegen, Araújo y Ferran.",True,sirfcb_,2097754107566010503,False,0,0,es,2097768443214799058,0,https://x.com/ScarFace2824/status/2097768443214799058,reply-archive,
2097742880886427934,2026-09-09 17:44:11+00:00,"@Blayasensat He visto al equipo un poco roto en algunos momentos, haciendo que el medio campo no pudiera abarcar todo el espacio. Cubarsí emperial. Y me gustaria ver a Pedri más cerca de Lamine, en general, creo que están lejos y el talento debe encontrarse.",True,Blayasensat,2097740331487764639,False,4,0,es,2097742880886427934,0,https://x.com/ScarFace2824/status/2097742880886427934,reply-archive,
2097740152328130904,2026-09-09 17:33:21+00:00,@sirfcb_ El rival más fuerte de la temporada,True,sirfcb_,2097738643288756674,False,2,0,es,2097740152328130904,0,https://x.com/ScarFace2824/status/2097740152328130904,reply-archive,
2097726911350817169,2026-09-09 16:40:44+00:00,"@ShadowMonarch23 Y que Espart acabe arrastrandose, hay que repartir cargas por encima de mandar mensajes",True,ShadowMonarch23,2097723507224326626,False,1,0,es,2097726911350817169,0,https://x.com/ScarFace2824/status/2097726911350817169,reply-archive,
2092214555510284700,2026-08-25 11:36:36+00:00,"@RolsoG Ya les haríamos un favor apagando el incendio que tienen, como para que encima paguemos de más.",True,RolsoG,2092197823529800177,False,1,0,es,2092214555510284700,0,https://x.com/ScarFace2824/status/2092214555510284700,reply-archive,
2092207507749917091,2026-08-25 11:08:35+00:00,"@ThierryEnric14 Te cargas el mercado de 10 que estás haciendo. 
Los desesperados son ellos con el incendio que tienen, no nosotros.",True,ThierryEnric14,2092190533783282084,False,0,0,es,2092207507749917091,0,https://x.com/ScarFace2824/status/2092207507749917091,reply-archive,
2092206276000248214,2026-08-25 11:03:42+00:00,"@ShadowMonarch23 Ni en broma. Te cargas el pedazo mercado que estás haciendo. 
Tienen un incendio en casa. Están desesperados y vamos a pagar nosotros 150?!",True,ShadowMonarch23,2092204759411265903,False,3,0,es,2092206276000248214,0,https://x.com/ScarFace2824/status/2092206276000248214,reply-archive,
2092204039773516220,2026-08-25 10:54:49+00:00,@BlxckNews Habría que verlos a ellos con 18 años,True,BlxckNews,2092187836325744680,False,2,0,es,2092204039773516220,0,https://x.com/ScarFace2824/status/2092204039773516220,reply-archive,
2092195091452465577,2026-08-25 10:19:15+00:00,"@sirfcb_ Por lo que he entendido su família por visado no puede ir con él a Inglaterra, por lo que no es solo que su único objetivo es el Barça sino que la premier no es ni una opción.",True,sirfcb_,2092178230190969143,False,0,0,es,2092195091452465577,0,https://x.com/ScarFace2824/status/2092195091452465577,reply-archive,
2092172752643866726,2026-08-25 08:50:29+00:00,"@bxrca1899 +Pesquer
El único que se queda cojo es el suplente de Cuba por la lesiones del danés. No se puede confiar en su disponibilidad. 
Por eso, una vez cerrado Julián  ya devaluado en enero, clausulas a Pubill con lo que saques por Koundé. Si quieren rivalidad, artificial se la damos.",True,bxrca1899,2091950870522950088,False,0,0,es,2092172752643866726,0,https://x.com/ScarFace2824/status/2092172752643866726,reply-archive,
2092162071311843564,2026-08-25 08:08:02+00:00,@bxrca1899 Tresoldi + Lukeba,True,bxrca1899,2091846370709696689,False,0,0,in,2092162071311843564,0,https://x.com/ScarFace2824/status/2092162071311843564,reply-archive,
2092161837634666691,2026-08-25 08:07:07+00:00,@Somhiseremfcb @10JoseAlvarez Monumento a Deco si en un mismo mercado saca a todos estos. https://t.co/2Gw1WxJAc8,True,Somhiseremfcb,2092057199736406294,False,0,0,es,2092161837634666691,2,https://x.com/ScarFace2824/status/2092161837634666691,reply-archive,
2091997306237379032,2026-08-24 21:13:19+00:00,"@casasbasti @BlastoporFCB Cuando lo anunció la megafonía, cuando lo enfocaban en el banquillo, cuando saltó a calentar, cuando entró al campo, cuando tocaba el balón, cuando acabó el partido y se fue al vestuario... 
Te piensas que el resto no vimos el partido. 
Si quereis vivir con esto vosotros sabreis.",True,casasbasti,2091995964412141974,False,0,0,es,2091997306237379032,0,https://x.com/ScarFace2824/status/2091997306237379032,reply-archive,
2091996317467951288,2026-08-24 21:09:24+00:00,"@gxldeadam Lukeba
Salinas
Después de fichar a Julián en enero una vez ya devaluado -&gt; Clausulazo a Pubill con lo que te hayan dado por Koundé",True,gxldeadam,2091946957975540074,False,0,0,es,2091996317467951288,0,https://x.com/ScarFace2824/status/2091996317467951288,reply-archive,
2091992993343459652,2026-08-24 20:56:11+00:00,"Como @Deco20oficial tenga los huevos de sacar a Ter Stegen, Araújo, Ferran, Frenkie, Koundé y Balde en un mismo mercado, es para hacerle un monumento en Collserola y que sea punto de peregrinación. https://t.co/ZWt8PZeP65",False,,,False,0,0,es,2091992993343459652,2,https://x.com/ScarFace2824/status/2091992993343459652,standalone-archive,
2091992378794229994,2026-08-24 20:53:45+00:00,"@1899DanielFCB Si, totalmente.",True,1899DanielFCB,2091986590335688875,False,1,0,es,2091992378794229994,0,https://x.com/ScarFace2824/status/2091992378794229994,reply-archive,
2091985853807550500,2026-08-24 20:27:49+00:00,"@1899DanielFCB Si sale Koundé, te esperas a enero para fichar a Julián una vez ya esté devaluado y cuando esté cerrado, clausulazo a Pubill.",True,1899DanielFCB,2091958850400432206,False,2,0,es,2091985853807550500,0,https://x.com/ScarFace2824/status/2091985853807550500,reply-archive,
2091939637749256339,2026-08-24 17:24:10+00:00,"@Padremany1 Lo que hubiera sido una mercado de salidas con Ter Stegen, Araujo, Ferran, De Jong, Kounde y Balde. Para poner el nombre del estadio a Deco.",True,Padremany1,2091936261925679393,False,0,0,es,2091939637749256339,0,https://x.com/ScarFace2824/status/2091939637749256339,reply-archive,
2091933595287830814,2026-08-24 17:00:10+00:00,@lustforbarca @BlastoporFCB Ya veremos cuando pasen 4 meses con el incendio de ayer.,True,lustforlife19_,2091869850444378270,False,0,0,es,2091933595287830814,0,https://x.com/ScarFace2824/status/2091933595287830814,reply-archive,
2091933505613681148,2026-08-24 16:59:48+00:00,"@casasbasti @BlastoporFCB Ningún problema, que se quede y siga el incendio. El bochorno de ayer cada partido. Se convierte en Joao Felix 2.0. Nosotros a lo nuestro.",True,casasbasti,2091835579067461694,False,1,0,es,2091933505613681148,0,https://x.com/ScarFace2824/status/2091933505613681148,reply-archive,
2091924731112894579,2026-08-24 16:24:56+00:00,"@SoldadoCule_ Si se tiene lo que hay que tener no solo se puede hacer eso sino ir todavía un paso más allá. Y que su rivalidad artificial que han intentado crear tenga motivos. 
https://t.co/enIda5wBUK",True,SoldadoCule_,2091880362683043861,False,0,0,es,2091924731112894579,0,https://x.com/ScarFace2824/status/2091924731112894579,reply-archive,
2091905563437199550,2026-08-24 15:08:46+00:00,"@abreu_de97904 Yo creo que Flick prefiere vender a Balde y traer a Lukeba. 
Hamza debe ser el delantero que los entrenadores veían en Piqué o Araújo para los últimos minutos, nada más.",True,abreu_de97904,2091905028382466474,False,0,0,es,2091905563437199550,0,https://x.com/ScarFace2824/status/2091905563437199550,reply-archive,
2091874450601877540,2026-08-24 13:05:08+00:00,@_AdrianSnchz Nada nuevo https://t.co/o9nvHMaovA,True,_AdrianSnchz,2091656735442272503,False,0,0,es,2091874450601877540,1,https://x.com/ScarFace2824/status/2091874450601877540,reply-archive,
2091874024049483883,2026-08-24 13:03:27+00:00,@DBR8 Con el incendio que tienen ya les hacemos un favor ofreciendo 80M. La oferta ha caducado.,True,DBR8,2091872563550953916,False,0,0,es,2091874024049483883,0,https://x.com/ScarFace2824/status/2091874024049483883,reply-archive,
2057794202281324974,2026-05-22 12:02:24+00:00,@ShadowMonarch23 Kane,True,ShadowMonarch23,2057759312894689386,False,0,0,no,2057794202281324974,0,https://x.com/ScarFace2824/status/2057794202281324974,reply-archive,
2057792118408552888,2026-05-22 11:54:07+00:00,@ShadowMonarch23 Supongo que depende de cuanto rebaje,True,ShadowMonarch23,2057784771409772671,False,0,0,es,2057792118408552888,0,https://x.com/ScarFace2824/status/2057792118408552888,reply-archive,
2057772949600391500,2026-05-22 10:37:57+00:00,"@Mart1Aarn Si hace un buen mundial la gente empezará a decir que ha vuelto y hay que quedarselo, ya nos conocemos.",True,Mart1Aarn,2057770630494220735,False,5,1,es,2057772949600391500,0,https://x.com/ScarFace2824/status/2057772949600391500,reply-archive,
2057735054722236680,2026-05-22 08:07:22+00:00,@BarcelonaValor No no Tre-soldi,True,BarcelonaValor,2057565642119651696,False,0,0,it,2057735054722236680,0,https://x.com/ScarFace2824/status/2057735054722236680,reply-archive,
2057615987466252542,2026-05-22 00:14:14+00:00,@Somhiseremfcb Criminal lo de este tio y luego va de que no tiene equipo,True,Somhiseremfcb,2057613854939439326,False,1,0,es,2057615987466252542,0,https://x.com/ScarFace2824/status/2057615987466252542,reply-archive,
2057604310679130152,2026-05-21 23:27:50+00:00,@Juandur83972441 @ShadowMonarch23 150? Ni Julián te cuesta eso. Ponle 10M más por Bastoni si quieres. Y suplentes dime cuales te faltan a ver si lo arreglamos. Lo único que lo complica es que los jugadores no quieran salir pero en la mayoría hay notícias de ofertas por ellos. En llegadas no hay tantas operaciones,True,Juandur83972441,2057590170115883183,False,0,0,es,2057604310679130152,0,https://x.com/ScarFace2824/status/2057604310679130152,reply-archive,
2057582841282609157,2026-05-21 22:02:32+00:00,@MaverickTDM Como va a ser peor un acuerdo voluntario entre dos personas adultas que una agresión?,True,MaverickTDM,2057495064792760393,False,0,0,es,2057582841282609157,0,https://x.com/ScarFace2824/status/2057582841282609157,reply-archive,
2057541261213540468,2026-05-21 19:17:18+00:00,@Blayasensat Què va veure Flick en el Quim que no el va convèncer?,True,Blayasensat,2057540676523274432,False,5,0,ca,2057541261213540468,0,https://x.com/ScarFace2824/status/2057541261213540468,reply-archive,
2057540263149556008,2026-05-21 19:13:20+00:00,@TheMavericK_YT Todo es imposible si no lo intentas,True,TheMavericK_YT,2057534980440334468,False,0,0,es,2057540263149556008,0,https://x.com/ScarFace2824/status/2057540263149556008,reply-archive,
2057540125639237946,2026-05-21 19:12:47+00:00,@Mart1Aarn Y lo de Quim y Goren...,True,Mart1Aarn,2057539951063888342,False,4,0,es,2057540125639237946,0,https://x.com/ScarFace2824/status/2057540125639237946,reply-archive,
2057522596875219410,2026-05-21 18:03:08+00:00,"@agnz__ Si el punto de abstenerse es que no confías en el sistema, votar en blanco es participar en el.",True,agnz__,2057442686848708844,False,0,0,es,2057522596875219410,0,https://x.com/ScarFace2824/status/2057522596875219410,reply-archive,
2057492587116696009,2026-05-21 16:03:53+00:00,"@Mart1Aarn Tiene justo lo que le falta a Rashford, desborde y saber asociarse con sus compañeros. Entiendo que el inglés te da números que se traducen en puntos y victorias pero si el titular Raphinha ya te ataca el espacio y termina jugadas, que el suplente deberia ser perfil generador.",True,Mart1Aarn,2057491810847506802,False,1,0,es,2057492587116696009,0,https://x.com/ScarFace2824/status/2057492587116696009,reply-archive,
2057490679786352935,2026-05-21 15:56:19+00:00,@Mart1Aarn Poco suena para el Barça si la estrategia es 9 top y extremo low cost debe ser el elegido.,True,Mart1Aarn,2057490017056952727,False,1,0,es,2057490679786352935,0,https://x.com/ScarFace2824/status/2057490679786352935,reply-archive,
2057468450067423527,2026-05-21 14:27:59+00:00,"@elitelliZN Ojalá, pero para eso necesitas un extremo de nivel y no a Rashford que no era titular ni con Raphinha lesionado.",True,elitelliZN,2057462404972163489,False,0,0,es,2057468450067423527,0,https://x.com/ScarFace2824/status/2057468450067423527,reply-archive,
2057468108499976557,2026-05-21 14:26:37+00:00,"@Catalan_Soldier Do you watch Barça games with the TV off? When exactly do Barça defend their own box? Most chances they concede come in transition, with the CBs defending huge spaces and out of position. That’s why a box defender isn’t the priority. You need a high-line/open-space defender.",True,Catalan_Soldier,2057462636086964714,False,1,0,en,2057468108499976557,0,https://x.com/ScarFace2824/status/2057468108499976557,reply-archive,
2057448598757863820,2026-05-21 13:09:06+00:00,"@Catalan_Soldier And how many times do you think Flick actually used the Araújo-Cubarsí partnership as a settled pairing?
This season, games with 70+ mins together:
Araújo-Cubarsí: 6 games
Gerard-Cubarsí: 22 games",True,Catalan_Soldier,2057440099013648626,False,1,0,und,2057448598757863820,0,https://x.com/ScarFace2824/status/2057448598757863820,reply-archive,
2057448465404211541,2026-05-21 13:08:34+00:00,"@Catalan_Soldier Wtf, Flick literally played Gerard Martín a left-back from Cornellà ahead of Araújo and Eric at his best, because he is left-footed
And profile-wise, Vuskovic is the opposite of what we need: slow, elite in box defending, while we defend transitions, high line and open space",True,Catalan_Soldier,2057440099013648626,False,1,0,en,2057448465404211541,0,https://x.com/ScarFace2824/status/2057448465404211541,reply-archive,
2057439384555720740,2026-05-21 12:32:29+00:00,"@elitelliZN Que ganas de ver esta Alemania, con Woltemade, Musiala, Wirtz, Kimmich, Pavlovic, Schlotterbeck, Tah... No tanto por llegar lejos sino por estética.",True,elitelliZN,2057432617507508472,False,0,0,es,2057439384555720740,0,https://x.com/ScarFace2824/status/2057439384555720740,reply-archive,
2057438401301725643,2026-05-21 12:28:34+00:00,@Catalan_Soldier Flick no va a jugar sin central zurdo,True,Catalan_Soldier,2057425919913214192,False,1,0,es,2057438401301725643,0,https://x.com/ScarFace2824/status/2057438401301725643,reply-archive,
2057417915872276678,2026-05-21 11:07:10+00:00,@Somhiseremfcb No hay nadie del club para corregirle el balanceo?,True,Somhiseremfcb,2057415047396102151,False,3,0,es,2057417915872276678,0,https://x.com/ScarFace2824/status/2057417915872276678,reply-archive,
2057315274781577631,2026-05-21 04:19:19+00:00,"@Juandur83972441 @ShadowMonarch23 Ventas: 
Ter Stegen 0  
Casadó 30 
Araújo 30 
Koundé 80 
Balde 50 
Christensen 0 
Iñaki Peña 5 
Lewandowski 0 
Ferran 40 
Ansu 11
Roony 10

TOTAL: 256M€

Compras:

Bastoni 60 
Palestra 30 
Cancelo 0 
Diomande 100 
Asllani 25

TOTAL: 215M€

Balance: +41M€",True,Juandur83972441,2057307413573734879,False,0,0,es,2057315274781577631,0,https://x.com/ScarFace2824/status/2057315274781577631,reply-archive,
2057301765976928277,2026-05-21 03:25:38+00:00,"@ShadowMonarch23 El problema es que los jugadores quieran salir, si se hacen ventas suficientes, sí se cubre y con la salida de Robert, Kounde, Araujo, Ter Stegen, Christensen también se libera masa salarial. 
Para mi era: Diomande, Kane/Asllani, Bastoni/ Van de Ven, Palestra",True,ShadowMonarch23,2057199586054123955,False,0,0,es,2057301765976928277,0,https://x.com/ScarFace2824/status/2057301765976928277,reply-archive,
2057298950097424813,2026-05-21 03:14:27+00:00,"@ShadowMonarch23 No son mis primeras opciones pero si las segundas, firmo.",True,ShadowMonarch23,2057198190735020319,False,0,0,es,2057298950097424813,0,https://x.com/ScarFace2824/status/2057298950097424813,reply-archive,
2057226835570700304,2026-05-20 22:27:53+00:00,"@ShadowMonarch23 0 sentido, ni te eleva el juego en ataque como Bastoni ni te defiende a las espaldas como Van de Ven",True,ShadowMonarch23,2057004105885729194,False,0,0,es,2057226835570700304,0,https://x.com/ScarFace2824/status/2057226835570700304,reply-archive,
2057226100774678858,2026-05-20 22:24:58+00:00,@10InfoBlaugrana No,True,10InfoBlaugrana,2057159421797773356,False,0,0,und,2057226100774678858,0,https://x.com/ScarFace2824/status/2057226100774678858,reply-archive,
2057157653529313293,2026-05-20 17:52:59+00:00,@gusfop No hablo de ti sino lo que los medios dicen que supuestamente pide Flick,True,gusfop,2057154976724476210,False,0,0,es,2057157653529313293,0,https://x.com/ScarFace2824/status/2057157653529313293,reply-archive,
2057144218196320422,2026-05-20 16:59:36+00:00,@10InfoBlaugrana No se si Haaland es precisamente el que más le va a perjudicar la salida de Pep,True,10InfoBlaugrana,2057099028542685313,False,1,0,es,2057144218196320422,0,https://x.com/ScarFace2824/status/2057144218196320422,reply-archive,
2057141984448438644,2026-05-20 16:50:43+00:00,@TheMavericK_YT Cual de todas no es justa?,True,TheMavericK_YT,2057090691973411253,False,0,0,es,2057141984448438644,0,https://x.com/ScarFace2824/status/2057141984448438644,reply-archive,
2057141566909694336,2026-05-20 16:49:04+00:00,@gusfop Una semana dicen que no a Bastoni y a la otra piden exactamente lo que hace Bastoni,True,gusfop,2057112788372160829,False,2,0,es,2057141566909694336,0,https://x.com/ScarFace2824/status/2057141566909694336,reply-archive,
2057134174566220038,2026-05-20 16:19:41+00:00,"@ShadowMonarch23 Lo de siempre, todo 2026 perdiendo cada balón que tocaba, hace dos partidos buenos y ya no es venta. Y vuelta al bucle",True,ShadowMonarch23,2057120901578052005,False,30,0,es,2057134174566220038,0,https://x.com/ScarFace2824/status/2057134174566220038,reply-archive,
2057130562654007787,2026-05-20 16:05:20+00:00,"@Blayasensat Faltan salida de los porteros Ander, Iñaki y Ter Stegen. Subidas de Toni, Espart, Tommy y Cortés. 

Como me alegro de que tengamos una columna vertebral con tanto intocable de la casa. Hay ventas primordiales y otras según oferta

Y tener claras las prioridades en las llegadas. https://t.co/8YzCLtFz9Q",True,Blayasensat,2057054119307677720,False,0,0,es,2057130562654007787,2,https://x.com/ScarFace2824/status/2057130562654007787,reply-archive,
2057077515265445981,2026-05-20 12:34:32+00:00,"@dembelismo99_ Bueno esto es lo de siempre cuando se sale Luis Diaz había que hacerle caso a Deco, ahora con Bastoni ya no hay que hacerle caso a Deco ahora toca Flick",True,dembelismo99_,2057073096549380215,False,0,0,es,2057077515265445981,0,https://x.com/ScarFace2824/status/2057077515265445981,reply-archive,
2057014585366900989,2026-05-20 08:24:29+00:00,@culedelheat Espero que sea para rebajar precio,True,culedelheat,2056846539314672070,False,0,0,es,2057014585366900989,0,https://x.com/ScarFace2824/status/2057014585366900989,reply-archive,
2057014138719609079,2026-05-20 08:22:42+00:00,@ShadowMonarch23 Si realmente lo que dice Flick es que quiere un corrector a la espalda (yo creo que es para presionar al Inter) el nombre es Van de Ven.,True,ShadowMonarch23,2057006639329210713,False,1,0,es,2057014138719609079,0,https://x.com/ScarFace2824/status/2057014138719609079,reply-archive,
2057013577911824558,2026-05-20 08:20:29+00:00,@ShadowMonarch23 Puede ser una buena apuesta pero si es por promedio ansu lo supera,True,ShadowMonarch23,2057008904886739328,False,0,0,es,2057013577911824558,0,https://x.com/ScarFace2824/status/2057013577911824558,reply-archive,
2056990422694556061,2026-05-20 06:48:28+00:00,"@DiegoDav07 Puede, pero si te viene un Villa y te da 50/60 no es mejor venderle y traer un Vlahovic gratis o un Asllani por 25?",True,DiegoDav07,2056884356514205874,False,0,0,es,2056990422694556061,0,https://x.com/ScarFace2824/status/2056990422694556061,reply-archive,
2056866753129394414,2026-05-19 22:37:03+00:00,"@DiegoDav07 Todo 2026 criticando a Ferran por que perdía todos los balones y encima fallaba todo, hace dos partidos buenos y se nos olvida. Merecemos todo lo malo que nos pase.",True,DiegoDav07,2056854354540302516,False,0,0,es,2056866753129394414,0,https://x.com/ScarFace2824/status/2056866753129394414,reply-archive,
2056813434042294419,2026-05-19 19:05:11+00:00,"@elitelliZN Venderlos cuando ya no nos den dinero por ellos, lo que nos pasa siempre.",True,elitelliZN,2056807403316752475,False,0,0,es,2056813434042294419,0,https://x.com/ScarFace2824/status/2056813434042294419,reply-archive,
2056804593464426710,2026-05-19 18:30:03+00:00,"@elitelliZN Son nombres para hacer caja después de los obvios Kounde, Balde, Ferran, Araujo...",True,elitelliZN,2056799686002974736,False,1,0,es,2056804593464426710,0,https://x.com/ScarFace2824/status/2056804593464426710,reply-archive,
2056782091379966353,2026-05-19 17:00:38+00:00,@nadjib__fcb Kane,True,nadjib__fcb,2056479100764570038,False,0,0,no,2056782091379966353,0,https://x.com/ScarFace2824/status/2056782091379966353,reply-archive,
2056781914166403207,2026-05-19 16:59:56+00:00,"@aminuteTips 100%

https://t.co/XgTnmCcvpq",True,aminuteTips,2056708095267447060,False,0,0,und,2056781914166403207,0,https://x.com/ScarFace2824/status/2056781914166403207,reply-archive,
2056781577074438150,2026-05-19 16:58:35+00:00,@Mart1Aarn Justo,True,Mart1Aarn,2056781264326128063,False,0,0,en,2056781577074438150,0,https://x.com/ScarFace2824/status/2056781577074438150,reply-archive,
2056776748436509168,2026-05-19 16:39:24+00:00,"@annaisculer Fermín/Raphinha de 9
Cambiar de banda el rol de los laterales para que Lamine tenga un lateral ofensivo que le permita meterse más por dentro: Palestra
Extremo top como Diomande
Un 9 que te de alternativas como Asllani
Bastoni 100%
Lo explico en:
https://t.co/XgTnmCcvpq",True,annaisculer,2056764616357630027,False,1,0,es,2056776748436509168,0,https://x.com/ScarFace2824/status/2056776748436509168,reply-archive,
2056775699873051097,2026-05-19 16:35:14+00:00,"@Mart1Aarn Si, pero creo que también es porque ven a Julián imposible.",True,Mart1Aarn,2056774988623929498,False,0,0,es,2056775699873051097,0,https://x.com/ScarFace2824/status/2056775699873051097,reply-archive,
2056757280247361603,2026-05-19 15:22:02+00:00,@_Futbolero_ Kane o Julián,True,_Futbolero_,2056752991118749799,False,0,0,und,2056757280247361603,0,https://x.com/ScarFace2824/status/2056757280247361603,reply-archive,
2056757136483324312,2026-05-19 15:21:28+00:00,@ReshadRahman @memorabilia1899 Top https://t.co/YrXQjWd18i,True,ReshadRahman,2056756569187246248,False,1,0,und,2056757136483324312,1,https://x.com/ScarFace2824/status/2056757136483324312,reply-archive,
2056753791983137230,2026-05-19 15:08:11+00:00,"@ShadowMonarch23 Con ese medio campo, imposible",True,ShadowMonarch23,2056740642043072578,False,0,0,es,2056753791983137230,0,https://x.com/ScarFace2824/status/2056753791983137230,reply-archive,
2056753680343351722,2026-05-19 15:07:44+00:00,@ShadowMonarch23 Poca gracia lo de la última renovación ha sido la mejor cuando desde entonces ha jugado menos que Christensen por mal rendimiento,True,ShadowMonarch23,2056744126599598532,False,0,0,es,2056753680343351722,0,https://x.com/ScarFace2824/status/2056753680343351722,reply-archive,
2056721529656750278,2026-05-19 12:59:59+00:00,@elitelliZN Ilusió,True,elitelliZN,2056715002539548849,False,0,0,es,2056721529656750278,0,https://x.com/ScarFace2824/status/2056721529656750278,reply-archive,
2056680442586091582,2026-05-19 10:16:43+00:00,@BlxckNews Diomande + Asllani,True,BlxckNews,2056670937492185372,False,2,0,ca,2056680442586091582,0,https://x.com/ScarFace2824/status/2056680442586091582,reply-archive,
2056639619429486604,2026-05-19 07:34:30+00:00,"@elitelliZN Ya ha dejado claro De La Cope que no convoca por rendimiento o estado de forma sino por nombre, si no va Gerard Martin no va a ir Ansu.",True,elitelliZN,2056506221964808459,False,0,0,es,2056639619429486604,0,https://x.com/ScarFace2824/status/2056639619429486604,reply-archive,
2056627739143131584,2026-05-19 06:47:17+00:00,@albbbrtoo @AlberCule https://t.co/8TkjWHbi9l,True,albbbrtoo,2056579696763031838,False,0,0,qme,2056627739143131584,0,https://x.com/ScarFace2824/status/2056627739143131584,reply-archive,
2056451557982441709,2026-05-18 19:07:13+00:00,"@RadioFCB Joan
Lamine
Pedri
Bernal
Fermin
Cubarsi
Eric",True,RadioFCB,2056376727815811465,False,0,0,ca,2056451557982441709,0,https://x.com/ScarFace2824/status/2056451557982441709,reply-archive,
2056451326280684014,2026-05-18 19:06:17+00:00,@RadioFCB 70 por Ferran y no aceptas?,True,RadioFCB,2056400112092430509,False,0,0,es,2056451326280684014,0,https://x.com/ScarFace2824/status/2056451326280684014,reply-archive,
2056449203895783696,2026-05-18 18:57:51+00:00,"@AlberCule Kane, Woltemade, Asllani aunque mi primera opcion es apostar por raphinha y fermin de 9 que atacan espacios y fichar un extremo top como Diomande",True,AlberCule,2056390594499395836,False,2,0,es,2056449203895783696,0,https://x.com/ScarFace2824/status/2056449203895783696,reply-archive,
2056429142300565833,2026-05-18 17:38:08+00:00,@RadioFCB Tienes opcion de aprovechar la situacion en el newcastle de Woltemade o barato a Asllani,True,RadioFCB,2056404643672907811,False,0,0,ca,2056429142300565833,0,https://x.com/ScarFace2824/status/2056429142300565833,reply-archive,
2056375281523245200,2026-05-18 14:04:07+00:00,@elitelliZN Es unpopular?,True,elitelliZN,2056362290555879741,False,0,0,es,2056375281523245200,0,https://x.com/ScarFace2824/status/2056375281523245200,reply-archive,
2056375043026739501,2026-05-18 14:03:10+00:00,"Por qué no Barcola
Criterio del mejor entrenador del momento
Hay que hacer caso a Luis Enrique
80M en un suplente? https://t.co/SMFmFnafeL",True,ScarFace2824,2056370220642537719,False,0,0,es,2056370060160119145,1,https://x.com/ScarFace2824/status/2056375043026739501,used-in-web-article,fermin-de-9-y-laterales-asimetricos
2056370985880744019,2026-05-18 13:47:03+00:00,"@dembelismo99_ 9 asociativo: Asllani
LD ofensivo con el que hacer 2vs2/3 y que le permite tomar posiciones interiores: Palestra
Extremo izquierdo con desborde que se lleve sus marcas: Diomande",True,dembelismo99_,2056350123756540111,False,3,0,es,2056370985880744019,0,https://x.com/ScarFace2824/status/2056370985880744019,reply-archive,
2056370220642537719,2026-05-18 13:44:00+00:00,"Cómo tendría que darse el mercado:

Ventas: Ferran, Kounde, Balde, Araujo, Olmo, Roony, Ansu, Iñaki Peña
Salidas: Christensen, Lewandowski, Ter Stegen

+300M aprox https://t.co/Gy2q2V7Lzh",True,ScarFace2824,2056370213755457751,False,0,0,es,2056370060160119145,1,https://x.com/ScarFace2824/status/2056370220642537719,used-in-web-article,fermin-de-9-y-laterales-asimetricos
2056370213755457751,2026-05-18 13:43:59+00:00,Cantera para los tres medios si no se quiere gastar en Bernardo Silva https://t.co/yNPbBQFC15,True,ScarFace2824,2056370206918750720,False,0,0,es,2056370060160119145,1,https://x.com/ScarFace2824/status/2056370213755457751,used-in-web-article,fermin-de-9-y-laterales-asimetricos
2056370206918750720,2026-05-18 13:43:57+00:00,"Toni Fernández, Roony y la cantera ofensiva https://t.co/w3s7bVeQhk",True,ScarFace2824,2056370200912581053,False,0,0,es,2056370060160119145,1,https://x.com/ScarFace2824/status/2056370206918750720,used-in-web-article,fermin-de-9-y-laterales-asimetricos
2056370200912581053,2026-05-18 13:43:56+00:00,"Asllani como 9 alternativo
Con esta estructura, si el dinero da, Asllani sigue siendo una pieza muy interesante.

Asllani te daría un plan distinto:
9 asociativo;
juego de espaldas;
fijación de centrales;
descargas;
continuidad;
altura;
plan tipo Bayern con extremos abiertos.",True,ScarFace2824,2056370195770286156,False,0,0,es,2056370060160119145,0,https://x.com/ScarFace2824/status/2056370200912581053,used-in-web-article,fermin-de-9-y-laterales-asimetricos
2056370195770286156,2026-05-18 13:43:54+00:00,La transición de Fermín al 9 y el futuro Musiala https://t.co/R3qbYn3pLD,True,ScarFace2824,2056370187671110074,False,0,0,es,2056370060160119145,2,https://x.com/ScarFace2824/status/2056370195770286156,used-in-web-article,fermin-de-9-y-laterales-asimetricos
2056370187671110074,2026-05-18 13:43:52+00:00,Fermín tiene números de 9 https://t.co/YR6nRdeA8c,True,ScarFace2824,2056370180331020488,False,0,0,es,2056370060160119145,1,https://x.com/ScarFace2824/status/2056370187671110074,used-in-web-article,fermin-de-9-y-laterales-asimetricos
2056370180331020488,2026-05-18 13:43:51+00:00,El problema del 9: Fermín y Raphinha https://t.co/9xc6GboBMM,True,ScarFace2824,2056370171749470248,False,0,0,es,2056370060160119145,2,https://x.com/ScarFace2824/status/2056370180331020488,used-in-web-article,fermin-de-9-y-laterales-asimetricos
2056370171749470248,2026-05-18 13:43:49+00:00,"La presión tras pérdida: Gavi, Fermín, Raphinha, Diomande, Bastoni y Pedri https://t.co/0ox6DFDfjv",True,ScarFace2824,2056370163923013899,False,0,0,es,2056370060160119145,1,https://x.com/ScarFace2824/status/2056370171749470248,used-in-web-article,fermin-de-9-y-laterales-asimetricos
2056370163923013899,2026-05-18 13:43:47+00:00,"La importancia de los 3 medios
Atacar mejor para defender mejor
Tener un ataque más controlado te ofrece estar mejor colocados tras pérdida y recuperar antes

Además hemos visto a los 2 medios desbordados y muy solos, no pueden abarcar todo el campo y dejan muchos espacios https://t.co/vxdzdldTgJ",True,ScarFace2824,2056370157526659096,False,0,0,es,2056370060160119145,1,https://x.com/ScarFace2824/status/2056370163923013899,used-in-web-article,fermin-de-9-y-laterales-asimetricos
2056370157526659096,2026-05-18 13:43:45+00:00,"Raphinha, Fermín y Cancelo como rotaciones en izquierda https://t.co/xuM3pnLoEi",True,ScarFace2824,2056370151105221044,False,0,0,es,2056370060160119145,1,https://x.com/ScarFace2824/status/2056370157526659096,used-in-web-article,fermin-de-9-y-laterales-asimetricos
2056370151105221044,2026-05-18 13:43:44+00:00,Diomande libera a Lamine https://t.co/hltYWK5X55,True,ScarFace2824,2056370144377475104,False,0,0,es,2056370060160119145,1,https://x.com/ScarFace2824/status/2056370151105221044,used-in-web-article,fermin-de-9-y-laterales-asimetricos
2056370144377475104,2026-05-18 13:43:42+00:00,Diomande: el extremo que justifica todo https://t.co/c5rokf2Jxx,True,ScarFace2824,2056370137159098572,False,0,0,es,2056370060160119145,1,https://x.com/ScarFace2824/status/2056370144377475104,used-in-web-article,fermin-de-9-y-laterales-asimetricos
2056370137159098572,2026-05-18 13:43:40+00:00,Suplentes en defensa: Eric da su mejor valor https://t.co/BPknSRgakQ,True,ScarFace2824,2056370130204914090,False,0,0,es,2056370060160119145,1,https://x.com/ScarFace2824/status/2056370137159098572,used-in-web-article,fermin-de-9-y-laterales-asimetricos
2056370130204914090,2026-05-18 13:43:39+00:00,Vuskovic no es el perfil prioritario https://t.co/vuLTwhdiiE,True,ScarFace2824,2056370121791156449,False,0,0,es,2056370060160119145,1,https://x.com/ScarFace2824/status/2056370130204914090,used-in-web-article,fermin-de-9-y-laterales-asimetricos
2056370121791156449,2026-05-18 13:43:37+00:00,Van de Ven: el corrector ideal https://t.co/hYkI62rBAl,True,ScarFace2824,2056370113436139827,False,0,0,es,2056370060160119145,1,https://x.com/ScarFace2824/status/2056370121791156449,used-in-web-article,fermin-de-9-y-laterales-asimetricos
2056370113436139827,2026-05-18 13:43:35+00:00,"La idea de Flick es marcar más, no encajar menos. Por eso la línea se coloca en el medio del campo.
Por lo que hay que APOSTAR TODO al ATAQUE
Aquí Bastoni es clave porque te eleva el juego. https://t.co/x16dGhwA1C",True,ScarFace2824,2056370106175730142,False,0,0,es,2056370060160119145,1,https://x.com/ScarFace2824/status/2056370113436139827,used-in-web-article,fermin-de-9-y-laterales-asimetricos
2056370106175730142,2026-05-18 13:43:33+00:00,"Bastoni también es élite defendiendo, no solo con balón. 

Unos datos para los que dicen que no sabría defender 1v1: https://t.co/V2MnWb2JL6",True,ScarFace2824,2056370099020284381,False,0,0,es,2056370060160119145,1,https://x.com/ScarFace2824/status/2056370106175730142,used-in-web-article,fermin-de-9-y-laterales-asimetricos
2056370099020284381,2026-05-18 13:43:31+00:00,No hay que tener miedo a Bastoni en defensa de 4 https://t.co/c68GZPcS8A,True,ScarFace2824,2056370092150071314,False,0,0,es,2056370060160119145,1,https://x.com/ScarFace2824/status/2056370099020284381,used-in-web-article,fermin-de-9-y-laterales-asimetricos
2056370092150071314,2026-05-18 13:43:30+00:00,Bastoni como lateral izquierdo defensivo / central-interior https://t.co/hId7aMjdc9,True,ScarFace2824,2056370083354583535,False,0,0,es,2056370060160119145,1,https://x.com/ScarFace2824/status/2056370092150071314,used-in-web-article,fermin-de-9-y-laterales-asimetricos
2056370083354583535,2026-05-18 13:43:28+00:00,Fort y Espart como suplentes de Palestra https://t.co/VqUoWZdVBd,True,ScarFace2824,2056370076396188077,False,0,0,es,2056370060160119145,1,https://x.com/ScarFace2824/status/2056370083354583535,used-in-web-article,fermin-de-9-y-laterales-asimetricos
2056370076396188077,2026-05-18 13:43:26+00:00,Palestra: el lateral para potenciar a Lamine y mejorar el juego interior https://t.co/0TbPBcrWx4,True,ScarFace2824,2056370067286176034,False,0,0,es,2056370060160119145,2,https://x.com/ScarFace2824/status/2056370076396188077,used-in-web-article,fermin-de-9-y-laterales-asimetricos
2056370067286176034,2026-05-18 13:43:24+00:00,"La idea táctica: cambiar el rol de los laterales

En lugar de jugar con 3 defensas con Kounde o Eric como lateral defensivo por derecha, que el defensivo esté por izquierda con Bastoni para que el diestro sea ofensivo y potencie a Lamine permitiendole jugar por dentro. https://t.co/o3Tu9qs1Bd",True,ScarFace2824,2056370060160119145,False,0,0,es,2056370060160119145,1,https://x.com/ScarFace2824/status/2056370067286176034,used-in-web-article,fermin-de-9-y-laterales-asimetricos
2056370060160119145,2026-05-18 13:43:22+00:00,"Con el nuevo video de @Blayasensat 
https://t.co/BxEqnAGQ2r
Quiero seguir profundizando en la idea que ya comenté hace unas semanas en:
https://t.co/uhRhcDiuUZ

CAMBIAR DE BANDA EL ROL DE LOS LATERALES Y FERMÍN DE 9.

@Deco20oficial @JoanLaportaFCB https://t.co/V5UuwGIebI",False,,,False,1,0,es,2056370060160119145,1,https://x.com/ScarFace2824/status/2056370060160119145,used-in-web-article,fermin-de-9-y-laterales-asimetricos
2056321033896894932,2026-05-18 10:28:33+00:00,@Kosobets Loco,True,Kosobets,2056203087275049069,False,1,0,es,2056321033896894932,0,https://x.com/ScarFace2824/status/2056321033896894932,reply-archive,
2056125548967907434,2026-05-17 21:31:46+00:00,"@elitelliZN Ojalá, apostar por Fermín como ese Pedro de Messi, fichar un extremo que te abra el campo como Diomande, un lateral ofensivo como Palestra y Bastoni como lateral izquierdo defensivo.",True,elitelliZN,2056115463705284736,False,1,0,es,2056125548967907434,0,https://x.com/ScarFace2824/status/2056125548967907434,reply-archive,
2056062710479991186,2026-05-17 17:22:04+00:00,@Neidrj11 @ShadowMonarch23 Claro que son buenos pero según tú no podemos tener centrales que se expulsen cuando les pillan la espalda... Gerard Martin es titular porque es el único zurdo y es importantísimo para la salida tener uno. Te dejo estadísticas de Bastoni vs Gerard Martin donde se ve la diferencia https://t.co/89EHm9FJGs,True,Neidrj11,2056061745215545385,False,0,0,es,2056062710479991186,1,https://x.com/ScarFace2824/status/2056062710479991186,reply-archive,
2056049405527011369,2026-05-17 16:29:12+00:00,"@Adrico97 @ShadowMonarch23 Te lo repito por si te cuesta, Bastoni defiende más alto que el Barça en disposición de 3 defensas igual que el Barça que tiene un lateral derecho defensivo con Kounde o Eric que actua como tercer central, solo hay que ver los partidos.",True,Adrico97,2056048076880597311,False,0,0,es,2056049405527011369,0,https://x.com/ScarFace2824/status/2056049405527011369,reply-archive,
2056025516293894489,2026-05-17 14:54:16+00:00,"@Mart1Aarn Bueno, puede que no lo recuerdes pero en 2026 en muchos partidos entraba desde el banquillo fresco y presionaba andando.",True,Mart1Aarn,2056025015569510719,False,0,0,es,2056025516293894489,0,https://x.com/ScarFace2824/status/2056025516293894489,reply-archive,
2056023768418427304,2026-05-17 14:47:20+00:00,"@Mart1Aarn Sí, es lo que echariamos de menos en Kane, un 9 que muerda en presión. Es lo que ha fallado en Robert y Ferran esta temporada que presionen bien.",True,Mart1Aarn,2056020556395245633,False,1,0,es,2056023768418427304,0,https://x.com/ScarFace2824/status/2056023768418427304,reply-archive,
2056020079641268373,2026-05-17 14:32:40+00:00,@AleixG7 Hace dos días con Luis Diaz había que hacerle caso a Deco. Ahora no. 👏👏👏,True,AleixG7,2055914069605904473,False,0,0,es,2056020079641268373,0,https://x.com/ScarFace2824/status/2056020079641268373,reply-archive,
2056019831254565155,2026-05-17 14:31:41+00:00,@Mart1Aarn No creo que Kane sea un jugador tan dependiente de su físico. Veo más peligro en un Ratiu o Dumfries con 28 que en un Kane con 32. Lo ficho con los ojos cerrados pese a la edad y pese a que le quede 1 año de contrato.,True,Mart1Aarn,2056019250133787003,False,1,0,es,2056019831254565155,0,https://x.com/ScarFace2824/status/2056019831254565155,reply-archive,
2056018395082920365,2026-05-17 14:25:59+00:00,"@Adrico97 @ShadowMonarch23 Pero si estabas diciendo que Bastoni no defiende en 1v1 y ya hemos visto que es top de europa en eso, defendiendo más alto que el Barça.",True,Adrico97,2056014959520231448,False,0,0,es,2056018395082920365,0,https://x.com/ScarFace2824/status/2056018395082920365,reply-archive,
2056012855908999317,2026-05-17 14:03:58+00:00,@Adrico97 @ShadowMonarch23 El bloqueo es porque quieren ver si pueden fichar primero el 9 antes de comprometer 60M. Y Bastoni no juega mundial así que no hay prisa.,True,Adrico97,2056011507062763965,False,0,0,es,2056012855908999317,0,https://x.com/ScarFace2824/status/2056012855908999317,reply-archive,
2056010592796766650,2026-05-17 13:54:58+00:00,"@Adrico97 @ShadowMonarch23 Flick lo que quiere es marcar más que el rival lo ha dejado claro siempre, para eso hay que atacar mejor, y con el juego que te da Bastoni estás más preparado para presionar tras perdida y evitar esas transiciones.",True,Adrico97,2056009210094088345,False,0,0,es,2056010592796766650,0,https://x.com/ScarFace2824/status/2056010592796766650,reply-archive,
2056005516640284904,2026-05-17 13:34:48+00:00,"@Adrico97 @ShadowMonarch23 Que central defiende con 40 metros a su espalda? ninguno. 
Iñigo era una gacela no? Es lo que nos quieres hacer creer.",True,Adrico97,2056004715012309072,False,0,0,es,2056005516640284904,0,https://x.com/ScarFace2824/status/2056005516640284904,reply-archive,
2056001917898093020,2026-05-17 13:20:30+00:00,@Adrico97 @ShadowMonarch23 Sabes leer? Te estoy diciendo que Bastoni defiende más alto que el barça. Madre mía que nivel... Las otras estadísticas son de Gerard Martin pero por algo están los percentiles. Porque lo quiere Deco? Que es el que había que hacerle caso con Luis Diaz no? Ahora Deco no sabe.,True,Adrico97,2056000663516074007,False,0,0,es,2056001917898093020,0,https://x.com/ScarFace2824/status/2056001917898093020,reply-archive,
2055997591037284803,2026-05-17 13:03:18+00:00,@dembelismo99_ Luego con Luis Diaz se dice había que haberle hecho caso a Deco ahora ya no. 👍,True,dembelismo99_,2055936941250556198,False,0,0,es,2055997591037284803,0,https://x.com/ScarFace2824/status/2055997591037284803,reply-archive,
2055990860131500308,2026-05-17 12:36:34+00:00,"@ShadowMonarch23 Para mi es prioritario Bastoni porque tengo claro que es el central a fichar. En cambio en el 9 estaria contento con Julian, Joao, Kane, Woltemade, Asllani... Incluso que el fichaje arriba sea un extremo y jugar con un falso 9.",True,ShadowMonarch23,2055758684186165485,False,0,0,es,2055990860131500308,0,https://x.com/ScarFace2824/status/2055990860131500308,reply-archive,
2055990387077005754,2026-05-17 12:34:41+00:00,@LaNuevaEraFCB_ Ahora no hay que hacerle caso a Deco? Mejor Rashford que Luis Diaz,True,LaNuevaEraFCB_,2055981667173671273,False,1,0,es,2055990387077005754,0,https://x.com/ScarFace2824/status/2055990387077005754,reply-archive,
2055987702630064336,2026-05-17 12:24:01+00:00,@Neidrj11 @ShadowMonarch23 Pues echamos a Eric y Cubarsí entonces,True,Neidrj11,2055960418368082142,False,0,0,es,2055987702630064336,0,https://x.com/ScarFace2824/status/2055987702630064336,reply-archive,
2055987526196752738,2026-05-17 12:23:19+00:00,"@Adrico97 @ShadowMonarch23 Que Bastoni no defiende el 1vs1? Los datos vs G. Martín lo desmienten: Bastoni es élite en Tack/Dribbled (pct 95), en presiones ganadas y casi ni lo regatean (0.29, pct 82). Bastoni recupera más (pct 89) defendiendo casi 7 metros más alto (pct 98)!
Que fácil es hablar sin saber https://t.co/RalSpzT6C5",True,Adrico97,2055959277517312514,False,0,0,es,2055987526196752738,1,https://x.com/ScarFace2824/status/2055987526196752738,reply-archive,
2055951350203072819,2026-05-17 09:59:34+00:00,@ShadowMonarch23 Bastoni en el Inter defiende con la línea más alta que la del Barça. Que defensa está curtida en defender con 40 metros a su espalda? Ninguno.,True,ShadowMonarch23,2055936505621737514,False,0,1,es,2055951350203072819,0,https://x.com/ScarFace2824/status/2055951350203072819,reply-archive,
2055951038893510891,2026-05-17 09:58:20+00:00,@Adrico97 @ShadowMonarch23 Bastoni ha llegado a 2 finales de champions si es lo que te preocupa. Pero querer que un central te arregle el hueco que deja la defensa a la espalda cuando se presiona mal es como curar el corte de una pierna con una tirita.,True,Adrico97,2055933462880608460,False,0,0,es,2055951038893510891,0,https://x.com/ScarFace2824/status/2055951038893510891,reply-archive,
2055932747684745556,2026-05-17 08:45:39+00:00,@Adrico97 @ShadowMonarch23 Porque defendemos con la línea en el medio del campo y con los laterales saltando lo que obliga a los centrales a defender fuera de zona,True,Adrico97,2055932177804595437,False,0,0,es,2055932747684745556,0,https://x.com/ScarFace2824/status/2055932747684745556,reply-archive,
2055930169261494571,2026-05-17 08:35:24+00:00,@ShadowMonarch23 Yo soy de la idea que querer un central para que te pueda corregir con 40 metros a la espalda es intentar tapar el sol con un dedo. Si ya ponemos la línea adelantada y queremos ser ofensivos hay que apostarlo TODO al ataque y no quedarnos a medias y para eso el mejor es Bastoni.,True,ShadowMonarch23,2055921908395249925,False,13,1,es,2055930169261494571,0,https://x.com/ScarFace2824/status/2055930169261494571,reply-archive,
2055925807562866690,2026-05-17 08:18:04+00:00,"@Blayasensat Que central hay que te pueda defender con 40 metros a la espalda es como tapar el sol con un dedo. Hay que apostar todo al ataque y para eso el mejor es Bastoni. 
Sino en que están pensando en Van de Ven?",True,Blayasensat,2055923828400730347,False,9,0,es,2055925807562866690,0,https://x.com/ScarFace2824/status/2055925807562866690,reply-archive,
2055923630253519117,2026-05-17 08:09:25+00:00,"@ShadowMonarch23 Bastoni, Van de Ven, Gerard Martin",True,ShadowMonarch23,2055916782959907179,False,1,0,nl,2055923630253519117,0,https://x.com/ScarFace2824/status/2055923630253519117,reply-archive,
2055789473225375871,2026-05-16 23:16:19+00:00,"@Mart1Aarn A mi me preocupa que en el 9 estaria contento con Julian, Joao, Woltemade, Kane, Asllani... Mientras que en el central tengo muy claro que debe ser Bastoni, como mucho, Van de Ven pero ya me genera más dudas.",True,Mart1Aarn,2055761734594343115,False,0,0,es,2055789473225375871,0,https://x.com/ScarFace2824/status/2055789473225375871,reply-archive,
2055719216993403238,2026-05-16 18:37:09+00:00,@10InfoBlaugrana No todo son los goles y menos con los compañeros que tiene. Ferran es top 1 de LaLiga en ocasiones claras falladas.,True,10InfoBlaugrana,2055679674139725988,False,0,0,es,2055719216993403238,0,https://x.com/ScarFace2824/status/2055719216993403238,reply-archive,
2055717541427724330,2026-05-16 18:30:29+00:00,@planetabarcaa Acaba contrato en 2027 no? Pagar tanto por un jugador que acaba contrato y con su edad nos llevariamos las manos a la cabeza si fuera otro.,True,planetabarcaa,2055702425533620444,False,1,0,es,2055717541427724330,0,https://x.com/ScarFace2824/status/2055717541427724330,reply-archive,
2055716608237023454,2026-05-16 18:26:47+00:00,@BarcelonaValor Para 2030,True,BarcelonaValor,2055537624186589326,False,0,0,es,2055716608237023454,0,https://x.com/ScarFace2824/status/2055716608237023454,reply-archive,
2055716415932338362,2026-05-16 18:26:01+00:00,"@BarcaArgento__ Kane, Woltemade, Asllani...",True,BarcaArgento__,2055704857374286027,False,1,0,ca,2055716415932338362,0,https://x.com/ScarFace2824/status/2055716415932338362,reply-archive,
2055716058619584967,2026-05-16 18:24:36+00:00,@TouchlineIX @Blayasensat @Mart1Aarn,True,CampNouPapers,2055629414487241033,False,1,0,qam,2055716058619584967,0,https://x.com/ScarFace2824/status/2055716058619584967,reply-archive,
2055715416249450526,2026-05-16 18:22:03+00:00,@UCulemas Woltemade o Asllani,True,UCulemas,2055707563488850007,False,0,0,ca,2055715416249450526,0,https://x.com/ScarFace2824/status/2055715416249450526,reply-archive,
2055715322036879443,2026-05-16 18:21:40+00:00,@elitelliZN Ni Juan ni Goren?,True,elitelliZN,2055703057627775471,False,0,0,in,2055715322036879443,0,https://x.com/ScarFace2824/status/2055715322036879443,reply-archive,
2055319719956111795,2026-05-15 16:09:41+00:00,@ShadowMonarch23 Espero que Joao no salga como savinho o Isak,True,ShadowMonarch23,2055309461179232359,False,2,0,pt,2055319719956111795,0,https://x.com/ScarFace2824/status/2055319719956111795,reply-archive,
2055318717441982491,2026-05-15 16:05:42+00:00,@ShadowMonarch23 Nos interesa,True,ShadowMonarch23,2055303804812169345,False,0,0,es,2055318717441982491,0,https://x.com/ScarFace2824/status/2055318717441982491,reply-archive,
2055299783149953272,2026-05-15 14:50:28+00:00,@Mart1Aarn 7,True,Mart1Aarn,2055299530132803711,False,1,0,und,2055299783149953272,0,https://x.com/ScarFace2824/status/2055299783149953272,reply-archive,
2055299613389648307,2026-05-15 14:49:48+00:00,@dembelismo99_ Woltemade o Asllani y el gasto a Diomande,True,dembelismo99_,2055291144074862669,False,0,0,es,2055299613389648307,0,https://x.com/ScarFace2824/status/2055299613389648307,reply-archive,
2055054091642896630,2026-05-14 22:34:11+00:00,@ShadowMonarch23 Pues ni puta gracia,True,ShadowMonarch23,2055047990872539499,False,0,0,es,2055054091642896630,0,https://x.com/ScarFace2824/status/2055054091642896630,reply-archive,
2055013118380569002,2026-05-14 19:51:22+00:00,@Futebol1199 @Futbol_basico Ferran Torres top 1 en ocasiones claras falladas(20) de LaLiga y encima es una perdida de balón asegurada cada vez que la jugada pasa por él.,True,Futebol1199,2054982088391041125,False,2,0,es,2055013118380569002,0,https://x.com/ScarFace2824/status/2055013118380569002,reply-archive,
2054989557238522202,2026-05-14 18:17:44+00:00,"@Mart1Aarn @BarcelonistaQle Además, eso es lo que teníamos con Lewy y cuantas veces nos hemos quejado de que no puede hacer nada por él solo y que fuera del area resta. Un 9 que se genere ocasiones y falle la mitad a un tronco que marque solo cuando los otros hacen las jugadas.(Ferran pierde muchos balones)",True,Mart1Aarn,2054986089501188219,False,0,0,es,2054989557238522202,0,https://x.com/ScarFace2824/status/2054989557238522202,reply-archive,
2054969059083485198,2026-05-14 16:56:17+00:00,"@Kosobets Yo vendía a Ferran, con ese dinero Schjelderup o otra cesión de Rashford y subes a Toni F. para los minutos de roony que debe ser venta.",True,Kosobets,2054962223315869880,False,0,0,es,2054969059083485198,0,https://x.com/ScarFace2824/status/2054969059083485198,reply-archive,
2054911490008686636,2026-05-14 13:07:32+00:00,"@Mart1Aarn Parece que el Chelsea no escuchará ofertas. Sin Julián ni Joao seguís queriendo ese perfil o ir a por un Kane, Woltemade, Asllani?",True,Mart1Aarn,2054909747501944882,False,0,0,es,2054911490008686636,0,https://x.com/ScarFace2824/status/2054911490008686636,reply-archive,
2054890569671770533,2026-05-14 11:44:24+00:00,@MeuFutbol Lo mismo con el resto solo hay que tener 5 delanteros 3 medios y 5 defensas. Plantillas de 15 jugadores para que más si no pueden jugar todos a la vez. Catetada,True,MeuFutbol,2054890028577304636,False,1,0,es,2054890569671770533,0,https://x.com/ScarFace2824/status/2054890569671770533,reply-archive,
2054886312587469275,2026-05-14 11:27:29+00:00,"@BlxckNews Yo es lo que haría. Kane, Asllani o Woltemade. Te juegan de espaldas, lejos del área y te potencian a los extremos. Para ir al espacio ya tienes Raphinha y Fermín. Por su situación en Newcastle por cuánto saldría?",True,BlxckNews,2054881362952311052,False,1,0,es,2054886312587469275,0,https://x.com/ScarFace2824/status/2054886312587469275,reply-archive,
2054883712865603617,2026-05-14 11:17:09+00:00,"@MundoDespectivo Kane, Asllani, Woltemade",True,MundoDespectivo,2054875159186506048,False,0,0,tr,2054883712865603617,0,https://x.com/ScarFace2824/status/2054883712865603617,reply-archive,
2054883540530016421,2026-05-14 11:16:28+00:00,"@MeuFutbol Pero si Eric lo pones como lateral titular. Pensando así vamos a tener solo 3 medios, total,  el suplente de De Jong es el propio Pedri y el suplente de Lamine, Raphinha.",True,MeuFutbol,2054879064029036839,False,2,0,es,2054883540530016421,0,https://x.com/ScarFace2824/status/2054883540530016421,reply-archive,
2054874570960581070,2026-05-14 10:40:50+00:00,@MeuFutbol Y te quedas sin central diestro suplente. El fichar a Bastoni no es porque falten centrales sino porque te eleva el juego.,True,MeuFutbol,2054848131645251794,False,3,0,es,2054874570960581070,0,https://x.com/ScarFace2824/status/2054874570960581070,reply-archive,
2054834873555177667,2026-05-14 08:03:05+00:00,@ShadowMonarch23 No digas eso que aquí hay muchos dispuestos a pagar 80M,True,ShadowMonarch23,2054818301096718756,False,1,0,es,2054834873555177667,0,https://x.com/ScarFace2824/status/2054834873555177667,reply-archive,
2054834727807242403,2026-05-14 08:02:30+00:00,@BarcelonaValor @ShadowMonarch23 Diomande tiene 19 años...,True,BarcelonaValor,2054827303197135325,False,1,0,es,2054834727807242403,0,https://x.com/ScarFace2824/status/2054834727807242403,reply-archive,
2054686865211490582,2026-05-13 22:14:57+00:00,"@Mart1Aarn Totalmente, se sabe porque Jofre no convence a Flick? Me preocupa confiar en Cancelo para una temporada entera y para Cucurella habria que esperar a que se acerque el fin de su contrato en el 28.
En el LD Lamine necesita uno ofensivo y que Espart y Fort compitan por el suplente.",True,Mart1Aarn,2054684462059778343,False,0,0,es,2054686865211490582,0,https://x.com/ScarFace2824/status/2054686865211490582,reply-archive,
2054683533499662397,2026-05-13 22:01:43+00:00,"@Mart1Aarn Hahaha bueno porque él ha priorizado dar minutos a los que han tenido pocos, pero por aquí se decía que iban a jugar mejor los suplentes que los titulares por no se qué resaca y que porque no estarían pensando en el mundial",True,Mart1Aarn,2054682928836120645,False,0,0,es,2054683533499662397,0,https://x.com/ScarFace2824/status/2054683533499662397,reply-archive,
2054682906195292263,2026-05-13 21:59:13+00:00,@Blayasensat Falta Diomande para jugar con Lamine pero sobretodo sin él. https://t.co/j8n4XJRCzL,True,Blayasensat,2054675489667584417,False,0,0,es,2054682906195292263,1,https://x.com/ScarFace2824/status/2054682906195292263,reply-archive,
2054682665329033443,2026-05-13 21:58:16+00:00,@Mart1Aarn Solo cambio a Senesi por Bastoni y Joao Pedro por Asllani,True,Mart1Aarn,2054676241945387493,False,0,0,es,2054682665329033443,0,https://x.com/ScarFace2824/status/2054682665329033443,reply-archive,
2054682327637229657,2026-05-13 21:56:55+00:00,@Mart1Aarn Por jugar con suplentes como pediais,True,Mart1Aarn,2054672683929944359,False,1,0,es,2054682327637229657,0,https://x.com/ScarFace2824/status/2054682327637229657,reply-archive,
2054637837081883042,2026-05-13 19:00:08+00:00,@Padremany1 Ojalá,True,Padremany1,2054630146334695555,False,0,0,es,2054637837081883042,0,https://x.com/ScarFace2824/status/2054637837081883042,reply-archive,
2054633580655976802,2026-05-13 18:43:13+00:00,"@ShadowMonarch23 @nedirrmhh7 Ojalá, aunque yo le daria los minutos de Roony a Toni. Hay que ver si se acaban yendo tanto Lewy como Ferran y si viene 1 o 2 nueves.",True,ShadowMonarch23,2054630630441336888,False,0,0,es,2054633580655976802,0,https://x.com/ScarFace2824/status/2054633580655976802,reply-archive,
2054590241827160265,2026-05-13 15:51:00+00:00,"@Mart1Aarn A ver pero que tampoco ha jugado la liga en el Osasuna, que está en un equipo finalista de copa y semis de champions( ya sabemos de que manera) pero no está en un Hoffenheim como Asllani.",True,Mart1Aarn,2054589578674090255,False,0,0,es,2054590241827160265,0,https://x.com/ScarFace2824/status/2054590241827160265,reply-archive,
2054577372955844690,2026-05-13 14:59:52+00:00,@elitelliZN Díficil Joao Pedro por ese precio no? Woltemade si puede forzar por menos de 60?,True,elitelliZN,2054571904749469940,False,0,0,es,2054577372955844690,0,https://x.com/ScarFace2824/status/2054577372955844690,reply-archive,
2054566554587542004,2026-05-13 14:16:53+00:00,"@BarcelonaValor @FCBarcelona Si no se puede Diomande, Woltemade debe ser el plan a seguir https://t.co/CJW8T4ShO6",True,BarcelonaValor,2054554062629007830,False,2,0,es,2054566554587542004,1,https://x.com/ScarFace2824/status/2054566554587542004,reply-archive,
2054562058482467015,2026-05-13 13:59:01+00:00,@RadioFCB La liga de los 100 puntos de Flick pasará a la historia que el Español descienda es una más,True,RadioFCB,2054543040400773343,False,171,0,es,2054562058482467015,0,https://x.com/ScarFace2824/status/2054562058482467015,reply-archive,
2054561512497275317,2026-05-13 13:56:51+00:00,@Padremany1 Ojalá https://t.co/5A73M3GRmP,True,Padremany1,2054351855287746889,False,1,0,es,2054561512497275317,1,https://x.com/ScarFace2824/status/2054561512497275317,reply-archive,
2054560928251666665,2026-05-13 13:54:31+00:00,@Mart1Aarn No se si hacer caso a un madridista,True,Mart1Aarn,2054559871740109104,False,0,0,es,2054560928251666665,0,https://x.com/ScarFace2824/status/2054560928251666665,reply-archive,
2054554440170893456,2026-05-13 13:28:44+00:00,"@LaNuevaEraFCB_ Pero si se queda raphinha deberiamos tener un perfil distinto uno que genere el mismo las ocasiones, se asocie, se lleve marcas de Lamine y que tenga desborde para cuando no esté Lamine haya 1 que se vaya de alguien.",True,LaNuevaEraFCB_,2054532112779534463,False,5,0,es,2054554440170893456,0,https://x.com/ScarFace2824/status/2054554440170893456,reply-archive,
2054528896456913314,2026-05-13 11:47:14+00:00,"@walchavito Lo primero que dijo Flick es que no ficharan MCs porque ya tenía a Casadó y Bernal. En que momento es mal entrenador para la Masía, lo que hace es diferenciar entre jugadores de primer equipo y jugadores de Barça Atletic que hasta hace nada estaban compitiendo y necesitados.",True,walchavito,2054515806004728128,False,6,0,es,2054528896456913314,0,https://x.com/ScarFace2824/status/2054528896456913314,reply-archive,
2054523898461290740,2026-05-13 11:27:23+00:00,https://t.co/iUUsFVErFC,True,ScarFace2824,2054523890592866545,False,0,0,zxx,2054523827355365585,2,https://x.com/ScarFace2824/status/2054523898461290740,reply-archive,
2054523890592866545,2026-05-13 11:27:21+00:00,https://t.co/gONKzWZN5X,True,ScarFace2824,2054523883311530019,False,0,0,zxx,2054523827355365585,1,https://x.com/ScarFace2824/status/2054523890592866545,reply-archive,
2054523883311530019,2026-05-13 11:27:19+00:00,https://t.co/NMMDJGYkpR,True,ScarFace2824,2054523876382564410,False,0,0,zxx,2054523827355365585,1,https://x.com/ScarFace2824/status/2054523883311530019,reply-archive,
2054523876382564410,2026-05-13 11:27:17+00:00,https://t.co/4yfblu0hun,True,ScarFace2824,2054523868497207333,False,0,0,zxx,2054523827355365585,2,https://x.com/ScarFace2824/status/2054523876382564410,reply-archive,
2054523868497207333,2026-05-13 11:27:16+00:00,https://t.co/n1Yy9Kzw8U,True,ScarFace2824,2054523862566469863,False,0,0,zxx,2054523827355365585,1,https://x.com/ScarFace2824/status/2054523868497207333,reply-archive,
2054523862566469863,2026-05-13 11:27:14+00:00,https://t.co/QOnAavsvHL,True,ScarFace2824,2054523855885029795,False,0,0,zxx,2054523827355365585,1,https://x.com/ScarFace2824/status/2054523862566469863,reply-archive,
2054523855885029795,2026-05-13 11:27:13+00:00,https://t.co/pLmy8gawrr,True,ScarFace2824,2054523849421521349,False,0,0,zxx,2054523827355365585,1,https://x.com/ScarFace2824/status/2054523855885029795,reply-archive,
2054523849421521349,2026-05-13 11:27:11+00:00,https://t.co/2ceGwdPbtQ,True,ScarFace2824,2054523843486662919,False,0,0,zxx,2054523827355365585,1,https://x.com/ScarFace2824/status/2054523849421521349,reply-archive,
2054523843486662919,2026-05-13 11:27:10+00:00,https://t.co/7c8RACaclh,True,ScarFace2824,2054523837228707918,False,0,0,zxx,2054523827355365585,1,https://x.com/ScarFace2824/status/2054523843486662919,reply-archive,
2054523837228707918,2026-05-13 11:27:08+00:00,https://t.co/5nCBfWYv83,True,ScarFace2824,2054523830102585644,False,0,0,zxx,2054523827355365585,1,https://x.com/ScarFace2824/status/2054523837228707918,reply-archive,
2054523830102585644,2026-05-13 11:27:06+00:00,"1. Aprovechas situaciones como la del Tottenham y Woltemade en el Newcastle.

Van de Ven

40M

Woltemade

55M

Schjelderup

23M

Ratiu/Dumfries

25M

Cancelo

0M

Rashford cedido

0M",True,ScarFace2824,2054523827355365585,False,0,0,ca,2054523827355365585,0,https://x.com/ScarFace2824/status/2054523830102585644,reply-archive,
2054523827355365585,2026-05-13 11:27:06+00:00,"Alternativas al mercado ideal:
Bastoni + Diomande + Asllani + Palestra https://t.co/A68INMRbYz",False,,,False,0,0,it,2054523827355365585,1,https://x.com/ScarFace2824/status/2054523827355365585,standalone-archive,
2054515684223201716,2026-05-13 10:54:44+00:00,"RT @ScarFace2824: Planificación si NO se va Raphinha:

No haría un mercado por ansiedad. Iría a por estructura + techo:

- Bastoni
- Palest…",False,,,True,0,0,es,2054515684223201716,0,https://x.com/ScarFace2824/status/2054515684223201716,retweet-archive,
2054270792007913492,2026-05-12 18:41:37+00:00,"@RenRecopilador @Mart1Aarn Claro, Tek no irá sin resaca.",True,RenRecopilador,2054270451686183119,False,0,0,es,2054270792007913492,0,https://x.com/ScarFace2824/status/2054270792007913492,reply-archive,
2054267511944720864,2026-05-12 18:28:35+00:00,"@Mart1Aarn En el futuro nos acordaremos más de los 100 puntos que de los minutos que pueda jugar Tek, Roony o Espart.",True,Mart1Aarn,2054266819582546136,False,0,0,es,2054267511944720864,0,https://x.com/ScarFace2824/status/2054267511944720864,reply-archive,
2054212501311484226,2026-05-12 14:50:00+00:00,"@Tommy24Dq @dembelismo99_ Si, y deberíamos haber aprendido pero si fuera por los socios no se hubieran ido ninguno de los dos. Es como la situación de Xabi Alonso, Florentino no apoyó al entrenador, Rosell forzó a Pep para que se fuera y Bartomeu le dió el poder a los jugadores y no a Luis Enrique.",True,Tommy24Dq,2054210845064704111,False,0,0,es,2054212501311484226,0,https://x.com/ScarFace2824/status/2054212501311484226,reply-archive,
2054205582962311205,2026-05-12 14:22:30+00:00,@Mart1Aarn Yo los veo teniendo minutos aquí. Toni debe ser el nuevo Roony tras su venta. Y Xavi Espart el suplente de LD.,True,Mart1Aarn,2054205160205729856,False,0,0,es,2054205582962311205,0,https://x.com/ScarFace2824/status/2054205582962311205,reply-archive,
2054181466645409979,2026-05-12 12:46:41+00:00,"@Tommy24Dq @dembelismo99_ También se voto a Hitler, vaya argumento de mierda.",True,Tommy24Dq,2054179809396142122,False,0,0,es,2054181466645409979,0,https://x.com/ScarFace2824/status/2054181466645409979,reply-archive,
2054176699797922264,2026-05-12 12:27:44+00:00,"@dembelismo99_ Vaya ignorantes, ambos se fueron por la directiva Barto-Rosellista. Las culpas a ellos y ninguna mala palabra para nuestras leyendas.",True,dembelismo99_,2054163654413590838,False,2,0,es,2054176699797922264,0,https://x.com/ScarFace2824/status/2054176699797922264,reply-archive,
2053852060089520450,2026-05-11 14:57:44+00:00,"@SrAlexGomez Ilja vs gunther historia para Wrestlemania. 
Oba Femi gana el titulo vs Roman en Summerslam. Y Roman vs Seth en Wrestlemania.
Logan Paul mitb. 
Mjf en 2027 destrona de forma tramposa a Oba. 
Y me queda Punk o un ""underdog"" (Penta) que gane contra pronostico la chamber o Rumble.",True,ScarFace2824,2053848894400819499,False,0,0,es,2053848894400819499,0,https://x.com/ScarFace2824/status/2053852060089520450,reply-archive,
2053848894400819499,2026-05-11 14:45:09+00:00,"@SrAlexGomez Buena historia entre cody y randy, con un randy ido de la olla que acabe contagiando a cody. Ese cody heel destruyendo la division midcard de Ilja, carmelo etc y acabando con el título de los estados unidos. Si volviera Lesnar, retiro en summerslam vs Gunther.",True,SrAlexGomez,2053845457181270425,False,0,0,es,2053848894400819499,0,https://x.com/ScarFace2824/status/2053848894400819499,reply-archive,
2053847942214164602,2026-05-11 14:41:22+00:00,@Mart1Aarn Como jugarán? 4231? Cuadran números? Vuskovic para ser suplente de Cubarsí? Eric toda la temporada de lateral? De arriba quienes son los suplentes? Y del medio?,True,Mart1Aarn,2053843389699719379,False,1,0,es,2053847942214164602,0,https://x.com/ScarFace2824/status/2053847942214164602,reply-archive,
2053549488430567829,2026-05-10 18:55:25+00:00,"@Mart1Aarn Asllani + Joao + Bastoni + Palestra

Y convences a Diomande para que te espere un año",True,Mart1Aarn,2053495182075551993,False,0,0,es,2053549488430567829,0,https://x.com/ScarFace2824/status/2053549488430567829,reply-archive,
2053501289653215592,2026-05-10 15:43:54+00:00,@BlxckNews 100 Diomande + 30 Asllani + 60 Bastoni,True,BlxckNews,2053488779072053755,False,0,0,it,2053501289653215592,0,https://x.com/ScarFace2824/status/2053501289653215592,reply-archive,
2053462438977155118,2026-05-10 13:09:31+00:00,"@ShadowMonarch23 El Barça tendría que estar ya trabajando en convencerle de quedarse y esperar a que el club pueda ir a por él el año que viene, con el central y 9 ya resueltos.",True,ShadowMonarch23,2053456292061016421,False,0,0,es,2053462438977155118,0,https://x.com/ScarFace2824/status/2053462438977155118,reply-archive,
2053456493043716583,2026-05-10 12:45:53+00:00,@Mart1Aarn Pero aquí pedimos a Barcola...,True,Mart1Aarn,2053408150338822450,False,0,0,es,2053456493043716583,0,https://x.com/ScarFace2824/status/2053456493043716583,reply-archive,
2053240219764203648,2026-05-09 22:26:30+00:00,"@Padremany1 Porque algunos culers entendemos la importancia de los centrales del Barça en la construcción del juego y como afecta eso a los delanteros. Y Bastoni te eleva a nivel elite, no hay nadie mejor en eso.",True,Padremany1,2053117596837253243,False,0,1,es,2053240219764203648,0,https://x.com/ScarFace2824/status/2053240219764203648,reply-archive,
2053046550654280152,2026-05-09 09:36:56+00:00,@Araujismooo Ponemos videos de Leao?,True,Araujismooo,2053039368483271080,False,0,0,es,2053046550654280152,0,https://x.com/ScarFace2824/status/2053046550654280152,reply-archive,
2052955056715034977,2026-05-09 03:33:22+00:00,@BlxckNews A ver que hablais como si fuera a costar 40,True,BlxckNews,2052880020889063614,False,0,0,es,2052955056715034977,0,https://x.com/ScarFace2824/status/2052955056715034977,reply-archive,
2052841275569602686,2026-05-08 20:01:14+00:00,@Mart1Aarn Crees que decimos que Vuskovic es malo cuando lo que decimos es que al Barça le viene mejor Bastoni o Van de Ven,True,Mart1Aarn,2052790605340709093,False,0,0,es,2052841275569602686,0,https://x.com/ScarFace2824/status/2052841275569602686,reply-archive,
2052802227660599536,2026-05-08 17:26:04+00:00,@AlvaroP80079472 Tampoco hay que esperar que todos sean como Lamine o Cubarsí.,True,AlvaroP80079472,2052792175507706321,False,0,0,es,2052802227660599536,0,https://x.com/ScarFace2824/status/2052802227660599536,reply-archive,
2052764614811603414,2026-05-08 14:56:37+00:00,"@LaNuevaEraFCB_ Luis Enrique lo tiene de suplente y quiere dejarse 100M más de los 70 que ya se gastó en su posición el año pasado, en Diomande. Pero nosotros queremos al que él no quiere. Será que sabe poco de fútbol.",True,LaNuevaEraFCB_,2052750375560896635,False,6,1,es,2052764614811603414,0,https://x.com/ScarFace2824/status/2052764614811603414,reply-archive,
2052764177299546115,2026-05-08 14:54:53+00:00,"@Mart1Aarn Ya me dirás tú cuando el Barça de Flick defiende su área, cuando todos los ataques rivales son en transición.",True,Mart1Aarn,2052741872863285546,False,0,0,es,2052764177299546115,0,https://x.com/ScarFace2824/status/2052764177299546115,reply-archive,
2052753965096341650,2026-05-08 14:14:18+00:00,"@AlvaroP80079472 Justo, me refería a eso. Sabemos que Ebrima tiene el techo muy alto pero no se si llegará antes al primer equipo que los mencionados sin pasar antes por el atletic.",True,AlvaroP80079472,2052734268598517937,False,0,0,es,2052753965096341650,0,https://x.com/ScarFace2824/status/2052753965096341650,reply-archive,
2052753404196188284,2026-05-08 14:12:04+00:00,"@gxldeadam Confío mucho en el criterio de Luis Enrique y si él no lo veía como titular, ya se dejó 70M y ahora se quiere volver a gastar otros 100 en su posición con Diomande, será por algo. Ya sea que es flojo tácticamente, mala toma de decisiones o no presiona, todo eso le hará falta aquí",True,gxldeadam,2052746952064852279,False,2,0,es,2052753404196188284,0,https://x.com/ScarFace2824/status/2052753404196188284,reply-archive,
2052715679669764128,2026-05-08 11:42:10+00:00,"@gxldeadam Diomande 

Gordon

Leao
Barcola",True,gxldeadam,2052706214732001558,False,6,0,es,2052715679669764128,0,https://x.com/ScarFace2824/status/2052715679669764128,reply-archive,
2052702199810056461,2026-05-08 10:48:36+00:00,@BouafifNour Diomande,True,BouafifNour,2052692988154073590,False,0,0,es,2052702199810056461,0,https://x.com/ScarFace2824/status/2052702199810056461,reply-archive,
2052701903373349359,2026-05-08 10:47:25+00:00,@BlxckNews 3/10,True,BlxckNews,2052697075498758419,False,0,0,und,2052701903373349359,0,https://x.com/ScarFace2824/status/2052701903373349359,reply-archive,
2052689056664875284,2026-05-08 09:56:22+00:00,@Francis81841786 @Mart1Aarn Wow vaya argumento. Y encima no jugó Iñigo en ese partido 🤣🤣,True,Francis81841786,2052686930534408500,False,1,0,es,2052689056664875284,0,https://x.com/ScarFace2824/status/2052689056664875284,reply-archive,
2052682448866041950,2026-05-08 09:30:07+00:00,"@Mart1Aarn El fútbol evoluciona y sobretodo tácticamente, los equipos de hoy en día no te presionan y te defienden igual, que rápido nos olvidamos de Iñigo Martínez y como ha cambiado el equipo cuando Gerard Martín ha empezado a jugar en el central izquierdo en lugar de Cubarsí.",True,Mart1Aarn,2052679613696954378,False,2,0,es,2052682448866041950,0,https://x.com/ScarFace2824/status/2052682448866041950,reply-archive,
2052677122930422093,2026-05-08 09:08:57+00:00,"@Mart1Aarn @Blayasensat @ryghtanPlus Vale, es el mejor central del mundo. No falla en nada. Hay que traerle aunque no sea zurdo y Flick prefiera pasar un lateral a central porque es zurdo antes de poner a Eric.",True,Mart1Aarn,2052675366037192839,False,1,0,es,2052677122930422093,0,https://x.com/ScarFace2824/status/2052677122930422093,reply-archive,
2052670514204659822,2026-05-08 08:42:42+00:00,"@Mart1Aarn Lo de Barcola es cagada histórica. 
No solo por su agente que ya debería ser prohibitivo. Sino que encima le pagas 80M al PSG por su suplente para que les salga por 20 el fichaje del bueno, Diomande. Hay que hacer más caso a los que saben, Luis Enrique.",True,Mart1Aarn,2052667972041191474,False,0,0,es,2052670514204659822,0,https://x.com/ScarFace2824/status/2052670514204659822,reply-archive,
2052669766507127232,2026-05-08 08:39:43+00:00,"@Mart1Aarn @Blayasensat @ryghtanPlus Vuskovic brilla en acciones de bloque bajo, y su velocidad es un riesgo para jugar con la línea en el medio del campo. Si tu prioridad es potenciar el ataque la opción es Bastoni que es ZURDO y ya está curtido en defender más alto que incluso el Barça.",True,Mart1Aarn,2052665624933929100,False,1,0,es,2052669766507127232,0,https://x.com/ScarFace2824/status/2052669766507127232,reply-archive,
2052669012509597871,2026-05-08 08:36:43+00:00,@BlxckNews https://t.co/ifqPNwiapT,True,BlxckNews,2052664643630350549,False,1,0,qme,2052669012509597871,1,https://x.com/ScarFace2824/status/2052669012509597871,reply-archive,
2052649677359620440,2026-05-08 07:19:54+00:00,@ShadowMonarch23 Tanto cuesta entender la importancia del central zurdo cuando Flick ha invertido toda la temporada en Gerard Martin teniendo ya a Eric?,True,ShadowMonarch23,2052640879697944807,False,1,0,es,2052649677359620440,0,https://x.com/ScarFace2824/status/2052649677359620440,reply-archive,
2052511922738561497,2026-05-07 22:12:30+00:00,"@Tabit544 @geminithestrika Entonces entiendo que el conocimiento de futbol del mejor entrenador del mundo es bajo? Es él el que no usa como titular a Barcola, es él el que ya se gastó 70M en un jugador de su posición y el que ahora se quiere gastar otros 100, por un jugador peor según tú.",True,Tabit544,2052509966343250160,False,0,0,es,2052511922738561497,0,https://x.com/ScarFace2824/status/2052511922738561497,reply-archive,
2052493101449527392,2026-05-07 20:57:43+00:00,@_Futbolero_ Espero q sea humo,True,_Futbolero_,2052488846600733051,False,0,0,es,2052493101449527392,0,https://x.com/ScarFace2824/status/2052493101449527392,reply-archive,
2052487493161721918,2026-05-07 20:35:26+00:00,"@IsmaelCanellas Crec que em fio més del millor entrenador del món, i ell té a Barcola de suplent i per l'laltra pagaria 100 milions jugant a la mateixa posició que el primer.",True,IsmaelCanellas,2052478889314631971,False,2,0,ca,2052487493161721918,0,https://x.com/ScarFace2824/status/2052487493161721918,reply-archive,
2052486724161245502,2026-05-07 20:32:23+00:00,"@BlxckNews Con lo de Luis Diaz había que hacerle caso a Deco, ahora no.",True,BlxckNews,2052474752028045721,False,0,0,es,2052486724161245502,0,https://x.com/ScarFace2824/status/2052486724161245502,reply-archive,
2052486315682243039,2026-05-07 20:30:45+00:00,@dembelismo99_ 0€,True,dembelismo99_,2052473176290906465,False,0,0,und,2052486315682243039,0,https://x.com/ScarFace2824/status/2052486315682243039,reply-archive,
2052481467343601704,2026-05-07 20:11:29+00:00,@geminithestrika 100 for Diomande or 20 for Schjelderup,True,geminithestrika,2052478644681879719,False,0,0,no,2052481467343601704,0,https://x.com/ScarFace2824/status/2052481467343601704,reply-archive,
2052476413047959784,2026-05-07 19:51:24+00:00,@geminithestrika Es mejor si quieres pagar 80M por un suplente para financiar al PSG el fichaje de Diomande,True,geminithestrika,2052475345308090403,False,1,0,es,2052476413047959784,0,https://x.com/ScarFace2824/status/2052476413047959784,reply-archive,
2052470784778531306,2026-05-07 19:29:02+00:00,@Mart1Aarn Cagada,True,Mart1Aarn,2052468449712984414,False,0,0,es,2052470784778531306,0,https://x.com/ScarFace2824/status/2052470784778531306,reply-archive,
2052468242828996867,2026-05-07 19:18:56+00:00,@Mart1Aarn Como me va a joder pagar 80M por un suplente para financiarle al PSG el fichaje de Diomande.,True,Mart1Aarn,2052461961615446423,False,0,0,es,2052468242828996867,0,https://x.com/ScarFace2824/status/2052468242828996867,reply-archive,
2052467413929587158,2026-05-07 19:15:39+00:00,"@BarcelonaValor Si joder si, darle 80 al PSG para que les salga por 20M el fichaje de Diomande. Maravillosa jugada.",True,BarcelonaValor,2052454965445112131,False,1,0,es,2052467413929587158,0,https://x.com/ScarFace2824/status/2052467413929587158,reply-archive,
2091873027503886676,2026-08-24 12:59:29+00:00,"@Torren__ Ningún problema, a ver quien se quema antes con el incendio que teneis montado. Nosotros a lo nuestro.",True,Torren__,2091863109941997817,False,1,0,es,2091873027503886676,0,https://x.com/ScarFace2824/status/2091873027503886676,reply-archive,
2091866443352523172,2026-08-24 12:33:19+00:00,"@BARCATHEKING77 @Deco20oficial Justo, dejemos que se devalue con todo este incendio. Al final te traes a Tresoldi + Julian por 130M
Vendes a Balde para quitarles a Salinas
Vendes a Kounde y con lo que saques clausulas a Pubill
Si querían rivalidad artificial vamos a darles razones",True,BARCATHEKING77,2091588028330283023,False,0,0,es,2091866443352523172,0,https://x.com/ScarFace2824/status/2091866443352523172,reply-archive,
2091863595378196869,2026-08-24 12:22:00+00:00,"@TheMavericK_YT Julián no acepta Arsenal porque su familia no puede ir con él a Inglaterra. 
Ojalá el club contemple la opción de traer ahora a Tresoldi y dejar que Julián se devalue para que llegue por 80M en invierno para ser nuestro Kvara",True,TheMavericK_YT,2091854774459080915,False,2,0,es,2091863595378196869,0,https://x.com/ScarFace2824/status/2091863595378196869,reply-archive,
2091857769271799904,2026-08-24 11:58:51+00:00,@Roubsss_ @BlxckNews Hamza debe ser el delantero que los entrenadores veían en Piqué o Araújo. Un perfil muy específico para momentos específicos.,True,Roubsss_,2091856301278072863,False,0,0,es,2091857769271799904,0,https://x.com/ScarFace2824/status/2091857769271799904,reply-archive,
2091857490090549427,2026-08-24 11:57:45+00:00,"@abreu_de97904 La jugada maestra es dejar que se devalue. Fichas ahora a Tresoldi y en enero tienes a los dos por 130M.
Vendiendo a Balde y Kounde le sacas a Salinas ahora y despues de cerrar a Julián, con lo que sacas por Koundé, clausulazo a Pubill. Si querían rivalidad les damos rivalidad.",True,abreu_de97904,2091856380395192760,False,1,0,es,2091857490090549427,0,https://x.com/ScarFace2824/status/2091857490090549427,reply-archive,
2091855874281087044,2026-08-24 11:51:19+00:00,"@Pizzi_Macanudo Soy director deportivo del Barça y dejo que se devalue Julián hasta enero. Ahora me traigo Tresoldi. Vendes Balde y Kounde. Fichas a Lukeba + Salinas. En invierno con este clima sacas al argentino por 80M y con lo que has sacado por Kounde -&gt; CLAUSULAZO a Pubill
Esto es rivalidad https://t.co/S26SZtiWcJ",True,Pizzi_Macanudo,2091845494158843923,False,4,1,es,2091855874281087044,2,https://x.com/ScarFace2824/status/2091855874281087044,reply-archive,
2091854931284099541,2026-08-24 11:47:35+00:00,"Si los atleticos quieren generar de la nada una rivalidad artificial, vamos a darles razones. https://t.co/SlkTqx3n2H",False,,,False,0,0,es,2091854931284099541,0,https://x.com/ScarFace2824/status/2091854931284099541,standalone-archive,
2091854765059670485,2026-08-24 11:46:55+00:00,"RT @ScarFace2824: @Deco20oficial INVIERNO: 
El clima con Julián sigue deteriorándose, esperaría a que el Atleti pierda fuerza y te suplicar…",False,,,True,0,0,es,2091854765059670485,0,https://x.com/ScarFace2824/status/2091854765059670485,retweet-archive,
2091846261548703855,2026-08-24 11:13:08+00:00,"@alva_ptz @BlastoporFCB Si es así, que se lo queden. Ellos sabrán que hacen con ese ambiente cada partido, a ver como les va.",True,alva_ptz,2091845143951261941,False,0,0,es,2091846261548703855,0,https://x.com/ScarFace2824/status/2091846261548703855,reply-archive,
2091843244258660680,2026-08-24 11:01:08+00:00,@ShadowMonarch23 Seria un error. Quien debe tener alguna oportunidad son ellos de no tener cada partido ese clima hostil. Tienen que pedir ellos ayuda para apagarles el fuego. Llega el momento de que la oferta caduque y sacarlo en invierno como un Joao Felix 2.0. Que llegue como Kvara al PSG.,True,ShadowMonarch23,2091842284488642984,False,1,0,es,2091843244258660680,0,https://x.com/ScarFace2824/status/2091843244258660680,reply-archive,
2091842676890997199,2026-08-24 10:58:53+00:00,@alva_ptz @BlastoporFCB Creo que no has visto el partido de ayer. No hay club que sea capaz de aguantar este incendio. Les hariamos un favor pagandoles 80M.,True,alva_ptz,2091840842407252207,False,2,0,es,2091842676890997199,0,https://x.com/ScarFace2824/status/2091842676890997199,reply-archive,
2091840791459049723,2026-08-24 10:51:23+00:00,"@10JoseAlvarez Que no vengan, con este clima en invierno nos pedirán el favor de que se lo fichemos por 80M",True,10JoseAlvarez,2091836362764746859,False,0,0,es,2091840791459049723,0,https://x.com/ScarFace2824/status/2091840791459049723,reply-archive,
2091831251900485917,2026-08-24 10:13:29+00:00,@Somhiseremfcb No puede ir a Inglaterra por temas familiares,True,Somhiseremfcb,2091830986950533330,False,5,1,es,2091831251900485917,0,https://x.com/ScarFace2824/status/2091831251900485917,reply-archive,
2091831096140824632,2026-08-24 10:12:52+00:00,"@Deco20oficial INVIERNO: 
El clima con Julián sigue deteriorándose, esperaría a que el Atleti pierda fuerza y te suplicará por 80-90M. 
Así, los 130M previstos = Tresoldi + Julián.
 Y con la venta de Koundé -&gt; CLAUSULAZO a Pubill. 
Aunque el club puede no ser capaz, por no poder pagar a plazos. https://t.co/8zH0zXO7VV",True,ScarFace2824,2091831085403345231,False,1,1,es,2091831085403345231,1,https://x.com/ScarFace2824/status/2091831096140824632,reply-archive,
2091831085403345231,2026-08-24 10:12:49+00:00,"Si yo fuera @Deco20oficial
VERANO: 

Vendes a Casadó, Fort, Balde y Koundé.
Cierras ya a Salinas, Lukeba y Tresoldi.
Dejaría de sobrepagar por Julián y aprovecharía para rejuvenecer defensa y 9 sin hipotecar todo el presupuesto en una sola operación.
Dejas que se devalue Julián. https://t.co/oc3FcKggZ1",False,,,False,1,0,es,2091831085403345231,1,https://x.com/ScarFace2824/status/2091831085403345231,standalone-archive,
2091824587872809314,2026-08-24 09:47:00+00:00,@BlastoporFCB Cagada. No es momento de subir la oferta sino de bajarla. Están desesperados. Con este clima en invierno suplicarán sacarlo por 80M,True,BlastoporFCB,2091817977125437565,False,60,0,es,2091824587872809314,0,https://x.com/ScarFace2824/status/2091824587872809314,reply-archive,
2091820760645963883,2026-08-24 09:31:48+00:00,@GallineroBlau Mis conclusiones de la J1 https://t.co/Fkaey4C609,True,GallineroBlau,2091642906398294402,False,0,0,es,2091820760645963883,2,https://x.com/ScarFace2824/status/2091820760645963883,reply-archive,
2091820164987642026,2026-08-24 09:29:26+00:00,"@ShadowMonarch23 Error. Es el momento de que caduque la oferta, como dijo Laporta. Con este incendio les haríamos un favor ofreciendo 80M. Hay que dejar que se siga devaluando. De mientras, cierras a Salinas y te traes a Tresoldi.",True,ShadowMonarch23,2091819511359889596,False,0,0,es,2091820164987642026,0,https://x.com/ScarFace2824/status/2091820164987642026,reply-archive,
2091817338974703852,2026-08-24 09:18:12+00:00,"@BlxckNews Traes a Tresoldi ahora y esperas a invierno para que se devalue Julián, con este clima en enero les hacemos un favor si les damos 50M.",True,BlxckNews,2091809883880411290,False,37,0,es,2091817338974703852,0,https://x.com/ScarFace2824/status/2091817338974703852,reply-archive,
2091814349652238736,2026-08-24 09:06:19+00:00,"@Supra_25 No es malo, solo es del Madrid.",True,Supra_25,2091648791170490757,False,0,0,es,2091814349652238736,0,https://x.com/ScarFace2824/status/2091814349652238736,reply-archive,
2052467236493742575,2026-05-07 19:14:56+00:00,@ShadowMonarch23 Y se lo vamos a financiar nosotros por ir antes a por Barcola que a por el bueno. Felicidades,True,ShadowMonarch23,2052461453425164791,False,0,0,es,2052467236493742575,0,https://x.com/ScarFace2824/status/2052467236493742575,reply-archive,
2052460769715867920,2026-05-07 18:49:15+00:00,@Mart1Aarn No fotem,True,Mart1Aarn,2052459747320693090,False,0,0,pt,2052460769715867920,0,https://x.com/ScarFace2824/status/2052460769715867920,reply-archive,
2052447103062831217,2026-05-07 17:54:56+00:00,"@ShadowMonarch23 Ostia, ahora entiendo muchas cosas.",True,ShadowMonarch23,2052426813008134528,False,0,0,es,2052447103062831217,0,https://x.com/ScarFace2824/status/2052447103062831217,reply-archive,
2052446820249239950,2026-05-07 17:53:49+00:00,@AdriRM33 Sabiendo como son a ver quien los quiere en su vestuario.,True,AdriRM33,2052409908704727113,False,0,0,es,2052446820249239950,0,https://x.com/ScarFace2824/status/2052446820249239950,reply-archive,
2052446633338507403,2026-05-07 17:53:04+00:00,@josekun10 Pero si en 180 minutos solo habeis sido capaces de marcar de penalti,True,josekun10,2052372251211616621,False,0,0,es,2052446633338507403,0,https://x.com/ScarFace2824/status/2052446633338507403,reply-archive,
2052445166376497489,2026-05-07 17:47:14+00:00,@ShadowMonarch23 Si no hubiera renovado era muy buena opción. Ahora hay que planificar la llegada de Musiala que se sabe que su sueño es jugar aquí y acaba contrato en 2030.,True,ShadowMonarch23,2052322091639119947,False,0,0,es,2052445166376497489,0,https://x.com/ScarFace2824/status/2052445166376497489,reply-archive,
2052444863455506701,2026-05-07 17:46:02+00:00,"@ShadowMonarch23 Senesi ha dicho que se quiere quedar en Inglaterra. Bastoni te cambia el juego no solo la defensa, te das cuenta al ver sus partidos. Con esos argumentos te digo que Kane queda libre en 2027.
Bastoni estamos de acuerdo en que es el mejor para el Barça pero en el 9 no hay 1 claro.",True,ShadowMonarch23,2052327899567358270,False,0,0,es,2052444863455506701,0,https://x.com/ScarFace2824/status/2052444863455506701,reply-archive,
2052443488591958115,2026-05-07 17:40:34+00:00,"@ShadowMonarch23 Barcola no es apuesta cuando Luis Enrique no lo ve de titular? Hay que hacer caso a los que saben y nadie sabe más.
Gordon es perfil Raphinha y lo que hace falta es un Lamine por izquierda para quitarle marcas, ya tienes a Raphinha, Fermín, incluso Rashford tiene mejores numeros.",True,ShadowMonarch23,2052327405335761406,False,0,0,es,2052443488591958115,0,https://x.com/ScarFace2824/status/2052443488591958115,reply-archive,
2052431578094080293,2026-05-07 16:53:15+00:00,"@Blayasensat Vuelta al 433? Rashford por la derecha? Del Madrid ni idea porque no soy capaz de tragarme 2h de esta gente que no juega a nada desde hace años, es infumable.",True,Blayasensat,2052430779574026624,False,1,0,es,2052431578094080293,0,https://x.com/ScarFace2824/status/2052431578094080293,reply-archive,
2052426688311492873,2026-05-07 16:33:49+00:00,@Mart1Aarn Hay un ansia de ganar YA la champions teniendo una plantilla donde la columna vertebral son niños de 19 años que no se entiende. Y eso nos va a llevar a desaprovechar oportunidades de construir un proyecto ganador a 15 años con el argumento de fichar jugadores experimentados.,True,Mart1Aarn,2052424901806473254,False,4,0,es,2052426688311492873,0,https://x.com/ScarFace2824/status/2052426688311492873,reply-archive,
2052380567019139303,2026-05-07 13:30:33+00:00,"@Xavii__02 @ShadowMonarch23 Pues igual que Joao Pedro, fichar a un jugador con las estadísticas de Diomande, que duplican las de Vinicius, que está en percentil 97 en presiones ganadas con los números que tiene como extremo y todo eso con 20 años te da el compañero perfecto para liberar de marcas a Lamine.",True,Xavii__02,2052375076243177896,False,0,0,es,2052380567019139303,0,https://x.com/ScarFace2824/status/2052380567019139303,reply-archive,
2052361768039526610,2026-05-07 12:15:51+00:00,"@Xavii__02 @ShadowMonarch23 Poner en riesgo un proyecto dejando escapar oportunidades como Diomande solo porque hay que traer jugadores experimentados por el ansia de ganar YA la champions cuando podemos construir un equipo ganador para 15 años y luego lo que viene de la Masia, es un error de cortoplazismo",True,Xavii__02,2052357656824676725,False,0,0,es,2052361768039526610,0,https://x.com/ScarFace2824/status/2052361768039526610,reply-archive,
2052360875600728498,2026-05-07 12:12:18+00:00,@Mart1Aarn Cagada,True,Mart1Aarn,2052357232747036885,False,1,0,es,2052360875600728498,0,https://x.com/ScarFace2824/status/2052360875600728498,reply-archive,
2052356943759483281,2026-05-07 11:56:40+00:00,@Xavii__02 @ShadowMonarch23 Lo único que les exijo a unos niños de 19 y a un entrenador al que le dan 400M menos que sus rivales es que me entretengan y que no me hagan perder 2h viendo mal fútbol. Que para eso me gusta el fútbol. Si no me iria a cualquier otro deporte y me haria del equipo que siempre gane,True,Xavii__02,2052330084820754522,False,0,0,es,2052356943759483281,0,https://x.com/ScarFace2824/status/2052356943759483281,reply-archive,
2052354726377709817,2026-05-07 11:47:52+00:00,"@Mart1Aarn Yo creo que como suplente es la mejor opción, es un perfil distinto a Raphinha, que te crea juego y no depender siempre de Lamine. Que es exactamente lo que ha hecho para que le acusen de eso?",True,Mart1Aarn,2052350585005887914,False,1,0,es,2052354726377709817,0,https://x.com/ScarFace2824/status/2052354726377709817,reply-archive,
2052342127342846251,2026-05-07 10:57:48+00:00,"@Statsatm Y nosotros 6 a ellos, vosotros no habeis podido marcar ninguno en toda la eliminatoria que no sea de penalti.",True,Statsatm,2052132524155969921,False,0,0,es,2052342127342846251,0,https://x.com/ScarFace2824/status/2052342127342846251,reply-archive,
2052339782659768657,2026-05-07 10:48:29+00:00,"@geminithestrika Flick merece estar aquí hasta que el decida ha sido el nuevo Ronaldinho, cuando quiera retirarse ya veremos si Luis Enrique quiere venir o sigue molesta por el trato que le dieron los periodistas y Bartomeu. En ese caso Eder Sarabia seria mi apuesta que es de la misma escuela.",True,geminithestrika,2052337082933137892,False,0,0,es,2052339782659768657,0,https://x.com/ScarFace2824/status/2052339782659768657,reply-archive,
2052325537058623888,2026-05-07 09:51:53+00:00,@geminithestrika Y tropezado? Glitch? Miles de trabajadores pasan sus días ojeando y entrenando a los mejores jugadores para que luego den sus frutos.,True,geminithestrika,2052016242765001021,False,0,0,es,2052325537058623888,0,https://x.com/ScarFace2824/status/2052325537058623888,reply-archive,
2052324727125889369,2026-05-07 09:48:39+00:00,"@Xavii__02 @ShadowMonarch23 Yo prefiero ser el equipo que mejor juegue al fútbol durante 15 años a ganar el año que viene la champions, si solo quieres resultado vete a Madrid que te sentirás en tu salsa.",True,Xavii__02,2052323619347337602,False,0,0,es,2052324727125889369,0,https://x.com/ScarFace2824/status/2052324727125889369,reply-archive,
2052324275856564717,2026-05-07 09:46:52+00:00,"@YihiRM Lo que se gastan unos vs lo que el madridista Tebas deja gastar a otros? 
Los arbitrajes de los de Al-Khelaifi y Qatar dueños de la competicion? 
Por suerte los culers solo vemos fútbol porque nos gusta y queremos entretenernos no vivimos por los resultados.",True,YihiRM,2052313219235008705,False,0,0,es,2052324275856564717,0,https://x.com/ScarFace2824/status/2052324275856564717,reply-archive,
2052318524522058032,2026-05-07 09:24:01+00:00,@geminithestrika Palestra? Younger and same price,True,geminithestrika,2051871122153451866,False,0,0,en,2052318524522058032,0,https://x.com/ScarFace2824/status/2052318524522058032,reply-archive,
2052314186575753604,2026-05-07 09:06:46+00:00,"@geminithestrika Con el tiempo donde ves a Ebrima? Box to box, extremo izquierdo (donde mejor nos vendría) o incluso de 9 (que ahí también ilusiona Gistau)?",True,geminithestrika,2051464236656722111,False,0,0,es,2052314186575753604,0,https://x.com/ScarFace2824/status/2052314186575753604,reply-archive,
2052312918121714106,2026-05-07 09:01:44+00:00,@geminithestrika La gente no lo ve. Solo quieren el gran nombre. Cuando el dinero tendría que ir a otros sitios.,True,geminithestrika,2052004535502053716,False,0,0,es,2052312918121714106,0,https://x.com/ScarFace2824/status/2052312918121714106,reply-archive,
2052311903137935795,2026-05-07 08:57:42+00:00,@ShadowMonarch23 Las ansias de querer ganar YA la champions con jugadores de 19 años. Cuando podríamos estar construyendo un proyecto ganador para los próximos 10/15 años,True,ShadowMonarch23,2052305640270311834,False,2,0,es,2052311903137935795,0,https://x.com/ScarFace2824/status/2052311903137935795,reply-archive,
2052310331146248665,2026-05-07 08:51:27+00:00,@geminithestrika Por fin alguien que piensa.,True,geminithestrika,2052006350943645745,False,0,0,es,2052310331146248665,0,https://x.com/ScarFace2824/status/2052310331146248665,reply-archive,
2052310040539754617,2026-05-07 08:50:18+00:00,@GoldeAngelito Pasar del 4 al primero de su liga en mis libros es una gran mejora. Como pasar del Lille al PSG o del Leverkusen al Bayern. Pero si es por más de 70 que se quede con vosotros.,True,GoldeAngelito,2051806689662320698,False,0,0,es,2052310040539754617,0,https://x.com/ScarFace2824/status/2052310040539754617,reply-archive,
2052306848666009706,2026-05-07 08:37:37+00:00,"@ShadowMonarch23 Ahora no sabemos como influyen los centrales en el Barça, no nos acordamos como influía Iñigo o de lo tosco que es el juego cuando entra Araújo. Bastoni nos eleva el juego al siguiente nivel. Miraos sus partidos si no deja solo a sus extremos y 9 conduce él y se planta en el area",True,ShadowMonarch23,2052302454767734796,False,2,0,es,2052306848666009706,0,https://x.com/ScarFace2824/status/2052306848666009706,reply-archive,
2052304585742516376,2026-05-07 08:28:37+00:00,"@Whyalwaysme05 @ShadowMonarch23 Yo apuesto por Fermín + Asllani en el 9 y que vaya entrando Oscar Gistau, que debe ser nuestro 9 top en el futuro.",True,Whyalwaysme05,2052301726904955025,False,1,0,es,2052304585742516376,0,https://x.com/ScarFace2824/status/2052304585742516376,reply-archive,
2052301653269787049,2026-05-07 08:16:58+00:00,"@ShadowMonarch23 Que poco se recuerda como mejoraba el juego Iñigo y que mal acompañado Lamine con su lateral
Bastoni + Palestra es más importante que el 9. Pon a Raphinha y a Fermín a correr al espacio y se hincha a asistencias como ya ha hecho. Y liberale de marcas con Diomande en la otra banda",True,ShadowMonarch23,2052283166342148184,False,0,0,es,2052301653269787049,0,https://x.com/ScarFace2824/status/2052301653269787049,reply-archive,
2052300284223688976,2026-05-07 08:11:32+00:00,@Reycholosimeone @Dejan_Dani80 Fracaso es gatarse 480M en dos años para no ser ni el tercer mejor equipo de tu liga,True,Reycholosimeone,2052133726155341832,False,0,0,es,2052300284223688976,0,https://x.com/ScarFace2824/status/2052300284223688976,reply-archive,
2052299940940931334,2026-05-07 08:10:10+00:00,@ShadowMonarch23 No mencionas a Al-khelaifi,True,ShadowMonarch23,2052262125171573152,False,0,0,es,2052299940940931334,0,https://x.com/ScarFace2824/status/2052299940940931334,reply-archive,
2052299542603682023,2026-05-07 08:08:35+00:00,@ShadowMonarch23 No es mejor que Ferran,True,ShadowMonarch23,2052289896077750488,False,0,0,es,2052299542603682023,0,https://x.com/ScarFace2824/status/2052299542603682023,reply-archive,
2052299409577169261,2026-05-07 08:08:03+00:00,@BlxckNews Su 9 es un extremo y aquí hay culers que traerian antes a Sorloth y Muriqi que a Diomande.,True,BlxckNews,2052279055286751488,False,0,0,es,2052299409577169261,0,https://x.com/ScarFace2824/status/2052299409577169261,reply-archive,
2052152162734559630,2026-05-06 22:22:57+00:00,@RevenRV Siendo el vicepresidente yo sospecharía de los arbitrajes a favor que ha tenido su equipo,True,RevenRV,2052140047621624214,False,0,0,es,2052152162734559630,0,https://x.com/ScarFace2824/status/2052152162734559630,reply-archive,
2052145879906160926,2026-05-06 21:57:59+00:00,@gutiifcb Es incluso más díficil que venga que Julián,True,gutiifcb,2052137718671352189,False,0,0,es,2052145879906160926,0,https://x.com/ScarFace2824/status/2052145879906160926,reply-archive,
2052144763898413473,2026-05-06 21:53:33+00:00,@Reycholosimeone Ese no es el presupuesto ignorante,True,Reycholosimeone,2052136063796171212,False,0,0,es,2052144763898413473,0,https://x.com/ScarFace2824/status/2052144763898413473,reply-archive,
2052144392001999343,2026-05-06 21:52:04+00:00,@RevenRV El presidente de un equipo es vicepresidente de la competición....,True,RevenRV,2052110689175589177,False,0,0,es,2052144392001999343,0,https://x.com/ScarFace2824/status/2052144392001999343,reply-archive,
2052144202193027245,2026-05-06 21:51:19+00:00,@Reycholosimeone Fracasos ambos de la directiva Barto-Rosellista que ya sabemos el destrozo que le ha hecho al club.,True,Reycholosimeone,2052132440278241469,False,0,0,es,2052144202193027245,0,https://x.com/ScarFace2824/status/2052144202193027245,reply-archive,
2052143976619082072,2026-05-06 21:50:25+00:00,@planetabarcaa Hombre si está lesionado...,True,planetabarcaa,2052136839675285868,False,1,0,es,2052143976619082072,0,https://x.com/ScarFace2824/status/2052143976619082072,reply-archive,
2052143747274621156,2026-05-06 21:49:30+00:00,"@BlxckNews Pero no habeis visto lo desubicado que estaba, el poco iq que tiene, estaba perdidísimo.",True,BlxckNews,2052136376473104473,False,0,0,es,2052143747274621156,0,https://x.com/ScarFace2824/status/2052143747274621156,reply-archive,
2052066824989094375,2026-05-06 16:43:51+00:00,@Drasharr @GxlDeManutinho Te fichan a Julián y luego a ti te sale más caro,True,lunacute08048,2052066327666266225,False,0,0,es,2052066824989094375,0,https://x.com/ScarFace2824/status/2052066824989094375,reply-archive,
2052051571215647191,2026-05-06 15:43:14+00:00,@Somhiseremfcb Yo sueño con que en unos años veamos esto: https://t.co/YiKeV3lcBW,True,Somhiseremfcb,2052042061470216505,False,1,0,es,2052051571215647191,1,https://x.com/ScarFace2824/status/2052051571215647191,reply-archive,
2052051236094902563,2026-05-06 15:41:54+00:00,"Resumen: fichar un 9 top ahora puede darte impacto inmediato, pero también cerrarte caminos. Diomande potencia a Lamine, Fermín puede crecer como 9 móvil, Asllani da el 9 asociativo y Musiala podría ser el sueño final si el plan se ordena bien.",True,ScarFace2824,2052051233444073926,False,0,0,es,2052051105228472763,0,https://x.com/ScarFace2824/status/2052051236094902563,reply-archive,
2052051233444073926,2026-05-06 15:41:53+00:00,"Portería:

Joan García
Yaakobishvili
Kochen
Iker

Portería joven, barata y con proyección. El dinero grande debe ir al campo: extremo diferencial, central zurdo top y perfiles que potencien a Lamine.",True,ScarFace2824,2052051230831071319,False,0,0,es,2052051105228472763,0,https://x.com/ScarFace2824/status/2052051233444073926,reply-archive,
2052051230831071319,2026-05-06 15:41:53+00:00,"Defensa:

LI/LCB: Bastoni / Cucurella/ Jofre
DFC: Van de Ven / Gerard Martín / Baba Kourouma
DFC: Cubarsí / Eric
LD: Palestra / Espart

Defensa con salida, físico, corrección y laterales capaces de jugar por dentro o fuera.",True,ScarFace2824,2052051228117406053,False,0,0,es,2052051105228472763,0,https://x.com/ScarFace2824/status/2052051230831071319,reply-archive,
2052051228117406053,2026-05-06 15:41:52+00:00,"Mediapunta e interiores:

MCO: Musiala / Fermín / David Moreno
MC: Pedri / Pedro Rodríguez
MC: Gavi / Juan Hernández
MCD: Bernal / Mullol / Michal Żuk

Una estructura donde la Masia entra por oleadas, no todos a la vez.
Puedes vender a De Jong y Olmo sin miedo.",True,ScarFace2824,2052051224921256248,False,0,0,es,2052051105228472763,0,https://x.com/ScarFace2824/status/2052051228117406053,reply-archive,
2052051224921256248,2026-05-06 15:41:51+00:00,"Ataque a futuro:

EI: Diomande / Ebrima
DC: Fermín / Asllani / Gistau
ED: Lamine / Toni / Sama Nomoko

Por lo que puedes vender a Raphinha.

La clave: Fermín como 9 móvil permite que Musiala tenga sitio por detrás sin matar el encaje https://t.co/QQkFPmKUBJ",True,ScarFace2824,2052051218264891685,False,0,0,es,2052051105228472763,1,https://x.com/ScarFace2824/status/2052051224921256248,reply-archive,
2052051218264891685,2026-05-06 15:41:50+00:00,"Y en 2028, con Musiala que acaba contrato en 2030, más cerca de entrar en zona de decisión contractual, sus declaraciones abren un sueño a largo plazo: no ficharlo como capricho, sino como guinda de una plantilla ya estructurada.",True,ScarFace2824,2052051215173779710,False,0,0,es,2052051105228472763,0,https://x.com/ScarFace2824/status/2052051218264891685,reply-archive,
2052051215173779710,2026-05-06 15:41:49+00:00,"Cucurella también podría aparecer como oportunidad cuando se acerque a final de contrato(2028). No como prioridad absoluta, pero sí como perfil intenso, competitivo y útil si necesitas reforzar el lado izquierdo con experiencia.",True,ScarFace2824,2052051212552327485,False,0,0,es,2052051105228472763,0,https://x.com/ScarFace2824/status/2052051215173779710,reply-archive,
2052051212552327485,2026-05-06 15:41:48+00:00,"No sería una locura táctica. Ya hemos visto defensas que se meten por dentro o juegan a distintas alturas: Guardiola con Stones/Cancelo, Arteta con Calafiori o Hincapié. Bastoni ya vive muchas veces en esas zonas en el Inter.",True,ScarFace2824,2052051209469517835,False,0,0,es,2052051105228472763,0,https://x.com/ScarFace2824/status/2052051212552327485,reply-archive,
2052051209469517835,2026-05-06 15:41:48+00:00,"El plan sería tener a Bastoni como lateral izquierdo defensivo/central izquierdo como se hace ahora con Kounde o Eric en derecha, emulando parte de su rol en el Inter. Defender con 4, pero atacar con 3: Bastoni-Van de Ven-Cubarsí, con Palestra alto en la derecha.",True,ScarFace2824,2052051206462144627,False,0,0,es,2052051105228472763,0,https://x.com/ScarFace2824/status/2052051209469517835,reply-archive,
2052051206462144627,2026-05-06 15:41:47+00:00,"Mi idea con Bastoni y Van de Ven es hacerlo por fases. Primero Bastoni este verano, porque eleva el juego del equipo. Van de Ven viendo que los Spurs se pueden salvar del descenso, la siguiente oportunidad es cuando se acerque el fin de su contrato (2029)",True,ScarFace2824,2052051203207393607,False,0,0,es,2052051105228472763,0,https://x.com/ScarFace2824/status/2052051206462144627,reply-archive,
2052051203207393607,2026-05-06 15:41:46+00:00,https://t.co/c0nrV1ya6I,True,ScarFace2824,2052051196991422797,False,0,0,zxx,2052051105228472763,1,https://x.com/ScarFace2824/status/2052051203207393607,reply-archive,
2052051196991422797,2026-05-06 15:41:45+00:00,"En esa planificación, vender a Roony y subir a Toni Fernández tendría lógica. Toni puede ser el relevo natural por derecha detrás de Lamine, mientras el gran dinero se invierte en perfiles que realmente cambian la estructura. https://t.co/GYvhVMR0ba",True,ScarFace2824,2052051191119462415,False,0,0,es,2052051105228472763,1,https://x.com/ScarFace2824/status/2052051196991422797,reply-archive,
2052051191119462415,2026-05-06 15:41:43+00:00,"También hay que mirar muy de cerca a Ebrima Tunkara. Su techo dependerá de dónde se especialice: interior físico, box to box, mediapunta o extremo potente. Si acaba consolidándose como EI/interior, puede ser clave en la sucesión de Raphinha. https://t.co/KQKQHfAnbp",True,ScarFace2824,2052051182990832068,False,2,0,es,2052051105228472763,1,https://x.com/ScarFace2824/status/2052051191119462415,reply-archive,
2052051182990832068,2026-05-06 15:41:41+00:00,"Asllani tendría otro rol: no viene a hacer de Fermín. Viene a ser el 9 asociativo que juega de espaldas, fija centrales, baja a recibir y da continuidad. Un perfil que puede asistir y potenciar a Lamine, Diomande, Fermín o Raphinha.",True,ScarFace2824,2052051179933221000,False,0,0,es,2052051105228472763,0,https://x.com/ScarFace2824/status/2052051182990832068,reply-archive,
2052051179933221000,2026-05-06 15:41:41+00:00,"Y la pieza clave al otro lado es Diomande. Si Lamine recibe siempre con 2 o 3 encima, necesitas un extremo que obligue al rival a dividir ayudas. Diomande en la otra banda libera a Lamine y hace al Barça menos previsible.",True,ScarFace2824,2052051177123029185,False,0,0,es,2052051105228472763,0,https://x.com/ScarFace2824/status/2052051179933221000,reply-archive,
2052051177123029185,2026-05-06 15:41:40+00:00,"Ahí entra Palestra: lateral/carrilero para darle apoyo por fuera cuando Lamine conduce hacia dentro. Y Xavi Espart como variante distinta: lateral formado como medio, capaz de meterse por dentro y aparecer en frontal.",True,ScarFace2824,2052051114539778339,False,1,0,es,2052051105228472763,0,https://x.com/ScarFace2824/status/2052051177123029185,reply-archive,
2052051114539778339,2026-05-06 15:41:25+00:00,"PRIORIDAD POTENCIAR  a LAMINE.

 Y eso no se hace solo fichando un 9: se hace rodeándolo mejor. Raphinha y Fermín atacan espacios para que Lamine los encuentre. Pero también necesita apoyos y otra amenaza real al lado contrario.",True,ScarFace2824,2052051110894969104,False,0,0,es,2052051105228472763,0,https://x.com/ScarFace2824/status/2052051114539778339,reply-archive,
2052051110894969104,2026-05-06 15:41:24+00:00,"Para mí, el rol de Julián/João Pedro ya puedes trabajarlo con Fermín: presión, movilidad, llegada, ruptura y atacar espacios. Si Fermín pasa a ser 9 móvil, Musiala puede tener sitio de mediapunta/interior sin romper el ecosistema.

@Blayasensat

https://t.co/j8PmfiRz9R",True,ScarFace2824,2052051107845750880,False,1,0,es,2052051105228472763,0,https://x.com/ScarFace2824/status/2052051110894969104,reply-archive,
2052051107845750880,2026-05-06 15:41:24+00:00,"Por eso mi duda con fichar un 9 top antes que a Diomande: corres el riesgo de cerrar el camino a Fermín. Si luego aparece la opción Musiala, ¿cómo compatibilizas Musiala + Fermín + un 9 caro si no apuestas por la transición de Fermín al 9?",True,ScarFace2824,2052051105228472763,False,0,0,es,2052051105228472763,0,https://x.com/ScarFace2824/status/2052051107845750880,reply-archive,
2052051105228472763,2026-05-06 15:41:23+00:00,"Con el sueño de Musiala se abre una idea de planificación a largo plazo: no fichar por ansiedad ahora, sino construir una plantilla que pueda encajar a futuro a Musiala, Fermín, Lamine, Diomande y la Masia sin pisarse. https://t.co/2D8gnyi03Q",False,,,False,0,0,es,2052051105228472763,3,https://x.com/ScarFace2824/status/2052051105228472763,standalone-archive,
2052022028773855425,2026-05-06 13:45:51+00:00,@ShadowMonarch23 Intentar cubrir la debilidad a la espalda con un central corrector es cubrir el sol con un dedo. Hay que apostar todo al ataque trayendo a Bastoni que te eleva el juego del equipo. Van de Ven es el único que en lugar de un dedo es la mano entera.,True,ShadowMonarch23,2052016616481624252,False,1,0,es,2052022028773855425,0,https://x.com/ScarFace2824/status/2052022028773855425,reply-archive,
2052021685734318477,2026-05-06 13:44:29+00:00,@ShadowMonarch23 Los que dicen que había que hacer caso a Deco con lo de Luis Diaz vendrán a pedir a Bastoni?,True,ShadowMonarch23,2052016616481624252,False,0,0,es,2052021685734318477,0,https://x.com/ScarFace2824/status/2052021685734318477,reply-archive,
2052021392850235811,2026-05-06 13:43:19+00:00,@ShadowMonarch23 Estrategia para abaratar?,True,ShadowMonarch23,2052016616481624252,False,0,0,es,2052021392850235811,0,https://x.com/ScarFace2824/status/2052021392850235811,reply-archive,
2052020250573467977,2026-05-06 13:38:47+00:00,"@BlxckNews O no se enteran o no quieren enterarse, que no se que es peor.",True,BlxckNews,2052013873008418847,False,1,0,es,2052020250573467977,0,https://x.com/ScarFace2824/status/2052020250573467977,reply-archive,
2052014958213267821,2026-05-06 13:17:45+00:00,@LoloZl23 @ShadowMonarch23 Seguramente,True,LoloZl23,2052010429165994179,False,0,0,pt,2052014958213267821,0,https://x.com/ScarFace2824/status/2052014958213267821,reply-archive,
2051997405193613354,2026-05-06 12:08:00+00:00,@GxlDeManutinho Y por la mitad tienes tambien a Asllani,True,GxlDeManutinho,2051997253099798625,False,1,0,es,2051997405193613354,0,https://x.com/ScarFace2824/status/2051997405193613354,reply-archive,
2051996964422566311,2026-05-06 12:06:15+00:00,"@GxlDeManutinho 70M max. Números flojos, 0 títulos, lesionado, no hay que dar dinero a un equipo rival.",True,GxlDeManutinho,2051979156406030734,False,6,0,es,2051996964422566311,0,https://x.com/ScarFace2824/status/2051996964422566311,reply-archive,
2051996480362184716,2026-05-06 12:04:19+00:00,"@BarcaUniversal Pero si ya juega para nosotros, y encima lo paga otro.",True,BarcaUniversal,2051987845741707677,False,4,0,es,2051996480362184716,0,https://x.com/ScarFace2824/status/2051996480362184716,reply-archive,
2051979093319549168,2026-05-06 10:55:14+00:00,"@GBarca_ Pedir una oferta formal en Mayo, antes de jugar un Clásico y sin la temporada acabada no tiene sentido.",True,GBarca_,2051965322249257330,False,0,0,es,2051979093319549168,0,https://x.com/ScarFace2824/status/2051979093319549168,reply-archive,
2051978226793111898,2026-05-06 10:51:47+00:00,@RadioFCB Que fácil es ser central fuera del Barça,True,RadioFCB,2051765754479968434,False,0,0,es,2051978226793111898,0,https://x.com/ScarFace2824/status/2051978226793111898,reply-archive,
2051975215647785469,2026-05-06 10:39:49+00:00,"@YihiRM La temporada del Madrid

                          -&gt;",True,YihiRM,2051770339164639272,False,0,0,es,2051975215647785469,0,https://x.com/ScarFace2824/status/2051975215647785469,reply-archive,
2051974755129942271,2026-05-06 10:38:00+00:00,"@mbaafraude Por lo menos sus títulos esta temporada son victorias suyas, las vuestras son celebrar victorias de otros equipos.",True,mbafraaude,2051778496578363487,False,0,0,es,2051974755129942271,0,https://x.com/ScarFace2824/status/2051974755129942271,reply-archive,
2051973679009960193,2026-05-06 10:33:43+00:00,@BlxckNews No quereis a Gerard en el Mundial pero luego Bastoni no lo mejora.,True,BlxckNews,2051961704070713792,False,0,0,es,2051973679009960193,0,https://x.com/ScarFace2824/status/2051973679009960193,reply-archive,
2051973414525468850,2026-05-06 10:32:40+00:00,"@ShadowMonarch23 Para Luis Diaz se dice que había que hacerle caso a Deco, con esto que decimos?",True,ShadowMonarch23,2051962569745739838,False,0,0,es,2051973414525468850,0,https://x.com/ScarFace2824/status/2051973414525468850,reply-archive,
2051972629192470535,2026-05-06 10:29:33+00:00,@ShadowMonarch23 No imagino a otro central defendiendo en nuestra línia alta. Sigo priorizando Bastoni porque te eleva el juego e intentar defender con un corrector un sistema que debería apostar todo al ataque es como tapar el sol con un dedo. Van de Ven debería ser única opción si no es Bastoni,True,ShadowMonarch23,2051965025997205561,False,0,0,es,2051972629192470535,0,https://x.com/ScarFace2824/status/2051972629192470535,reply-archive,
2051951147338928427,2026-05-06 09:04:11+00:00,@Kosobets Hahaha entonces pido perdón,True,Kosobets,2051949443381928197,False,0,0,es,2051951147338928427,0,https://x.com/ScarFace2824/status/2051951147338928427,reply-archive,
2051943775597985840,2026-05-06 08:34:54+00:00,"@Blayasensat Como verías lo que hizo Arteta con los laterales, que lo hiciera Flick con Bastoni como lateral izquierdo y tener la opción de tener un central corrector a la espalda?",True,Blayasensat,2051767966694334468,False,0,0,es,2051943775597985840,0,https://x.com/ScarFace2824/status/2051943775597985840,reply-archive,
2051943421548400928,2026-05-06 08:33:29+00:00,"@Blayasensat Yo veo un delantero tan torpe con balón en el Barça y me da algo. Y eso que lo pedía en su momento, pero no lo recordaba tan tosco. Me parecía que fuera del área podía valerse por si solo y si no era para crearse él las ocasiones lo hacía para sus compañeros",True,Blayasensat,2051940670584061996,False,1,0,es,2051943421548400928,0,https://x.com/ScarFace2824/status/2051943421548400928,reply-archive,
2051933896241971571,2026-05-06 07:55:38+00:00,@YihiRM Y la vuestra? Sois compis de Nadapletes,True,YihiRM,2051768275843871113,False,0,0,es,2051933896241971571,0,https://x.com/ScarFace2824/status/2051933896241971571,reply-archive,
2051933057851011438,2026-05-06 07:52:18+00:00,"@Kosobets Sabes que ahí no pone 21, no?",True,Kosobets,2051433590555128239,False,0,0,es,2051933057851011438,0,https://x.com/ScarFace2824/status/2051933057851011438,reply-archive,
2051932243623350411,2026-05-06 07:49:04+00:00,@Reycholosimeone Hay que ser sinverguenza para ser del atletico y llorar por esto.,True,Reycholosimeone,2051811024706130192,False,0,0,es,2051932243623350411,0,https://x.com/ScarFace2824/status/2051932243623350411,reply-archive,
2051931274365837569,2026-05-06 07:45:13+00:00,"@kantinu Bastoni lo hace, y puede que no lo veas subiendo el nivel en defensa, que también, donde de verdad sube el nivel es en ataque y es importantísimo. No hay central que sea capaz de defender con esa línea y tampoco hay que exigir a Gerard que repita esta temporada.",True,kantinu,2051909303456424034,False,0,0,es,2051931274365837569,0,https://x.com/ScarFace2824/status/2051931274365837569,reply-archive,
2051930491763216654,2026-05-06 07:42:06+00:00,"@BlxckNews El ÚNICO que hacer dudar es Van De Ven, cualquier otro es incapaz de defender a la espalda de una línea tan adelantada, por eso es mejor ni intentarlo y ir a por el central que nos eleve el juego y ese es Bastoni. Aquí estoy con Deco. No hay central que defienda con esa línea.",True,BlxckNews,2051912592289915312,False,0,0,es,2051930491763216654,0,https://x.com/ScarFace2824/status/2051930491763216654,reply-archive,
2051928824485400951,2026-05-06 07:35:29+00:00,@ShadowMonarch23 Y quien es ese Van de Ven? Porque el Cuti no pilla ni a Lewan en los entrenos,True,ShadowMonarch23,2051915378062696588,False,1,0,es,2051928824485400951,0,https://x.com/ScarFace2824/status/2051928824485400951,reply-archive,
2051800480053960826,2026-05-05 23:05:29+00:00,@FranciscoFCB97 Quizás porque no queremos ganarla jugando como ellos,True,FranciscoFCB97,2051769089186492573,False,0,0,es,2051800480053960826,0,https://x.com/ScarFace2824/status/2051800480053960826,reply-archive,
2051799424028795118,2026-05-05 23:01:17+00:00,@xavismo006 Ni un gol que no sea de penalti,True,xavismo006,2051771773830504655,False,0,0,es,2051799424028795118,0,https://x.com/ScarFace2824/status/2051799424028795118,reply-archive,
2051754348254838882,2026-05-05 20:02:11+00:00,@RevenRV De suplente de PSG a suplente de PSG.,True,RevenRV,2051748303348343079,False,0,0,fr,2051754348254838882,0,https://x.com/ScarFace2824/status/2051754348254838882,reply-archive,
2051754114485260575,2026-05-05 20:01:15+00:00,"@Mart1Aarn Yo confío en Fermín como 9, por números y perfil. Y al que traigo es Asllani para tener un perfil diferente.",True,Mart1Aarn,2051751476112904437,False,3,0,es,2051754114485260575,0,https://x.com/ScarFace2824/status/2051754114485260575,reply-archive,
2051753572375601612,2026-05-05 19:59:06+00:00,@Mart1Aarn Miedo al éxito,True,Mart1Aarn,2051752715105996826,False,0,0,es,2051753572375601612,0,https://x.com/ScarFace2824/status/2051753572375601612,reply-archive,
2051743738637017520,2026-05-05 19:20:01+00:00,@blaugranab30701 El mercado correcto: https://t.co/DeEfKXfgPX,True,blaugranab30701,2051724340937335204,False,0,0,es,2051743738637017520,1,https://x.com/ScarFace2824/status/2051743738637017520,reply-archive,
2051743502837453210,2026-05-05 19:19:05+00:00,"@Winstontupadre Por eso mismo, no depender tanto de él y quitarle las 4 marcas que tiene por partido. Ahora que está lesionado lo notamos, el único que se va de alguien es Cancelo. Con Raphinha y Fermín ya tiene jugadores al espacio. Necesitamos a Diomande en la otra banda.",True,Pizzi_Macanudo,2051736914265272386,False,0,0,es,2051743502837453210,0,https://x.com/ScarFace2824/status/2051743502837453210,reply-archive,
2051735779387314334,2026-05-05 18:48:23+00:00,@ShadowMonarch23 Diomande,True,ShadowMonarch23,2051729013719130595,False,0,0,es,2051735779387314334,0,https://x.com/ScarFace2824/status/2051735779387314334,reply-archive,
2051735634486722794,2026-05-05 18:47:49+00:00,@Mart1Aarn Fermín antes que Olmo.,True,Mart1Aarn,2051731973635182635,False,5,0,es,2051735634486722794,0,https://x.com/ScarFace2824/status/2051735634486722794,reply-archive,
2051730385092874407,2026-05-05 18:26:57+00:00,"@gxldeadam @Deco @AL_varoo10 El tuyo y el del PSG, que les demos 80M por un suplente para usarlos para fichar a Diomande.",True,gxldeadam,2051661585840472065,False,0,0,es,2051730385092874407,0,https://x.com/ScarFace2824/status/2051730385092874407,reply-archive,
2051729592298140144,2026-05-05 18:23:48+00:00,"@planetabarcaa Con la diferencia de que Diomande es p97 en presiones. Tiene lo de Raphinha y Gordon en presion, segundo mejor regateador de Europa solo por detrás de Lamine. El 3r mejor(0'74) en G+A/90 por detrás de Rashford(0'91) que ya juega en el Barça y Godts (0'86) que juega en liga menor",True,planetabarcaa,2051716769128079447,False,0,0,es,2051729592298140144,0,https://x.com/ScarFace2824/status/2051729592298140144,reply-archive,
2051726394741182556,2026-05-05 18:11:06+00:00,@Bartoni21 @planetabarcaa Perfil desborde Rashford?,True,Bartoni21,2051724906442756284,False,0,0,ca,2051726394741182556,0,https://x.com/ScarFace2824/status/2051726394741182556,reply-archive,
2051722656081232162,2026-05-05 17:56:15+00:00,"@elitelliZN Yo apostaría por Fermín de 9, tiene perfil que pedimos en Julián o Joao y números Top. Como alternativa alguien barato como Asllani y metes la pasta en Bastoni y el extremo con desborde.",True,elitelliZN,2051716121225470321,False,0,0,es,2051722656081232162,0,https://x.com/ScarFace2824/status/2051722656081232162,reply-archive,
2051719651839623612,2026-05-05 17:44:18+00:00,@ARball23 Dejad de hacer listas de leyendas gente que lleva siguiendo al barça 5 años. Como vas a poner a Neymar por encima de Puyol o Busquets o cualquiera del resto.,True,Ryyad10,2051672190752276644,False,0,0,es,2051719651839623612,0,https://x.com/ScarFace2824/status/2051719651839623612,reply-archive,
2051718851637690696,2026-05-05 17:41:07+00:00,@elitelliZN Que penaltis? Si nunca nos pitan.,True,elitelliZN,2051714006268694553,False,0,0,es,2051718851637690696,0,https://x.com/ScarFace2824/status/2051718851637690696,reply-archive,
2051718733312258185,2026-05-05 17:40:39+00:00,"@10InfoBlaugrana Si es trueque con Ter Stegen o Peña, si. Sino esperar un año para ver como funciona Yaako o Kochen en Copa y si no convencen lo traes gratis.",True,10InfoBlaugrana,2051678311915381206,False,0,0,es,2051718733312258185,0,https://x.com/ScarFace2824/status/2051718733312258185,reply-archive,
2051690324016148858,2026-05-05 15:47:46+00:00,@GxlDeManutinho Que nos jode el vestuario y el proyecto,True,GxlDeManutinho,2051663791289462798,False,0,0,es,2051690324016148858,0,https://x.com/ScarFace2824/status/2051690324016148858,reply-archive,
2051686455479615727,2026-05-05 15:32:24+00:00,"@Mart1Aarn Lo explico aquí:
https://t.co/uhRhcDiuUZ https://t.co/zOzpL2OHmZ",True,Mart1Aarn,2051659968969883834,False,2,0,es,2051686455479615727,1,https://x.com/ScarFace2824/status/2051686455479615727,reply-archive,
2051679808149487890,2026-05-05 15:05:59+00:00,"Los que veo más cercanos al primer equipo:

Xavi Espart
Tommy Marqués
Jofre Torrents
Juan Hernández
Dani Rodríguez
Álvaro Cortés
Ibrahim Diarra

Son los que pueden tener impacto antes por edad, físico o necesidad de plantilla.",True,ScarFace2824,2051679804345246156,False,2,0,es,2051679644609359889,0,https://x.com/ScarFace2824/status/2051679808149487890,used-in-web-article,la-masia-que-viene
2051679804345246156,2026-05-05 15:05:58+00:00,"Álex González, gen 2007.

Extremo catalán fichado de la DAMM, donde era máximo goleador con 12 tantos. Llega por necesidad inmediata tras lesiones y ascensos en ataque. Potente, rápido y de adaptación fácil por venir de un contexto similar. Perfil Barça Atlètic a corto plazo. https://t.co/tDyrrrKizb",True,ScarFace2824,2051679792559206911,False,0,0,es,2051679644609359889,1,https://x.com/ScarFace2824/status/2051679804345246156,used-in-web-article,la-masia-que-viene
2051679792559206911,2026-05-05 15:05:55+00:00,"Shane Kluivert, gen 2007.

Delantero/extremo con apellido pesado, pero perfil interesante: movilidad, técnica y capacidad para jugar arriba o en banda. Debe convertir talento en impacto constante. https://t.co/3rovTwZ8x8",True,ScarFace2824,2051679772548231219,False,1,0,es,2051679644609359889,1,https://x.com/ScarFace2824/status/2051679792559206911,used-in-web-article,la-masia-que-viene
2051679772548231219,2026-05-05 15:05:50+00:00,"Hafiz Gariba, gen 2007.

Central zurdo/lateral. Físico, agresividad y margen. Si pule salida y lectura, puede ser central de rotación o lateral defensivo. Perfil útil en plantillas con defensa alta. Falta pulir errores de impulsividad y saltos agresivos, típicos de la edad. https://t.co/0T8loYLWIQ",True,ScarFace2824,2051679761156477398,False,0,0,es,2051679644609359889,1,https://x.com/ScarFace2824/status/2051679772548231219,used-in-web-article,la-masia-que-viene
2051679761156477398,2026-05-05 15:05:48+00:00,"Sama Nomoko, gen 2008.

Extremo de velocidad brutal. Cambio de ritmo, 1v1, centros y amenaza en ambas bandas. La lesión es el gran freno, pero si vuelve bien puede ser un perfil de banda muy necesario. https://t.co/EkKqadqmdA",True,ScarFace2824,2051679749601132606,False,0,0,es,2051679644609359889,1,https://x.com/ScarFace2824/status/2051679761156477398,used-in-web-article,la-masia-que-viene
2051679749601132606,2026-05-05 15:05:45+00:00,"Baba Kourouma, gen 2009.

La gran duda bonita: ¿central, pivote o interior? Hoy lo veo como central zurdo híbrido/pivote defensivo. Físico, técnica y carácter. En el club lo ven diferencial como central con salida si evoluciona bien. https://t.co/S1uGhCeDnD",True,ScarFace2824,2051679736942743611,False,0,0,es,2051679644609359889,1,https://x.com/ScarFace2824/status/2051679749601132606,used-in-web-article,la-masia-que-viene
2051679736942743611,2026-05-05 15:05:42+00:00,"Ibrahim Diarra, gen 2006.

Llegó de Mali como talento ofensivo diferencial. Extremo/mediapunta potente, vertical, con gol y carácter competitivo. Fue capitán de Mali sub-17 y destacó en Mundial. https://t.co/YbzzpNdlnk",True,ScarFace2824,2051679725047676995,False,1,0,es,2051679644609359889,1,https://x.com/ScarFace2824/status/2051679736942743611,used-in-web-article,la-masia-que-viene
2051679725047676995,2026-05-05 15:05:39+00:00,"Landry Farré, gen 2007.

Defensa polivalente: lateral, central, carrilero. Potente, técnico, agresivo y muy útil para plantillas cortas. Perfil de comodín defensivo. Flojo tácticamente. https://t.co/XZ4YPbwgOu",True,ScarFace2824,2051679712892620913,False,0,0,es,2051679644609359889,1,https://x.com/ScarFace2824/status/2051679725047676995,used-in-web-article,la-masia-que-viene
2051679712892620913,2026-05-05 15:05:36+00:00,"Ebrima Tunkara, gen 2010.

Interior zurdo total. Físico muy superior, técnica de calle, regate, llegada y gol.
Esperanzas en tener un box to box muy físico y técnico para partidos Champions y un extremo izquierdo Top en el mismo jugador.
A los 18: Lamine 21, Gavi 24, Pedri 26. https://t.co/0tcn4OwsSc",True,ScarFace2824,2051679703593881926,False,1,0,es,2051679644609359889,1,https://x.com/ScarFace2824/status/2051679712892620913,used-in-web-article,la-masia-que-viene
2051679703593881926,2026-05-05 15:05:34+00:00,"Orian Goren, gen 2009.

Interior izquierdo/falso extremo. Muy técnico, pausa, giro, último pase y llegada. Recuerda a Pedri por gestos y forma de esconder la intención. Talento de control. Capacidad de resolver dentro del área. https://t.co/p5EpHTdqc6",True,ScarFace2824,2051679696065114151,False,0,0,es,2051679644609359889,1,https://x.com/ScarFace2824/status/2051679703593881926,used-in-web-article,la-masia-que-viene
2051679696065114151,2026-05-05 15:05:32+00:00,"Pedro Rodríguez, gen 2008.

Interior/mediocentro fiable, técnico y muy completo. Motor físico, conducción, pase, presión y llegada. Lo veo como perfil Vitinha/Pedri de base de jugada, no como mediático, sino funcional. https://t.co/mjHJUArRN5",True,ScarFace2824,2051679687114412388,False,0,0,es,2051679644609359889,1,https://x.com/ScarFace2824/status/2051679696065114151,used-in-web-article,la-masia-que-viene
2051679687114412388,2026-05-05 15:05:30+00:00,"Óscar Gistau, gen 2008

9 de verdad: potente, remate con ambas piernas, golpeo lejano, faltas, buenos movimientos en el área para hacerse espacio para disparar y hambre de gol. Perfil Luis Suárez mucho gol pero capacidad de jugar fuera del área. Debe mejorar juego de espaldas https://t.co/EaN3r7BmbX",True,ScarFace2824,2051679679568855207,False,0,0,es,2051679644609359889,1,https://x.com/ScarFace2824/status/2051679687114412388,used-in-web-article,la-masia-que-viene
2051679679568855207,2026-05-05 15:05:28+00:00,"Juan Hernández, gen 2007.

Interior, mediapunta, falso 9 o extremo. Mucha técnica, giro, conducción y gol. Fue socio de Lamine en inferiores. Me recuerda a un perfil Iniesta/Fermín por movilidad y zonas.",True,ScarFace2824,2051679675735327123,False,0,0,es,2051679644609359889,0,https://x.com/ScarFace2824/status/2051679679568855207,used-in-web-article,la-masia-que-viene
2051679675735327123,2026-05-05 15:05:27+00:00,"Jofre Torrents, gen 2007.

Lateral izquierdo alto, zurdo, con recorrido y perfil moderno. Puede ser carrilero o lateral más profundo. Si se recupera bien, tiene rol natural como relevo de Balde/Cancelo. Gran salida desde atrás con regate hacia dentro. https://t.co/Zno6NBwwMY",True,ScarFace2824,2051679668261040215,False,0,0,es,2051679644609359889,1,https://x.com/ScarFace2824/status/2051679675735327123,used-in-web-article,la-masia-que-viene
2051679668261040215,2026-05-05 15:05:25+00:00,"Álvaro Cortés, gen 2005.

Central zurdo, 1,90 y capitán del Barça Atlètic. Renovado hasta 2028. Destaca por madurez, liderazgo, físico y perfil escaso: central zurdo natural. Flick lo ha mantenido en dinámica de primer equipo porque ofrece una solución real si faltan centrales. https://t.co/pZIgAcCFtR",True,ScarFace2824,2051679660807708738,False,1,0,es,2051679644609359889,1,https://x.com/ScarFace2824/status/2051679668261040215,used-in-web-article,la-masia-que-viene
2051679660807708738,2026-05-05 15:05:24+00:00,"Tommy Marqués, gen 2006.

Mediocentro/interior de 1,86-1,87. Zancada, conducción, giros, pase largo y físico. Perfil muy De Jong edición Masia. Puede ayudar a no fichar otro MC para fondo de armario. https://t.co/2ysBP0DNQz",True,ScarFace2824,2051679652335284365,False,0,0,es,2051679644609359889,1,https://x.com/ScarFace2824/status/2051679660807708738,used-in-web-article,la-masia-que-viene
2051679652335284365,2026-05-05 15:05:22+00:00,"Xavi Espart, gen 2007. Como Lamine y Cubarsí.

El “Lahm” de Flick: lateral derecho formado como medio. Falso lateral que puede ir por dentro, dar salida, aparecer en frontal y conectar con Lamine. Inteligente, agresivo y con pase.
Espero que sea importante la temporada 26/27 https://t.co/JvVVEuYwy1",True,ScarFace2824,2051679644609359889,False,0,0,es,2051679644609359889,1,https://x.com/ScarFace2824/status/2051679652335284365,used-in-web-article,la-masia-que-viene
2051679644609359889,2026-05-05 15:05:20+00:00,"La Masia no se queda solo Lamine, Cubarsí o Gavi. Ojo con lo que viene: varias generaciones con perfiles que encajan justo en lo que necesitará el Barça en los próximos años. Laterales interiores, centrales híbridos, interiores técnicos, extremos diferenciales y nueves de futuro. https://t.co/k7f5Go7GRx",False,,,False,2,0,es,2051679644609359889,1,https://x.com/ScarFace2824/status/2051679644609359889,used-in-web-article,la-masia-que-viene
2051635219933901068,2026-05-05 12:08:48+00:00,@isaacrrr7 Habría que decirle que hacen en Palestina y que hacían los comunistas con los LGBT de su otra bandera.,True,isaacrrr7,2051009370851344851,False,0,0,es,2051635219933901068,0,https://x.com/ScarFace2824/status/2051635219933901068,reply-archive,
2051626969184313727,2026-05-05 11:36:01+00:00,"@Mart1Aarn Por 50, venta clara.",True,Mart1Aarn,2051623461194199484,False,0,0,es,2051626969184313727,0,https://x.com/ScarFace2824/status/2051626969184313727,reply-archive,
2051617046320857147,2026-05-05 10:56:35+00:00,@walchavito Vaya tonteria. Pon ahora el partido que hizo contra el Barça. https://t.co/39prx6LaSK,True,walchavito,2051607366898987279,False,0,0,es,2051617046320857147,1,https://x.com/ScarFace2824/status/2051617046320857147,reply-archive,
2051616494715290106,2026-05-05 10:54:24+00:00,@Kosobets Lo de Virgili será haberle pagado al Mallorca 15M por tenerlo un año. Maravillosa jugada.,True,Kosobets,2051401119151067469,False,1,0,es,2051616494715290106,0,https://x.com/ScarFace2824/status/2051616494715290106,reply-archive,
2051586221499883868,2026-05-05 08:54:06+00:00,@nautfcb La mitad de penalti,True,nautfcb,2051577112868635131,False,0,0,es,2051586221499883868,0,https://x.com/ScarFace2824/status/2051586221499883868,reply-archive,
2051580366830416174,2026-05-05 08:30:50+00:00,@Intermiamifr2 Hecho por un fan de Messi,True,FANFOOTMESSI,2051344424936878196,False,0,0,es,2051580366830416174,0,https://x.com/ScarFace2824/status/2051580366830416174,reply-archive,
2051568990963593654,2026-05-05 07:45:38+00:00,"@Mhoni_Hiyst Solo necesita eso si se va Raphinha, sino lo que necesita es desborde como Diomande. Y tampoco va a hacer mejores números que Rashford.",True,Mhoni_Hiyst,2051545461710873038,False,0,0,es,2051568990963593654,0,https://x.com/ScarFace2824/status/2051568990963593654,reply-archive,
2051564724786020479,2026-05-05 07:28:41+00:00,"@ShadowMonarch23 Quizás porque lo quieren como 9 y tener las 2 variantes. 
Ataque con 3 extremos como PSG Diaz - Gordon - Olise
Y su ataque 4231 con Kane 

Lo que yo pido para el Barça
Diomande - Raphinha - Lamine

Y 

             Asllani
Diomande Fermin Lamine",True,ShadowMonarch23,2051480284747481576,False,0,0,es,2051564724786020479,0,https://x.com/ScarFace2824/status/2051564724786020479,reply-archive,
2051563525026238497,2026-05-05 07:23:55+00:00,"@ShadowMonarch23 Y lo que necesitamos es otro Raphinha? Yo solo le veo sentido es si se va el brasileño, sino mejor un perfil Lamine en izquierda.",True,ShadowMonarch23,2051484731074543723,False,0,0,es,2051563525026238497,0,https://x.com/ScarFace2824/status/2051563525026238497,reply-archive,
2051562977506037781,2026-05-05 07:21:44+00:00,@GallineroBlau Diomande + Asllani,True,GallineroBlau,2051433716707459135,False,1,0,ca,2051562977506037781,0,https://x.com/ScarFace2824/status/2051562977506037781,reply-archive,
2051562606968606792,2026-05-05 07:20:16+00:00,@BlxckNews Yo le veo fallar mucho e inflar números tirando penaltis. Lo bueno es la implicación y que puede jugar en las 3 posiciones de arriba. Pero en cuanto a producción no le veo superando a Rashford.,True,BlxckNews,2051536508230754355,False,2,0,es,2051562606968606792,0,https://x.com/ScarFace2824/status/2051562606968606792,reply-archive,
2051561642769469696,2026-05-05 07:16:26+00:00,"@Mart1Aarn Yo a Gordon solo le veo sentido si es el sustituto de Raphinha, no es el perfil que pedimos con Diomande. Y no creo que produjera tantos numeros como Rashford. Gordon tira muchos penaltis. No acaba de definir bien o de dar bien el último pase ( 5 asistencias)",True,Mart1Aarn,2051521899251827086,False,0,0,es,2051561642769469696,0,https://x.com/ScarFace2824/status/2051561642769469696,reply-archive,
2051421781672554575,2026-05-04 22:00:40+00:00,@danny150231 @Mart1Aarn @BarcelonaValor Y no puede apretar más por su salida Julián que Joao? Creo que el precio de Julián puede llegar a bajar y el de Joao con el mundial puede seguir subiendo.,True,danny150231,2051417860451233843,False,0,0,es,2051421781672554575,0,https://x.com/ScarFace2824/status/2051421781672554575,reply-archive,
2051420961413439508,2026-05-04 21:57:25+00:00,@elitelliZN Necesitamos desborde que sin Lamine el único que regatea es Cancelo. Y Anthony Gordon es mucho más Raphinha que Lamine.,True,elitelliZN,2051408180110917708,False,0,0,es,2051420961413439508,0,https://x.com/ScarFace2824/status/2051420961413439508,reply-archive,
2051420647775965691,2026-05-04 21:56:10+00:00,"@walchavito Inútil no, pero no es perfil con desborde que es lo que necesita el Barça, se parece más a Raphinha que a Lamine.",True,walchavito,2051411164110725392,False,0,0,es,2051420647775965691,0,https://x.com/ScarFace2824/status/2051420647775965691,reply-archive,
2051420384759537856,2026-05-04 21:55:07+00:00,"@elitelliZN Es que lo que más hace falta es un extremo de desborde con nivel de titular, no puede ser que el segundo más regateador sea Cancelo.",True,elitelliZN,2051411978682261996,False,2,0,es,2051420384759537856,0,https://x.com/ScarFace2824/status/2051420384759537856,reply-archive,
2051420107717423399,2026-05-04 21:54:01+00:00,"@elitelliZN Eric no puede ser titular porque pierde el rol de comodín que es lo que lo hace tan bueno a parte de su gran nivel, y necesitamos un lateral que potencie a Lamine. 
Ferran Torres es una perdida de balones cada vez que la jugada pasa por él.",True,elitelliZN,2051410339627950178,False,0,0,es,2051420107717423399,0,https://x.com/ScarFace2824/status/2051420107717423399,reply-archive,
2051404038185378156,2026-05-04 20:50:10+00:00,"@BarcelonaValor 80
60
30",True,BarcelonaValor,2051396939153883170,False,0,0,und,2051404038185378156,0,https://x.com/ScarFace2824/status/2051404038185378156,reply-archive,
2051399803880251532,2026-05-04 20:33:21+00:00,@Mart1Aarn @BarcelonaValor Los dos alrededor de 100 no?,True,Mart1Aarn,2051399636942758359,False,0,0,es,2051399803880251532,0,https://x.com/ScarFace2824/status/2051399803880251532,reply-archive,
2051399367324586393,2026-05-04 20:31:36+00:00,@Mart1Aarn @BarcelonaValor Costando lo mismo fichas antes a Joao o a Julián?,True,Mart1Aarn,2051398408644993349,False,0,0,es,2051399367324586393,0,https://x.com/ScarFace2824/status/2051399367324586393,reply-archive,
2051391616825340287,2026-05-04 20:00:49+00:00,@Blayasensat Diomande por delante de Julián. Lamine tiene a Fermín y Raphinha para asistir. Y Asllani como perfil de 9 asociativo,True,Blayasensat,2051390332793667789,False,28,0,es,2051391616825340287,0,https://x.com/ScarFace2824/status/2051391616825340287,reply-archive,
2051386417922654614,2026-05-04 19:40:09+00:00,"@Mart1Aarn Justo lo que necesita el Barça que las jugadas no se frenen cuando reciben ciertos jugadores. (por cierto, también pasa con Rashford)
Yo iría a por Asllani:
Julián muy caro o ATM no te lo vende
Joao Pedro puede hacer un buen mundial y irse de precio
Kroupi Jr su representante☠️",True,Mart1Aarn,2051384917540438238,False,9,0,es,2051386417922654614,0,https://x.com/ScarFace2824/status/2051386417922654614,reply-archive,
2051384837114597820,2026-05-04 19:33:52+00:00,"@Mart1Aarn Si hace un buen mundial puede dispararse de precio, por lo que las opciones para el 9 se quedarían en Julián o Asllani",True,Mart1Aarn,2051337810250985649,False,1,0,es,2051384837114597820,0,https://x.com/ScarFace2824/status/2051384837114597820,reply-archive,
2051384582994354490,2026-05-04 19:32:52+00:00,@Mart1Aarn Con ese representante prohibido para el Barça,True,Mart1Aarn,2051358255171936299,False,0,0,es,2051384582994354490,0,https://x.com/ScarFace2824/status/2051384582994354490,reply-archive,
2051374617936253103,2026-05-04 18:53:16+00:00,"@CuentaMister Oferta al Inter, para poder él decir que quiere irse.",True,CuentaMister,2051360780633686057,False,0,0,es,2051374617936253103,0,https://x.com/ScarFace2824/status/2051374617936253103,reply-archive,
2051374384254779821,2026-05-04 18:52:20+00:00,@elcoletas_69 @BlxckNews Por eso Luis Enrique lo tiene de suplente mientras quiere pagar 100M por Diomande. Seguramente sea porque sabe poco de fútbol.,True,elcoletas_69,2051371613451370841,False,0,0,es,2051374384254779821,0,https://x.com/ScarFace2824/status/2051374384254779821,reply-archive,
2051334139782021477,2026-05-04 16:12:25+00:00,@Mart1Aarn 9.5 por un precio parecido te traes a Palestra. El resto es PERFECTO. https://t.co/A6xiETxQo0,True,Mart1Aarn,2051329436704809169,False,13,1,es,2051334139782021477,2,https://x.com/ScarFace2824/status/2051334139782021477,reply-archive,
2051313433698553862,2026-05-04 14:50:08+00:00,"@BlxckNews Si, para financiarle al PSG el fichaje del bueno, Diomande. 
Hablamos de 70M por un suplente de Luis Enrique, con lo que eso suele decir de presión, IQ táctico e implicación, y de un PSG que ya se gastó 70M en Kvara en su posición teniéndole a él y que quiere gastarse otros 100",True,BlxckNews,2051307689976680809,False,9,0,es,2051313433698553862,0,https://x.com/ScarFace2824/status/2051313433698553862,reply-archive,
2051299355735330984,2026-05-04 13:54:12+00:00,"Julián gusta mucho, pero el encaje me genera dudas: desplaza a Fermín y si baja demasiado se pisa con Olmo y Pedri.
Julián mejora el nivel inmediato, sí, pero Diomande soluciona un problema estructural: dejar de depender de Lamine para desbordar y preparar el relevo de Raphinha.",True,ScarFace2824,2051299351587062041,False,0,0,es,2051299176332345664,0,https://x.com/ScarFace2824/status/2051299355735330984,used-in-web-article,julian-te-sube-el-nivel-diomande-te-cambia-el-techo
2051299351587062041,2026-05-04 13:54:11+00:00,"Mi miedo con Julián es que sea otro caso “jugadorazo del Atleti que luego en Barça no encaja igual”. Griezmann y Arda eran muy buenos allí, pero el contexto culé exige otra relación con balón, espacios y roles.",True,ScarFace2824,2051299348198068461,False,0,0,es,2051299176332345664,0,https://x.com/ScarFace2824/status/2051299351587062041,used-in-web-article,julian-te-sube-el-nivel-diomande-te-cambia-el-techo
2051299348198068461,2026-05-04 13:54:10+00:00,"En portería, plantearía un trueque: Remiro por Iñaki Peña o Ter Stegen. Si Remiro no renueva y puede salir gratis el año que viene, la Real podría aceptar una fórmula antes que perderlo por cero.",True,ScarFace2824,2051299343403999544,False,0,0,es,2051299176332345664,0,https://x.com/ScarFace2824/status/2051299348198068461,used-in-web-article,julian-te-sube-el-nivel-diomande-te-cambia-el-techo
2051299343403999544,2026-05-04 13:54:09+00:00,"Fort puede volver o entrar en la operación Bastoni. Si Leverkusen aprieta por él, hay que valorarlo bien: o lo recuperas como rotación útil, o lo usas para abaratar una operación realmente prioritaria.",True,ScarFace2824,2051299340602257433,False,0,0,es,2051299176332345664,0,https://x.com/ScarFace2824/status/2051299343403999544,used-in-web-article,julian-te-sube-el-nivel-diomande-te-cambia-el-techo
2051299340602257433,2026-05-04 13:54:08+00:00,"En defensa, el fichaje clave seguiría siendo Bastoni. Intentaría cerrarlo antes del Mundial si es posible. Palestra podría esperar porque no se va a revalorizar en el Mundial. Cancelo también lo dejaría para final de mercado, forzando su salida de Al Hilal con presión del jugador",True,ScarFace2824,2051299337657790760,False,0,0,es,2051299176332345664,0,https://x.com/ScarFace2824/status/2051299340602257433,used-in-web-article,julian-te-sube-el-nivel-diomande-te-cambia-el-techo
2051299337657790760,2026-05-04 13:54:08+00:00,"La duda táctica es que con Julián el Barça tendería más al 4-3-3. Y ahí Olmo y Fermín pueden quedar colgados. Si juegas con 3 medios fijos y tridente Lamine-Julián-Raphinha, ¿dónde metes a Fermín y Olmo?",True,ScarFace2824,2051299334377939387,False,0,0,es,2051299176332345664,0,https://x.com/ScarFace2824/status/2051299337657790760,used-in-web-article,julian-te-sube-el-nivel-diomande-te-cambia-el-techo
2051299334377939387,2026-05-04 13:54:07+00:00,"Aun con Julián, yo seguiría queriendo a Asllani. Porque Julián en el Atleti ha rendido mejor con otro 9 cerca. Asllani puede fijar, bajar, descargar y darle asistencias o ventajas a Julián, Fermín, Lamine y Raphinha.",True,ScarFace2824,2051299331752288735,False,0,0,es,2051299176332345664,0,https://x.com/ScarFace2824/status/2051299334377939387,used-in-web-article,julian-te-sube-el-nivel-diomande-te-cambia-el-techo
2051299331752288735,2026-05-04 13:54:06+00:00,"Rashford por derecha me parece más interesante que como extremo izquierdo cerrado. A pie natural puede ser un puñal y centrar muy bien. Eso sí, tendría que mejorar el tiro cruzado, porque esta temporada ha fallado varios.",True,ScarFace2824,2051299328254210282,False,0,0,es,2051299176332345664,0,https://x.com/ScarFace2824/status/2051299331752288735,used-in-web-article,julian-te-sube-el-nivel-diomande-te-cambia-el-techo
2051299328254210282,2026-05-04 13:54:05+00:00,"Incluso podría no ser excluyente Rashford + Schjelderup si sale Roony y Rashford se ve más por derecha. Por ahí ha tenido buenos partidos: a pie natural, atacando línea y metiendo centros como el de Osasuna.",True,ScarFace2824,2051299325565661657,False,0,0,es,2051299176332345664,0,https://x.com/ScarFace2824/status/2051299328254210282,used-in-web-article,julian-te-sube-el-nivel-diomande-te-cambia-el-techo
2051299325565661657,2026-05-04 13:54:05+00:00,"Schjelderup me parece más lógico: joven, asociativo, buen nivel europeo y ya dejó buenas sensaciones contra el Barça en Champions la temporada pasada. Si vas a gastar 15-25M, prefiero ese perfil antes que recomprar a Virgili tan pronto.",True,ScarFace2824,2051299322453467548,False,0,0,es,2051299176332345664,0,https://x.com/ScarFace2824/status/2051299325565661657,used-in-web-article,julian-te-sube-el-nivel-diomande-te-cambia-el-techo
2051299322453467548,2026-05-04 13:54:04+00:00,"No iría a por Jan Virgili por 15M. No por nivel, sino porque sería como pagarle 15M al Mallorca por haberle tenido en cesión un año. Para eso, prefiero invertir ese dinero en Schjelderup, que ya ha mostrado nivel Champions.",True,ScarFace2824,2051299319794303425,False,0,0,es,2051299176332345664,0,https://x.com/ScarFace2824/status/2051299322453467548,used-in-web-article,julian-te-sube-el-nivel-diomande-te-cambia-el-techo
2051299319794303425,2026-05-04 13:54:03+00:00,"Si llega Julián y no Diomande, haría falta sí o sí un extremo suplente. Una opción sería otra cesión de Rashford, pero tendría que rebajarse mucho el sueldo. Otra sería Schjelderup.",True,ScarFace2824,2051299316975718506,False,0,0,es,2051299176332345664,0,https://x.com/ScarFace2824/status/2051299319794303425,used-in-web-article,julian-te-sube-el-nivel-diomande-te-cambia-el-techo
2051299316975718506,2026-05-04 13:54:03+00:00,Kvara es inamovible. Godts parece descartado. Barcola no me convence. Leao y Rashford tienen dudas de encaje. Por eso Diomande es tan importante: no veo tantos extremos top disponibles para el futuro.,True,ScarFace2824,2051299314039742857,False,0,0,es,2051299176332345664,0,https://x.com/ScarFace2824/status/2051299316975718506,used-in-web-article,julian-te-sube-el-nivel-diomande-te-cambia-el-techo
2051299314039742857,2026-05-04 13:54:02+00:00,"Leao y Rashford también me generan dudas parecidas: presión, implicación defensiva, asociación y continuidad. Si ya dudamos con Rashford por cómo frena jugadas o no encaja siempre, con Leao el riesgo sería similar.",True,ScarFace2824,2051299309686006009,False,0,0,es,2051299176332345664,0,https://x.com/ScarFace2824/status/2051299314039742857,used-in-web-article,julian-te-sube-el-nivel-diomande-te-cambia-el-techo
2051299309686006009,2026-05-04 13:54:01+00:00,"Barcola es un NO. Suplente con Luis Enrique, pagar 80 por él es cagada. Si no lo ve titular es que hay algo táctico, de presión o toma de decisiones. Más cuando ya se gastaron 70 por uno en su posición y ahora quieren a otro por 100

Le estariamos financiando el fichaje del bueno",True,ScarFace2824,2051299306720690522,False,0,0,es,2051299176332345664,0,https://x.com/ScarFace2824/status/2051299309686006009,used-in-web-article,julian-te-sube-el-nivel-diomande-te-cambia-el-techo
2051299306720690522,2026-05-04 13:54:00+00:00,"Ese es el problema de invertir en Julián y no en Diomande. El 9 móvil ya puedes trabajarlo con Fermín. El extremo diferencial de 20 años, con desborde y techo mundial, no lo tienes.",True,ScarFace2824,2051299303914652099,False,0,0,es,2051299176332345664,0,https://x.com/ScarFace2824/status/2051299306720690522,used-in-web-article,julian-te-sube-el-nivel-diomande-te-cambia-el-techo
2051299303914652099,2026-05-04 13:54:00+00:00,"Y ahí entra el riesgo de futuro: Raphinha está en un nivel brutal, pero su fútbol depende mucho del físico y esta temporada ya ha tenido lesiones. Si no fichas ahora al extremo top, quizá en 1-2 años no haya uno claro.",True,ScarFace2824,2051299301406466424,False,0,0,es,2051299176332345664,0,https://x.com/ScarFace2824/status/2051299303914652099,used-in-web-article,julian-te-sube-el-nivel-diomande-te-cambia-el-techo
2051299301406466424,2026-05-04 13:53:59+00:00,"Sin Diomande, el Barça seguiría teniendo un problema: cuando no está Lamine, desaparece mucho el 1v1. Ya lo estamos viendo ahora que Lamine está lesionado. Julián te da nivel, pero no te soluciona esa falta de desborde diferencial en banda.",True,ScarFace2824,2051299298818535630,False,0,0,es,2051299176332345664,0,https://x.com/ScarFace2824/status/2051299301406466424,used-in-web-article,julian-te-sube-el-nivel-diomande-te-cambia-el-techo
2051299298818535630,2026-05-04 13:53:58+00:00,Por eso me preocupa gastar 90M en Julián si eso te deja sin Diomande. Lamine ya tiene jugadores a los que asistir al espacio: Fermín y Raphinha. Lo que no tiene es otro extremo que se lleve marcas al otro lado.,True,ScarFace2824,2051299296209727735,False,0,0,es,2051299176332345664,0,https://x.com/ScarFace2824/status/2051299298818535630,used-in-web-article,julian-te-sube-el-nivel-diomande-te-cambia-el-techo
2051299296209727735,2026-05-04 13:53:58+00:00,"Fermín te da parte del perfil que buscas en Julián: presión, llegada, ruptura, movilidad y relación con Lamine. No digo que sea mejor jugador, digo que el Barça ya tiene dentro un perfil parecido para ese rol.",True,ScarFace2824,2051299187732488695,False,0,0,es,2051299176332345664,0,https://x.com/ScarFace2824/status/2051299296209727735,used-in-web-article,julian-te-sube-el-nivel-diomande-te-cambia-el-techo
2051299187732488695,2026-05-04 13:53:32+00:00,"Además, después de la temporada de Fermín en números y titularidades, me cuesta verlo otra vez reducido a rotación. Sus datos de contribución por 90 son muy serios. Si fichas a Julián, ¿dónde queda Fermín?",True,ScarFace2824,2051299184469270917,False,0,0,es,2051299176332345664,0,https://x.com/ScarFace2824/status/2051299187732488695,used-in-web-article,julian-te-sube-el-nivel-diomande-te-cambia-el-techo
2051299184469270917,2026-05-04 13:53:31+00:00,"Mi duda es el encaje: Julián de 9 y Fermín de mediapunta pueden pisarse mucho. Los dos atacan espacios, presionan, llegan, caen a zonas intermedias y viven de la movilidad. Con Asllani + Fermín veo roles más complementarios.",True,ScarFace2824,2051299181701005592,False,0,0,es,2051299176332345664,0,https://x.com/ScarFace2824/status/2051299184469270917,used-in-web-article,julian-te-sube-el-nivel-diomande-te-cambia-el-techo
2051299181701005592,2026-05-04 13:53:30+00:00,"El debate no es si Julián es bueno. Es buenísimo. Presiona, remata, se mueve, cae a recibir, tiene calidad lejos del área, autosuficiencia y hasta amenaza en faltas. Sería un fichaje de nivel.",True,ScarFace2824,2051299179025006960,False,0,0,es,2051299176332345664,0,https://x.com/ScarFace2824/status/2051299181701005592,used-in-web-article,julian-te-sube-el-nivel-diomande-te-cambia-el-techo
2051299179025006960,2026-05-04 13:53:30+00:00,"Con las salidas que venimos hablando, el balance sería:

Ventas: 256M€ 

Compras: Bastoni 60 Palestra 30 Cancelo 0 Julián 90 Asllani 25 Schjelderup 23

TOTAL: 228M€ Balance: +28M€",True,ScarFace2824,2051299176332345664,False,0,0,es,2051299176332345664,0,https://x.com/ScarFace2824/status/2051299179025006960,used-in-web-article,julian-te-sube-el-nivel-diomande-te-cambia-el-techo
2051299176332345664,2026-05-04 13:53:29+00:00,"Si el Barça acaba fichando a Julián y NO se va Raphinha, para mí la mayor pérdida del mercado sería no traer a Diomande. https://t.co/XXTYPEI84O",False,,,False,0,0,es,2051299176332345664,1,https://x.com/ScarFace2824/status/2051299176332345664,used-in-web-article,julian-te-sube-el-nivel-diomande-te-cambia-el-techo
2051258448034070631,2026-05-04 11:11:39+00:00,@elitelliZN Yo soy más de estas 2 https://t.co/6oyY6ARNPF,True,elitelliZN,2051228548824694902,False,2,0,es,2051258448034070631,2,https://x.com/ScarFace2824/status/2051258448034070631,reply-archive,
2051058778296971696,2026-05-03 21:58:14+00:00,"Vender a Raphinha no sería solo cambiar un extremo. Sería financiar una revolución: Bastoni para salida y jerarquía, Van de Ven para corregir, Palestra para potenciar a Lamine, Diomande para quitarle marcas, Fermín falso 9 y Asllani 9 asociativo

@Deco20oficial @JoanLaportaFCB https://t.co/sPZ6NDgi5R",True,ScarFace2824,2051058770050969945,False,0,0,es,2051058672130752733,1,https://x.com/ScarFace2824/status/2051058778296971696,used-in-web-article,revolucion-si-sale-raphinha|fermin-de-9-y-laterales-asimetricos
2051058770050969945,2026-05-03 21:58:12+00:00,"Segunda línea del plan:

Eric, Gerard Martín y Álvaro Cortés como recambios de Van de Ven, Bastoni y Cubarsí.
Espart y Fort para el carril. 
Tommy como apuesta de club.
Kochen y Yaako en portería si esperas 1 año para traer a Remiro libre en 2027. https://t.co/7Q848k1aCF",True,ScarFace2824,2051058761498816551,False,0,0,es,2051058672130752733,3,https://x.com/ScarFace2824/status/2051058770050969945,used-in-web-article,revolucion-si-sale-raphinha|fermin-de-9-y-laterales-asimetricos
2051058761498816551,2026-05-03 21:58:10+00:00,"En el medio no me volvería loco. Con Bernal, De Jong, Pedri, Gavi, Olmo y Tommy Marqués lo tienes bastante cubierto. Kees Smit me gusta, pero en este escenario no debe ir por delante de Van de Ven, Diomande o Bastoni. En todo caso Bernardo Silva libre para aportar EXPERIENCIA. https://t.co/Okb7BVx6FS",True,ScarFace2824,2051058754892804524,False,0,0,es,2051058672130752733,1,https://x.com/ScarFace2824/status/2051058761498816551,used-in-web-article,revolucion-si-sale-raphinha|fermin-de-9-y-laterales-asimetricos
2051058754892804524,2026-05-03 21:58:08+00:00,"El 4-3-3 con 3 medios te da más control y te deja mejor posicionado tras pérdida. Y eso también ayuda a la famosa “línea alta”: muchas veces el problema no es la altura, sino la falta de presión sobre el poseedor.",True,ScarFace2824,2051058751809937550,False,0,0,es,2051058672130752733,0,https://x.com/ScarFace2824/status/2051058754892804524,used-in-web-article,revolucion-si-sale-raphinha|fermin-de-9-y-laterales-asimetricos
2051058751809937550,2026-05-03 21:58:07+00:00,"Puedes alternar entre dos ideas:

4-3-3 / 3 medios:
Bernal/De Jong
Gavi - Pedri
Diomande - Fermín - Lamine

4-2-3-1:
Bernal/De Jong + Pedri/Gavi
Lamine - Fermín - Diomande
Asllani

Dos planes, misma plantilla.",True,ScarFace2824,2051058748039340451,False,0,0,es,2051058672130752733,0,https://x.com/ScarFace2824/status/2051058751809937550,used-in-web-article,revolucion-si-sale-raphinha|fermin-de-9-y-laterales-asimetricos
2051058748039340451,2026-05-03 21:58:07+00:00,"Con la salida de Raphinha, la figura de Fermín como 9 móvil gana todavía más sentido. Sin un extremo que ataque tanto el área desde el lado débil, necesitas que alguien rompa al espacio y llegue desde dentro. Fermín ya te da ese perfil falso 9, agresividad y llegada
@Blayasensat https://t.co/kVlnSZhGDS",True,ScarFace2824,2051058739852013670,False,0,0,es,2051058672130752733,3,https://x.com/ScarFace2824/status/2051058748039340451,used-in-web-article,revolucion-si-sale-raphinha|fermin-de-9-y-laterales-asimetricos
2051058739852013670,2026-05-03 21:58:05+00:00,"Y con la salida de Raphinha, el fichaje de Víctor Muñoz sí empieza a tener mucho más sentido como ese ""carrilero"". Necesitas dos extremos si tampoco sigue Rashford. Víctor te da amplitud, recorrido y un perfil más natural de banda para suplir a Diomande. https://t.co/Qg1P8l7l0Z",True,ScarFace2824,2051058732365160764,False,0,0,es,2051058672130752733,1,https://x.com/ScarFace2824/status/2051058739852013670,used-in-web-article,revolucion-si-sale-raphinha|fermin-de-9-y-laterales-asimetricos
2051058732365160764,2026-05-03 21:58:03+00:00,"Diomande te da justo eso: desborde, 1v1 y amenaza constante. Ahora que Lamine está lesionado se ve clarísimo: a la plantilla actual le falta un extremo que desborde por sí mismo. Con Diomande dejarías de depender tanto de él.",True,ScarFace2824,2051058729366212743,False,1,0,es,2051058672130752733,0,https://x.com/ScarFace2824/status/2051058732365160764,used-in-web-article,revolucion-si-sale-raphinha|fermin-de-9-y-laterales-asimetricos
2051058729366212743,2026-05-03 21:58:02+00:00,"En la otra banda aparecería Diomande, liberado para generar por sí mismo. Y esto es fundamental: si no quieres que Lamine reciba siempre con 2 o 3 encima, necesitas un extremo al otro lado que también asuste de verdad.",True,ScarFace2824,2051058726295961745,False,0,0,es,2051058672130752733,0,https://x.com/ScarFace2824/status/2051058729366212743,used-in-web-article,revolucion-si-sale-raphinha|fermin-de-9-y-laterales-asimetricos
2051058726295961745,2026-05-03 21:58:01+00:00,"Palestra sería clave en la banda de Lamine. No solo por profundidad, sino por apoyo. Cuando Lamine conduzca hacia dentro, Palestra ataca la banda. Cuando Lamine se quede fuera, Palestra puede doblar o asociarse para quitarle marcas.",True,ScarFace2824,2051058722508542357,False,0,0,es,2051058672130752733,0,https://x.com/ScarFace2824/status/2051058726295961745,used-in-web-article,revolucion-si-sale-raphinha|fermin-de-9-y-laterales-asimetricos
2051058722508542357,2026-05-03 21:58:00+00:00,"¿Por qué Van de Ven? Porque es rapidísimo, corrector a la espalda y te protege la línea adelantada. Además, al estar cubierto por Cubarsí y Bastoni, puede también conducir y sumar desde atrás. Para este sistema me encaja más que Vuskovic que brilla en acciones de bloque bajo. https://t.co/L3yLDTbx8V",True,ScarFace2824,2051058716317814836,False,0,0,es,2051058672130752733,2,https://x.com/ScarFace2824/status/2051058722508542357,used-in-web-article,revolucion-si-sale-raphinha|fermin-de-9-y-laterales-asimetricos
2051058716317814836,2026-05-03 21:57:59+00:00,"El tercer central es donde iría de verdad el dinero de la venta de Raphinha. Y yo ahí prefiero a Van de Ven antes que a Vuskovic o Jon Martín. Si vas a defender tan arriba, necesitas un corrector top.",True,ScarFace2824,2051058713457283496,False,0,0,es,2051058672130752733,0,https://x.com/ScarFace2824/status/2051058716317814836,used-in-web-article,revolucion-si-sale-raphinha|fermin-de-9-y-laterales-asimetricos
2051058713457283496,2026-05-03 21:57:58+00:00,"Cubarsí también saldría beneficiado. Con Bastoni al lado tendría un líder defensivo y, además, desde su nuevo rol como central diestro tendría más ocasiones para filtrar pases como hace ahora Eric. Le darías un contexto aún más favorable.",True,ScarFace2824,2051058710802207079,False,0,0,es,2051058672130752733,0,https://x.com/ScarFace2824/status/2051058713457283496,used-in-web-article,revolucion-si-sale-raphinha|fermin-de-9-y-laterales-asimetricos
2051058710802207079,2026-05-03 21:57:58+00:00,"Y estadísticamente encaja mucho: Bastoni ha estado entre los centrales top en pases al área y en pases rompe-líneas en el último tercio. Eso potenciaría al extremo cercano, al alejado y al 9 atacando espacio o recibiendo entre líneas.",True,ScarFace2824,2051058708029812915,False,0,0,es,2051058672130752733,0,https://x.com/ScarFace2824/status/2051058710802207079,used-in-web-article,revolucion-si-sale-raphinha|fermin-de-9-y-laterales-asimetricos
2051058708029812915,2026-05-03 21:57:57+00:00,"Además, en el Inter no se queda atrás: muchas veces abandona la línea, pisa mediocampo, aparece en la frontal o en el pico del área y centra como si fuera un lateral/interior zurdo. O sea: este rol ya lo hace.",True,ScarFace2824,2051058705530073213,False,0,0,es,2051058672130752733,0,https://x.com/ScarFace2824/status/2051058708029812915,used-in-web-article,revolucion-si-sale-raphinha|fermin-de-9-y-laterales-asimetricos
2051058705530073213,2026-05-03 21:57:56+00:00,"¿Qué aporta Bastoni? Capacidad brutal para superar la presión. Pase vertical sin necesidad de preparar mucho la acción, diagonales tensas y visión para encontrar al compañero libre entre líneas o al extremo alejado.",True,ScarFace2824,2051058702526841320,False,0,0,es,2051058672130752733,0,https://x.com/ScarFace2824/status/2051058705530073213,used-in-web-article,revolucion-si-sale-raphinha|fermin-de-9-y-laterales-asimetricos
2051058702526841320,2026-05-03 21:57:56+00:00,"Bastoni no es solo un central. Te da salida de balón top, jerarquía y liderazgo. Y además está acostumbrado a defender hacia delante, saltar a perseguir, romper líneas y aparecer en zonas altas. Encaja perfecto en un Barça de línea adelantada.",True,ScarFace2824,2051058699196620871,False,0,0,es,2051058672130752733,0,https://x.com/ScarFace2824/status/2051058702526841320,used-in-web-article,revolucion-si-sale-raphinha|fermin-de-9-y-laterales-asimetricos
2051058699196620871,2026-05-03 21:57:55+00:00,Esto también mitiga la crítica típica a Bastoni: “es que en el Inter juega con 3”. Precisamente por eso encaja. En este plan seguiría defendiendo y atacando desde una estructura muy parecida a la que ya domina. https://t.co/wzTOHGp4Es,True,ScarFace2824,2051058692838003190,False,0,0,es,2051058672130752733,1,https://x.com/ScarFace2824/status/2051058699196620871,used-in-web-article,revolucion-si-sale-raphinha|fermin-de-9-y-laterales-asimetricos
2051058692838003190,2026-05-03 21:57:53+00:00,"El CAMBIO táctico es simple: 
 
Hansi dibuja una salida de 3 con lateral derecho defensivo CON Kounde o Eric y lateral izquierdo ofensivo cona cancelo o Balde.

Yo la “GIRARÍA”: Bastoni como lateral izquierdo defensivo/central izquierdo y Palestra como lateral derecho ofensivo. https://t.co/vMOd5BM8u9",True,ScarFace2824,2051058685506433133,False,0,0,es,2051058672130752733,2,https://x.com/ScarFace2824/status/2051058692838003190,used-in-web-article,revolucion-si-sale-raphinha|fermin-de-9-y-laterales-asimetricos
2051058685506433133,2026-05-03 21:57:52+00:00,"3/ Compras base del plan:

Diomande 100 Bastoni 60 Van de Ven 40 Palestra 30 Asllani 25 Cancelo 0 Víctor Muñoz 20

TOTAL: 275M€

Balance: +71M€

Si luego quieres portero suplente tipo Remiro con intercambio con Iñaki o Ter Stegen, sino esperar a que quede libre. https://t.co/gADayhlTvA",True,ScarFace2824,2051058677793116334,False,0,0,es,2051058672130752733,1,https://x.com/ScarFace2824/status/2051058685506433133,used-in-web-article,revolucion-si-sale-raphinha|fermin-de-9-y-laterales-asimetricos
2051058677793116334,2026-05-03 21:57:50+00:00,"Balance estimado de ventas:

Raphinha 90
Koundé 80
Balde 60
Araújo 30
Ferran 40
Casadó 30
Ansu 11
Iñaki Peña 5
Ter Stegen/Szczesny/Christensen/Rashford/Lewy 0

TOTAL: 346M€ https://t.co/2HRDNh7U6j",True,ScarFace2824,2051058672130752733,False,0,0,fi,2051058672130752733,1,https://x.com/ScarFace2824/status/2051058677793116334,used-in-web-article,revolucion-si-sale-raphinha|fermin-de-9-y-laterales-asimetricos
2051058672130752733,2026-05-03 21:57:48+00:00,"Si se vende a Raphinha, yo no iría a por un sustituto parecido. 
Haría una revolución táctica: usar su venta para cambiar la estructura del equipo y elevar el techo con 
Bastoni
Palestra
Diomande
Asllani
VAN DE VEN
Victor Muñoz

(Dudo que se de un mercado con tantas operaciones) https://t.co/6SoFZBbj3l",False,,,False,2,0,es,2051058672130752733,1,https://x.com/ScarFace2824/status/2051058672130752733,used-in-web-article,revolucion-si-sale-raphinha|fermin-de-9-y-laterales-asimetricos
2050862941738561551,2026-05-03 09:00:03+00:00,"@ShadowMonarch23 Bastoni, Cancelo y Bernardo te dan experiencia el resto no hace falta que hayan nacido el siglo pasado",True,ShadowMonarch23,2050854329674858799,False,1,0,es,2050862941738561551,0,https://x.com/ScarFace2824/status/2050862941738561551,reply-archive,
2050741791171752196,2026-05-03 00:58:38+00:00,@Deco20oficial @JoanLaportaFCB https://t.co/xTS8yOCLaB,True,ScarFace2824,2050602713885364639,False,0,0,qme,2050602526232174649,1,https://x.com/ScarFace2824/status/2050741791171752196,used-in-web-article,mercado-ideal-si-se-queda-raphinha|fermin-de-9-y-laterales-asimetricos
2091814108790169651,2026-08-24 09:05:22+00:00,@ShadowMonarch23 Atleti no seria una sorpresa?,True,ShadowMonarch23,2091810606051405898,False,0,0,es,2091814108790169651,0,https://x.com/ScarFace2824/status/2091814108790169651,reply-archive,
2091807659640893725,2026-08-24 08:39:44+00:00,"@Torren__ Pon al resto de equipos, quiero comprobar una cosa.",True,Torren__,2091788483878658128,False,0,0,es,2091807659640893725,0,https://x.com/ScarFace2824/status/2091807659640893725,reply-archive,
2091806822428528727,2026-08-24 08:36:25+00:00,"@BarcelonaValor Sigue faltando un atacante, no puedes acabar con Cancelo de extremo",True,BarcelonaValor,2091635103919382716,False,0,0,es,2091806822428528727,0,https://x.com/ScarFace2824/status/2091806822428528727,reply-archive,
2091806666266161345,2026-08-24 08:35:47+00:00,"@Somhiseremfcb @TheAthleticFC Que se marquen un Joao Felix 2.0, nosotros a por Tresoldi y los traemos a los dos por menos de 130M",True,Somhiseremfcb,2091805630034035006,False,15,0,es,2091806666266161345,0,https://x.com/ScarFace2824/status/2091806666266161345,reply-archive,
2091806201214316626,2026-08-24 08:33:56+00:00,@IsmaelCanellas Luego van a buscar a un local para pronunciar bien a un jugador random polaco,True,IsmaelCanellas,2091627335090929803,False,0,0,es,2091806201214316626,0,https://x.com/ScarFace2824/status/2091806201214316626,reply-archive,
2091804250414174294,2026-08-24 08:26:11+00:00,@10JoseAlvarez @gerardromero sabe cosas https://t.co/7bdSHkLUO4,True,10JoseAlvarez,2091657397836136762,False,0,0,es,2091804250414174294,1,https://x.com/ScarFace2824/status/2091804250414174294,reply-archive,
2091802915795026006,2026-08-24 08:20:53+00:00,@JaqueMarquez7 A ver cuando le toque pelearse con los centrales,True,JaqueMarquez7,2091623271099740499,False,0,0,es,2091802915795026006,0,https://x.com/ScarFace2824/status/2091802915795026006,reply-archive,
2091798974348869957,2026-08-24 08:05:13+00:00,@Reghozwtf Kees Smit y encima solo le quedará un año de contrato.,True,Reghozwtf,2091758133290963237,False,10,0,es,2091798974348869957,0,https://x.com/ScarFace2824/status/2091798974348869957,reply-archive,
2091798184959840713,2026-08-24 08:02:05+00:00,@Atleti_Offside Le pitais todo el partido y quieres que vaya a aplaudiros?,True,Atleti_Offside,2091573245384270053,False,0,0,es,2091798184959840713,0,https://x.com/ScarFace2824/status/2091798184959840713,reply-archive,
2091797876384915479,2026-08-24 08:00:52+00:00,Conclusiones de la Jornada 1: https://t.co/bFbZm6GfWP,False,,,False,0,0,es,2091797876384915479,2,https://x.com/ScarFace2824/status/2091797876384915479,used-in-web-article,conclusiones-de-la-jornada-1
2091795855913214029,2026-08-24 07:52:50+00:00,@Padremany1 Oximoron,True,Padremany1,2091637437692772522,False,0,0,und,2091795855913214029,0,https://x.com/ScarFace2824/status/2091795855913214029,reply-archive,
2091795613645946968,2026-08-24 07:51:52+00:00,"@dembelismo99_ Lo valoras con una defensa adelantada. Va a sufrir en Liga contra equipos encerrados, hay partidos de muestra en la temporada pasada.",True,dembelismo99_,2091623443292733768,False,0,0,es,2091795613645946968,0,https://x.com/ScarFace2824/status/2091795613645946968,reply-archive,
2091795159532900736,2026-08-24 07:50:04+00:00,"@planetabarcaa Mucho mejor que Rashford. 
Te da sus numeros pero te aporta mucho más al juego colectivo y sobretodo sin balón.",True,planetabarcaa,2091624671447777491,False,0,0,es,2091795159532900736,0,https://x.com/ScarFace2824/status/2091795159532900736,reply-archive,
2091793861618057485,2026-08-24 07:44:54+00:00,@Padremany1 Frenkie debe salir independientemente. Como pasa con Balde y como ha pasado con Ferran.,True,Padremany1,2091660493739921855,False,0,0,es,2091793861618057485,0,https://x.com/ScarFace2824/status/2091793861618057485,reply-archive,
2091793462240633230,2026-08-24 07:43:19+00:00,"@GallineroBlau Yo creo que es un fichaje por FOMO, para que luego no te arrepientas como pasa con Pubill.",True,GallineroBlau,2091782204141498848,False,1,0,es,2091793462240633230,0,https://x.com/ScarFace2824/status/2091793462240633230,reply-archive,
2091793292895649902,2026-08-24 07:42:39+00:00,"@ElModelin Más sabiendo que para lo que necesitas el 9 es para un flujo constante de goles en partidos más cerrados que son los que te encuentras mayoritariamente en Liga. En Champions te encontrarás partidos como el de ayer, que con estos puñales a la espalda rival te vas a hinchar.",True,ElModelin,2091648193155224042,False,0,0,es,2091793292895649902,0,https://x.com/ScarFace2824/status/2091793292895649902,reply-archive,
2091649636243321012,2026-08-23 22:11:48+00:00,"@dembelismo99_ Cuando se pone a Cancelo de extremo es porque falta un atacante. Preferiblemente, Tresoldi para dejar que Julián se siga devaluando.",True,dembelismo99_,2091643508318994729,False,0,0,es,2091649636243321012,0,https://x.com/ScarFace2824/status/2091649636243321012,reply-archive,
2091592550658572440,2026-08-23 18:24:58+00:00,"@sirfcb_ @FCBarcelona_cat Al contrari, es moment de que la oferta caduqui. Están desesperats. Després ens queixem que no sabem fitxar.",True,sirfcb_,2091590613959356750,False,1,0,ca,2091592550658572440,0,https://x.com/ScarFace2824/status/2091592550658572440,reply-archive,
2091591688741380349,2026-08-23 18:21:33+00:00,"@jotajordi13 Lo que hay que pedir ahora es que:
1 Bajen la oferta, ahora tenemos nosotros la sartén por el mango y están totalmente desesperados. 
2 que cierren a Salinas antes de darles el dinero para que lo fichen ellos",True,jotajordi13,2091577514304872561,False,0,0,es,2091591688741380349,0,https://x.com/ScarFace2824/status/2091591688741380349,reply-archive,
2091591220212474316,2026-08-23 18:19:41+00:00,@dembelismo99_ Espero que el club lo aproveche para bajar la oferta,True,dembelismo99_,2091553714922205625,False,0,0,es,2091591220212474316,0,https://x.com/ScarFace2824/status/2091591220212474316,reply-archive,
2050699191563763978,2026-05-02 22:09:22+00:00,@Mart1Aarn Y el equipo en general?,True,Mart1Aarn,2050696718996406303,False,0,0,es,2050699191563763978,0,https://x.com/ScarFace2824/status/2050699191563763978,reply-archive,
2050681689211379726,2026-05-02 20:59:49+00:00,@RevenRV Por eso el fichaje es Diomande.,True,RevenRV,2050657131758514674,False,5,0,es,2050681689211379726,0,https://x.com/ScarFace2824/status/2050681689211379726,reply-archive,
2050681060795511051,2026-05-02 20:57:19+00:00,@Mart1Aarn Se sigue pidiendo un 9 para que cuando no esté Lamine no haya nadie que genere peligro ni se vaya de su marca.,True,Mart1Aarn,2050674055741677760,False,1,0,es,2050681060795511051,0,https://x.com/ScarFace2824/status/2050681060795511051,reply-archive,
2050606050525544901,2026-05-02 15:59:15+00:00,@LaNuevaEraFCB_ Por eso no hace falta Julianes ni Joao Pedros y menos a 100M,True,LaNuevaEraFCB_,2050591140706152652,False,0,0,es,2050606050525544901,0,https://x.com/ScarFace2824/status/2050606050525544901,reply-archive,
2050602713885364639,2026-05-02 15:46:00+00:00,"Mercado para un Barça de Hansi Flick para ganarlo todo durante los próximos 10/15 años
@Deco20oficial @JoanLaportaFCB https://t.co/1oc5qSHWph",True,ScarFace2824,2050602642909409789,False,0,0,es,2050602526232174649,2,https://x.com/ScarFace2824/status/2050602713885364639,used-in-web-article,mercado-ideal-si-se-queda-raphinha|fermin-de-9-y-laterales-asimetricos
2050602642909409789,2026-05-02 15:45:43+00:00,"Resumen 

Bastoni te ordena atrás.
Palestra potencia a Lamine.
Diomande quita marcas a Lamine.
Fermín te evita gastar 100M en Julián o Joao Pedro.
Asllani te da el 9 asociativo que falta.
Gavi/Raphinha/Fermín/Diomande sostienen la presión.",True,ScarFace2824,2050602640300556758,False,0,0,es,2050602526232174649,0,https://x.com/ScarFace2824/status/2050602642909409789,used-in-web-article,mercado-ideal-si-se-queda-raphinha|fermin-de-9-y-laterales-asimetricos
2050602640300556758,2026-05-02 15:45:42+00:00,"Cantera a tener en cuenta:

Dani Rodríguez
Jofre Torrents
Patricio Pacífico si se recupera bien y acaba llegando
Ebrima Tunkara
Juan Hernández

No todo debe solucionarse fichando.",True,ScarFace2824,2050602637494460854,False,0,0,es,2050602526232174649,0,https://x.com/ScarFace2824/status/2050602640300556758,used-in-web-article,mercado-ideal-si-se-queda-raphinha|fermin-de-9-y-laterales-asimetricos
2050602637494460854,2026-05-02 15:45:41+00:00,"Segunda línea cubierta:

Gerard Martín
Eric García
Xavi Espart
Héctor Fort
Tommy Marqués
Olmo
Bernal compitiendo con De Jong
Kochen
Yaakobishvili

Y más Masia para ir metiendo poco a poco.",True,ScarFace2824,2050602634633965895,False,0,0,es,2050602526232174649,0,https://x.com/ScarFace2824/status/2050602637494460854,used-in-web-article,mercado-ideal-si-se-queda-raphinha|fermin-de-9-y-laterales-asimetricos
2050602634633965895,2026-05-02 15:45:41+00:00,"Plantilla de muchas alternativas:

4-3-3 con 3 medios.
4-2-3-1 con Fermín mediapunta y Asllani 9.
Ataque de extremos con falso 9.
Ataque con punta referencia.
Lateral izquierdo ofensivo con Cancelo o defensivo con Gerard
Lateral derecho ofensivo con Palestra o defensivo con Eric https://t.co/5K8Ld5WlCk",True,ScarFace2824,2050602626601910773,False,0,0,es,2050602526232174649,2,https://x.com/ScarFace2824/status/2050602634633965895,used-in-web-article,mercado-ideal-si-se-queda-raphinha|fermin-de-9-y-laterales-asimetricos
2050602626601910773,2026-05-02 15:45:39+00:00,"De suplente, Xavi Espart gana protagonismo.

Al venir de mediocentro y reconvertirse a lateral, puede dar otra variante: no tanto carrilero profundo, sino lateral que se mete por dentro y aparece en frontal mientras Lamine ocupa banda. https://t.co/lyZBmKEzX1",True,ScarFace2824,2050602620721541325,False,0,0,es,2050602526232174649,1,https://x.com/ScarFace2824/status/2050602626601910773,used-in-web-article,mercado-ideal-si-se-queda-raphinha|fermin-de-9-y-laterales-asimetricos
2050602620721541325,2026-05-02 15:45:37+00:00,"Así Lamine deja de estar solo.

Ahora muchas veces recibe, atrae a medio equipo rival y tiene que resolver sin apoyo claro. Con Palestra, tiene una vía de pase, una amenaza exterior y alguien que aproveche los espacios que él genera.",True,ScarFace2824,2050602617227628979,False,0,0,es,2050602526232174649,0,https://x.com/ScarFace2824/status/2050602620721541325,used-in-web-article,mercado-ideal-si-se-queda-raphinha|fermin-de-9-y-laterales-asimetricos
2050602617227628979,2026-05-02 15:45:36+00:00,"Palestra es otra pieza clave.

No lo fichas solo como lateral. Lo fichas como socio de Lamine.

Cuando Lamine conduzca hacia dentro, Palestra ocupa la banda. Cuando Lamine se quede abierto, Palestra puede doblar o apoyar por dentro. https://t.co/8dyYHJfKMm",True,ScarFace2824,2050602609740841397,False,0,0,es,2050602526232174649,1,https://x.com/ScarFace2824/status/2050602617227628979,used-in-web-article,mercado-ideal-si-se-queda-raphinha|fermin-de-9-y-laterales-asimetricos
2050602609740841397,2026-05-02 15:45:35+00:00,"Bastoni potencia a Cubarsí.

Cubarsí queda más cómodo como central derecho, con un líder zurdo al lado que ordena salida, juega vertical y encuentra al extremo propio, al alejado o al 9 atacando espacios. https://t.co/bNEXXYo8r2",True,ScarFace2824,2050602601922650585,False,0,0,es,2050602526232174649,1,https://x.com/ScarFace2824/status/2050602609740841397,used-in-web-article,mercado-ideal-si-se-queda-raphinha|fermin-de-9-y-laterales-asimetricos
2050602601922650585,2026-05-02 15:45:33+00:00,"Bastoni también ayuda a eso.

No es solo el mejor central con balón. Está acostumbrado en el Inter a defender hacia adelante, saltar a perseguir, romper líneas con pase y aparecer en zonas altas. Te da jerarquía y salida, algo que se perdió sin Iñigo. https://t.co/Mith2jqVv9",True,ScarFace2824,2050602596105085101,False,0,0,es,2050602526232174649,1,https://x.com/ScarFace2824/status/2050602601922650585,used-in-web-article,mercado-ideal-si-se-queda-raphinha|fermin-de-9-y-laterales-asimetricos
2050602596105085101,2026-05-02 15:45:31+00:00,"Muchas veces se culpa a la línea alta, pero el problema empieza antes: si no presionas al poseedor, cualquier defensa sufre.

Con Diomande, Raphinha, Fermín y Gavi tienes piernas, agresividad y presión tras pérdida para sostener mejor ese sistema.",True,ScarFace2824,2050602592636408028,False,0,0,es,2050602526232174649,0,https://x.com/ScarFace2824/status/2050602596105085101,used-in-web-article,mercado-ideal-si-se-queda-raphinha|fermin-de-9-y-laterales-asimetricos
2050602592636408028,2026-05-02 15:45:31+00:00,"Este Mercado te permite meter 3 medios:

Bernal/De Jong
Gavi - Pedri

Más control, más posesión y mejores distancias tras pérdida. Eso ayuda a proteger la línea alta mejor que fichar solo centrales rápidos. https://t.co/XVggMJDsCZ",True,ScarFace2824,2050602585736851617,False,0,0,es,2050602526232174649,1,https://x.com/ScarFace2824/status/2050602592636408028,used-in-web-article,mercado-ideal-si-se-queda-raphinha|fermin-de-9-y-laterales-asimetricos
2050602585736851617,2026-05-02 15:45:29+00:00,"Fermín te da presión, ruptura, llegada, golpeo y relación natural con Lamine. Ataca los espacios que Lamine genera cuando atrae rivales.

Por eso no necesitas pagar una fortuna por otro perfil Julián. Lo tienes en casa. https://t.co/sHFxGBfy2c",True,ScarFace2824,2050602578828775931,False,0,0,es,2050602526232174649,1,https://x.com/ScarFace2824/status/2050602585736851617,used-in-web-article,mercado-ideal-si-se-queda-raphinha|fermin-de-9-y-laterales-asimetricos
2050602578828775931,2026-05-02 15:45:27+00:00,"¿Por qué Asllani?
Porque te da un perfil de 9 que ahora falta: alto, asociativo, fijador, capaz de bajar a recibir, dar continuidad y no perder cada balón que pasa por él. https://t.co/9ebL7sAv3N",True,ScarFace2824,2050602571950178638,False,1,0,es,2050602526232174649,1,https://x.com/ScarFace2824/status/2050602578828775931,used-in-web-article,mercado-ideal-si-se-queda-raphinha|fermin-de-9-y-laterales-asimetricos
2050602571950178638,2026-05-02 15:45:26+00:00,"¿Qué te permitiría Diomande + Asllani?

Tener dos planes:

Plan PSG:
Diomande - Raphinha - Lamine
Ataque móvil, intercambio constante, extremos que pueden ir por dentro o fuera.

Plan Bayern:
                     Asllani
Diomande - Fermin - Lamine
9 asociativo y dos extremos top. https://t.co/0pr2EeMWCX",True,ScarFace2824,2050602566711447840,False,1,0,es,2050602526232174649,1,https://x.com/ScarFace2824/status/2050602571950178638,used-in-web-article,mercado-ideal-si-se-queda-raphinha|fermin-de-9-y-laterales-asimetricos
2050602566711447840,2026-05-02 15:45:24+00:00,"Además, Diomande tiene 19/20 años. Te puede dar un ciclo de 8-10 años.

Julián ya entra en otra fase de edad y coste. Es un jugadorazo, pero si pagas 90M ahora, quizá en 2 años vuelves a necesitar un extremo top cuando Raphinha note más el paso de los años.",True,ScarFace2824,2050602564194873491,False,1,0,es,2050602526232174649,0,https://x.com/ScarFace2824/status/2050602566711447840,used-in-web-article,mercado-ideal-si-se-queda-raphinha|fermin-de-9-y-laterales-asimetricos
2050602564194873491,2026-05-02 15:45:24+00:00,"Más datos:

Recuperaciones tras presión:
Diomande 5,23
Vini 4,37

Presiones ajustadas:
Diomande 21,09
Vini 21,57

Pérdidas:
Diomande 4,43
Vini 5,43

Es un extremo que desborda, crea y encima encaja en una presión alta de Flick.",True,ScarFace2824,2050602561237893323,False,1,0,es,2050602526232174649,0,https://x.com/ScarFace2824/status/2050602564194873491,used-in-web-article,mercado-ideal-si-se-queda-raphinha|fermin-de-9-y-laterales-asimetricos
2050602561237893323,2026-05-02 15:45:23+00:00,"Datos de Diomande vs Vinicius:

Regates exitosos/90: Diomande 3,68 Vini 2,55

Pases al área: Diomande 1,99 Vini 1,37

xA en juego: Diomande 0,27 Vini 0,14

No es solo G/A. Es perfil diferencial.

@Blayasensat https://t.co/Lp97vR84QC",True,ScarFace2824,2050602555550376437,False,0,0,es,2050602526232174649,1,https://x.com/ScarFace2824/status/2050602561237893323,used-in-web-article,mercado-ideal-si-se-queda-raphinha|fermin-de-9-y-laterales-asimetricos
2050602555550376437,2026-05-02 15:45:22+00:00,"Diomande te cambia el techo.

Con él, el Barça tendría dos focos de desequilibrio: Lamine en una banda y Diomande en la otra. Si el rival carga ayudas sobre Lamine, cambio de orientación y Diomande queda en ventaja. Si cargan sobre Diomande, aparece Lamine.",True,ScarFace2824,2050602552551494134,False,1,0,es,2050602526232174649,0,https://x.com/ScarFace2824/status/2050602555550376437,used-in-web-article,mercado-ideal-si-se-queda-raphinha|fermin-de-9-y-laterales-asimetricos
2050602552551494134,2026-05-02 15:45:21+00:00,"Por eso el dinero debe ir a Diomande.

No necesitas otro delantero móvil carísimo si ya tienes a Fermín. Necesitas otro extremo que obligue al rival a dividir ayudas, que gane 1v1 y que haga que Lamine deje de atacar siempre contra 2 o 3. https://t.co/nwO9eSGOYu",True,ScarFace2824,2050602546704621975,False,1,0,es,2050602526232174649,1,https://x.com/ScarFace2824/status/2050602552551494134,used-in-web-article,mercado-ideal-si-se-queda-raphinha|fermin-de-9-y-laterales-asimetricos
2050602546704621975,2026-05-02 15:45:20+00:00,"Lamine ya tiene jugadores a los que asistir al espacio: Fermín y Raphinha. El problema no es solo quién remata o quién corre. El problema es que muchas veces Lamine recibe con 2, 3 o 4 marcas encima y no hay otra amenaza igual al otro lado. https://t.co/lPpjgJPoMS",True,ScarFace2824,2050602539561750677,False,0,0,es,2050602526232174649,1,https://x.com/ScarFace2824/status/2050602546704621975,used-in-web-article,mercado-ideal-si-se-queda-raphinha|fermin-de-9-y-laterales-asimetricos
2050602539561750677,2026-05-02 15:45:18+00:00,"¿Por qué no Julián o João Pedro?

Porque parte de ese perfil ya lo tienes en Fermín: movilidad, presión, llegada, ruptura y capacidad para atacar espacios.

No digo que Fermín sea mejor, digo que ese rol ya lo puedes construir dentro sin gastar 80-100M. https://t.co/odmcNDMx6Z",True,ScarFace2824,2050602532376887726,False,0,0,es,2050602526232174649,2,https://x.com/ScarFace2824/status/2050602539561750677,used-in-web-article,mercado-ideal-si-se-queda-raphinha|fermin-de-9-y-laterales-asimetricos
2050602532376887726,2026-05-02 15:45:16+00:00,"Compras:

Bastoni 60 
Palestra 30 
Cancelo 0 
Diomande 100 
Asllani 25

TOTAL: 215M€

Balance: +41M€

Es un mercado ambicioso, pero no absurdo si las salidas grandes son Koundé, Balde, Ferran, Casadó y Araújo.",True,ScarFace2824,2050602528828428794,False,0,0,es,2050602526232174649,0,https://x.com/ScarFace2824/status/2050602532376887726,used-in-web-article,mercado-ideal-si-se-queda-raphinha|fermin-de-9-y-laterales-asimetricos
2050602528828428794,2026-05-02 15:45:15+00:00,"Balance estimado:

Ventas: 
Ter Stegen 0 
Szczesny 0 
Casadó 30 
Araújo 30 
Koundé 80 
Balde 60 
Christensen 0 
Iñaki Peña 5 
Rashford 0 
Lewandowski 0 
Ferran 40 
Ansu 11

TOTAL: 256M€",True,ScarFace2824,2050602526232174649,False,0,0,fi,2050602526232174649,0,https://x.com/ScarFace2824/status/2050602528828428794,used-in-web-article,mercado-ideal-si-se-queda-raphinha|fermin-de-9-y-laterales-asimetricos
2050602526232174649,2026-05-02 15:45:15+00:00,"Planificación si NO se va Raphinha:

No haría un mercado por ansiedad. Iría a por estructura + techo:

- Bastoni
- Palestra 
- Asllani 
- Diomande

No es fichar nombres, es construir un Barça más completo, menos previsible y dependiente de Lamine

@JoanLaportaFCB @Deco20oficial https://t.co/YG0UxgRcMn",False,,,False,3,1,es,2050602526232174649,1,https://x.com/ScarFace2824/status/2050602526232174649,used-in-web-article,mercado-ideal-si-se-queda-raphinha|fermin-de-9-y-laterales-asimetricos
2050565465034915965,2026-05-02 13:17:59+00:00,https://t.co/8XppUGU0wK,False,,,False,0,0,zxx,2050565465034915965,1,https://x.com/ScarFace2824/status/2050565465034915965,standalone-archive,
2050541747734794462,2026-05-02 11:43:44+00:00,@ShadowMonarch23 Diomande + Asllani,True,ShadowMonarch23,2050528290482401584,False,0,0,ca,2050541747734794462,0,https://x.com/ScarFace2824/status/2050541747734794462,reply-archive,
2050541105054130304,2026-05-02 11:41:11+00:00,@Mart1Aarn Nunca me ha dicho nada,True,Mart1Aarn,2050536136385159472,False,0,0,es,2050541105054130304,0,https://x.com/ScarFace2824/status/2050541105054130304,reply-archive,
2050525875364381049,2026-05-02 10:40:40+00:00,@BlxckNews @noteysuzu Y Espí por cuanto?,True,BlxckNews,2050522062368702841,False,0,0,es,2050525875364381049,0,https://x.com/ScarFace2824/status/2050525875364381049,reply-archive,
2050520962433491088,2026-05-02 10:21:08+00:00,"@SitoFCB @M4rshallfcb2 A julián lo traen ya para ser suplente. En Kvara se gastan 70M para que juegue en su posición cuando ya era titular y tu te quieres gastar más en el suplente. Para financiarles con esos 80 el fichaje del bueno, Diomande. Jugada Maestra.",True,SitoFCB,2050518693906419994,False,0,0,es,2050520962433491088,0,https://x.com/ScarFace2824/status/2050520962433491088,reply-archive,
2050517688431042883,2026-05-02 10:08:08+00:00,@SitoFCB @M4rshallfcb2 80M por un suplente. Digo yo que habrá que hacerle caso al mejor entrenador del mundo.,True,SitoFCB,2050484675215286541,False,0,0,es,2050517688431042883,0,https://x.com/ScarFace2824/status/2050517688431042883,reply-archive,
2050266973083197868,2026-05-01 17:31:53+00:00,"@xavismo006 ""deberia""",True,xavismo006,2050208651533554137,False,0,0,es,2050266973083197868,0,https://x.com/ScarFace2824/status/2050266973083197868,reply-archive,
2050265685444440530,2026-05-01 17:26:46+00:00,"@planetabarcaa Traeria laterales, Eric tiene que ser un comodín, y no por nivel sino por ser el único que te puede cubrir ese rol.",True,planetabarcaa,2050247268305907937,False,0,0,es,2050265685444440530,0,https://x.com/ScarFace2824/status/2050265685444440530,reply-archive,
2050167730335084589,2026-05-01 10:57:31+00:00,@ReshadFCB Diomande fits,True,ReshadRahman,2050166796737782140,False,1,0,en,2050167730335084589,0,https://x.com/ScarFace2824/status/2050167730335084589,reply-archive,
2050146798023426131,2026-05-01 09:34:21+00:00,"@Mart1Aarn Me da miedo los jugadores que brillan en la premier, los espacios que tienen allí no los van encontrar en la liga española. Rashford tiene números por los corners y los centros pero no por sus jugadas ni desborde.",True,Mart1Aarn,2050110162904416398,False,0,0,es,2050146798023426131,0,https://x.com/ScarFace2824/status/2050146798023426131,reply-archive,
2049970601725448445,2026-04-30 21:54:12+00:00,@Mart1Aarn @BarcelonaValor Esta temporada ya se ha perdido muchísimos partidos y más en un jugador que no me imagino otro que dependa más de su físico que él.,True,Mart1Aarn,2049968725252530460,False,0,0,es,2049970601725448445,0,https://x.com/ScarFace2824/status/2049970601725448445,reply-archive,
2049960068230095198,2026-04-30 21:12:21+00:00,"@Mart1Aarn @BlxckNews Jugada maestra. Tendríamos el ataque a lo PSG

Diomande - Raphinha - Lamine

Y el ataque a lo Bayern

                   Asllani
Diomande - Fermin - Lamine

Lo mejor de Europa en una sola plantilla. 
Este es el camino.",True,Mart1Aarn,2049954969571168660,False,3,0,es,2049960068230095198,0,https://x.com/ScarFace2824/status/2049960068230095198,reply-archive,
2049957453932978410,2026-04-30 21:01:58+00:00,@Mart1Aarn Favor a cambio de que ayude con la venta de Balde y la llegada gratis de Cancelo?,True,Mart1Aarn,2049954469002015114,False,1,0,es,2049957453932978410,0,https://x.com/ScarFace2824/status/2049957453932978410,reply-archive,
2049947514204311707,2026-04-30 20:22:28+00:00,@Blayasensat https://t.co/FjNNSOY4Wq,True,Blayasensat,2049943258101346313,False,0,0,qme,2049947514204311707,1,https://x.com/ScarFace2824/status/2049947514204311707,reply-archive,
2049938766979084628,2026-04-30 19:47:42+00:00,@RolsoG A ver si recordamos su paso por wwe eran segmentos fon un tono que ahora ni existe y luchas donde vencía a rivales a priori más fuertes. Es díficil bookear eso cuando llega como leyenda. Yo ahora espero una rivalidad con Paige.,True,RolsoG,2049912755654639667,False,0,0,es,2049938766979084628,0,https://x.com/ScarFace2824/status/2049938766979084628,reply-archive,
2049936641238704180,2026-04-30 19:39:15+00:00,@BlxckNews Diomande + Asllani,True,BlxckNews,2049919915809702025,False,0,0,ca,2049936641238704180,0,https://x.com/ScarFace2824/status/2049936641238704180,reply-archive,
2049934944940540075,2026-04-30 19:32:31+00:00,@Mart1Aarn A que precio?,True,Mart1Aarn,2049930406661591439,False,1,0,pt,2049934944940540075,0,https://x.com/ScarFace2824/status/2049934944940540075,reply-archive,
2049934837574758478,2026-04-30 19:32:05+00:00,"@Mart1Aarn Si no viene Diomande a jugar junto a él o en su lugar, y es como suplente seria Schjelderup si se busca perfil más asociativo o más para finalizar jugadas Godts.",True,Mart1Aarn,2049928602943111585,False,0,0,es,2049934837574758478,0,https://x.com/ScarFace2824/status/2049934837574758478,reply-archive,
2049922773175214448,2026-04-30 18:44:09+00:00,@dembelismo99_ Lamine ya asiste a Raphinha y Fermin. Lo que necesita es un extremo con desborde que le quite las 4 marcas que tiene por partido.,True,dembelismo99_,2049814946616160515,False,1,0,es,2049922773175214448,0,https://x.com/ScarFace2824/status/2049922773175214448,reply-archive,
2049885787429232654,2026-04-30 16:17:11+00:00,@ReshadFCB Diomande,True,ReshadRahman,2049885028163919922,False,0,0,es,2049885787429232654,0,https://x.com/ScarFace2824/status/2049885787429232654,reply-archive,
2049879768024097218,2026-04-30 15:53:16+00:00,@norival1805 Para eso el 9 o fermín. Tampoco hay que olvidar los números en goles de Lamine y Diomande.,True,norival1805,2049871252085497876,False,0,0,es,2049879768024097218,0,https://x.com/ScarFace2824/status/2049879768024097218,reply-archive,
2049879440461566441,2026-04-30 15:51:58+00:00,"@DiegoDav07 Encima para Julián si que sirve trasladar el rendimiento del ATM al FCB pero para Asllani no vale. A parte que perfil Julián ya lo tenemos en Fermín como para dejarse 100M que lo podriamos invertir en Diomande, y traer un 9 low cost que te de un perfil distinto.",True,DiegoDav07,2049861514291450350,False,2,0,es,2049879440461566441,0,https://x.com/ScarFace2824/status/2049879440461566441,reply-archive,
2049865993749406135,2026-04-30 14:58:32+00:00,"@CarlosG76651849 @Mart1Aarn A eso me refiero, que mientras Olise tiene a Luis, Lamine no tiene a nadie que se lleve marcas. Tampoco le voy a pedir a ningún jugador que haga lo que hacía Messi y menos con 18 años.",True,CarlosG76651849,2049862481288286429,False,0,0,es,2049865993749406135,0,https://x.com/ScarFace2824/status/2049865993749406135,reply-archive,
2049860586192724026,2026-04-30 14:37:02+00:00,"@ShadowMonarch23 Si, pero podría ser mejor.",True,ShadowMonarch23,2049854862502895908,False,0,0,es,2049860586192724026,0,https://x.com/ScarFace2824/status/2049860586192724026,reply-archive,
2049850742161150026,2026-04-30 13:57:55+00:00,"@ShadowMonarch23 El fútbol ha cambiado en estos años. Se necesita otro perfil de desborde porque las defensas están mucho más preparadas, como Olise y Luis Diaz, por eso no vemos a Olise con 3 marcas cada partido. A parte de no tener a ningún jugador que se vaya de alguien cuando Lamine no esté.",True,ShadowMonarch23,2049842602107646164,False,3,0,es,2049850742161150026,0,https://x.com/ScarFace2824/status/2049850742161150026,reply-archive,
2049773094852518361,2026-04-30 08:49:23+00:00,@marcbom290758 Tronco solo por ser africano hahahaha no has visto ni media parte del jugador. Segundo mejor regateador de las 5 grandes ligas solo por detrás de Lamine. Opinar de fútbol sin verlo si que es ridículo.,True,marcbom290758,2049732003730227636,False,0,0,es,2049773094852518361,0,https://x.com/ScarFace2824/status/2049773094852518361,reply-archive,
2049763417330745818,2026-04-30 08:10:56+00:00,"@Stivan1010 Puede, pero yo lo separo de los que has mencionado porque ellos te pueden dar su mayor nivel durante 10/15 años. Raphinha 1 o 2, no hay nadie en el equipo que dependa tanto de su físico. Y ya hemos visto la cantidad de partidos que se ha perdido esta temporada. 100M venta clara",True,Stivan1010,2049624497636917420,False,0,0,es,2049763417330745818,0,https://x.com/ScarFace2824/status/2049763417330745818,reply-archive,
2049601584120697259,2026-04-29 21:27:52+00:00,@planetabarcaa Solo añado a Palestra porque Eric tiene que ser el comodin para 5 puestos no un titular y no por su nivel que si es de titular sino porque es el único que cubre ese rol. Y Asllani si Kane renueva.,True,planetabarcaa,2049584841805455796,False,1,0,es,2049601584120697259,0,https://x.com/ScarFace2824/status/2049601584120697259,reply-archive,
2049601073791312029,2026-04-29 21:25:50+00:00,"@ShadowMonarch23 Es a Lamine lo que Neymar a Messi, y encima percentil 97 en presiones ganadas.",True,ShadowMonarch23,2049576614560710779,False,0,0,es,2049601073791312029,0,https://x.com/ScarFace2824/status/2049601073791312029,reply-archive,
2049563205920309379,2026-04-29 18:55:21+00:00,"@bmd_cule No. 
Asllani puede.",True,bmd_cule,2049253651416219698,False,0,0,es,2049563205920309379,0,https://x.com/ScarFace2824/status/2049563205920309379,reply-archive,
2049540121674838134,2026-04-29 17:23:38+00:00,@Mart1Aarn No veo a ningún competidor de Lamine cubierto cada partido por 3 o 4 defensores.,True,Mart1Aarn,2049539193831923716,False,1,0,es,2049540121674838134,0,https://x.com/ScarFace2824/status/2049540121674838134,reply-archive,
2049539937570116046,2026-04-29 17:22:54+00:00,@Mart1Aarn Lo van pillando...,True,Mart1Aarn,2049538128327700583,False,2,1,es,2049539937570116046,0,https://x.com/ScarFace2824/status/2049539937570116046,reply-archive,
2049528712874328322,2026-04-29 16:38:18+00:00,@EL_President_ 1 es suficiente: https://t.co/tqEpj2MqPy,True,EL_President_,2049509759536021624,False,0,0,es,2049528712874328322,1,https://x.com/ScarFace2824/status/2049528712874328322,reply-archive,
2049517005879881990,2026-04-29 15:51:47+00:00,@walchavito Tu mercado: https://t.co/Hin1J8eGUK,True,walchavito,2049513182264176754,False,3,1,es,2049517005879881990,1,https://x.com/ScarFace2824/status/2049517005879881990,reply-archive,
2049487352972648712,2026-04-29 13:53:57+00:00,"@norival1805 Es fichar perfil y proyeccion, antes que su precio suba como nos pasa siempre. El Barça necesita un 9 que no sea una constante perdida de balón cada vez que la jugada pasa por él y que potencie a Fermin, Lamine, Raphinha etc
Priorizar juego a remate, porque en goles ya vamos bien",True,norival1805,2049198696022061126,False,1,0,es,2049487352972648712,0,https://x.com/ScarFace2824/status/2049487352972648712,reply-archive,
2049476403171619103,2026-04-29 13:10:26+00:00,@Mart1Aarn Crees que Bernal quiere irse?,True,Mart1Aarn,2049475771341664445,False,0,0,es,2049476403171619103,0,https://x.com/ScarFace2824/status/2049476403171619103,reply-archive,
2049475547386810568,2026-04-29 13:07:02+00:00,"@Mart1Aarn Hombre si es un Fermin, Gavi, Bernal no da igual. 
Seria cagada. Hay otros jugadores que pueden dejar dinero: Kounde, Olmo, De Jong, incluso antes Raphinha.",True,Mart1Aarn,2049473299386650948,False,0,0,es,2049475547386810568,0,https://x.com/ScarFace2824/status/2049475547386810568,reply-archive,
2049467105494384744,2026-04-29 12:33:29+00:00,"@Blayasensat @StatsbombES Esto es a lo que nos referimos los que pedimos a Diomande en lugar de Julián. Ya tenemos ese perfil. El esfuerzo en un extremo que quite marcas a Lamine. Y la opción barata para un 9 que te de algo distinto, asociación, Fisnick Asllani. https://t.co/MUMisOmhxk",True,Blayasensat,2049444467204116896,False,3,0,es,2049467105494384744,1,https://x.com/ScarFace2824/status/2049467105494384744,reply-archive,
2049466539129070011,2026-04-29 12:31:14+00:00,RT @Blayasensat: Llevo tiempo dándole vueltas a esto. ¿Puede ser Fermín López el 9 del Barça? En este vídeo os lo he tratado de explicar.…,False,,,True,0,0,es,2049466539129070011,0,https://x.com/ScarFace2824/status/2049466539129070011,retweet-archive,
2049463767394623551,2026-04-29 12:20:13+00:00,@EL_President_ https://t.co/8GLwEBzO0j,True,EL_President_,2049398301791797464,False,0,0,qme,2049463767394623551,2,https://x.com/ScarFace2824/status/2049463767394623551,reply-archive,
2049460930883227804,2026-04-29 12:08:57+00:00,@gorkaerviti @Mart1Aarn Pues lo decía en broma hahaha,True,gorkaerviti,2049458328384733641,False,1,0,es,2049460930883227804,0,https://x.com/ScarFace2824/status/2049460930883227804,reply-archive,
2049460463243587619,2026-04-29 12:07:06+00:00,"@ShadowMonarch23 Espero que por fichar a Julian no le regalemos al Atm a Bernal. Cagada historica. Tenemos el mejor centro del campo de los proximos 10 años. 
Bernal Pedri Gavi",True,ShadowMonarch23,2049455152600395963,False,1,0,es,2049460463243587619,0,https://x.com/ScarFace2824/status/2049460463243587619,reply-archive,
2049460082383958387,2026-04-29 12:05:35+00:00,@ShadowMonarch23 Te ha faltado mencionar que también ficharía a Diomande. Como Delmas. https://t.co/8ZZnidAbg6,True,ShadowMonarch23,2049453045457572282,False,2,0,es,2049460082383958387,1,https://x.com/ScarFace2824/status/2049460082383958387,reply-archive,
2049442044678918349,2026-04-29 10:53:54+00:00,@Messilizer0 Mucho más parecido a eso seria: https://t.co/onzwM9KAv5,True,Messilizer0,2049432586083000468,False,0,0,es,2049442044678918349,2,https://x.com/ScarFace2824/status/2049442044678918349,reply-archive,
2049427766089560462,2026-04-29 09:57:10+00:00,@Mart1Aarn Pensaba que era la madre de Bellingham,True,Mart1Aarn,2049405617572389218,False,1,0,it,2049427766089560462,0,https://x.com/ScarFace2824/status/2049427766089560462,reply-archive,
2049418483176194349,2026-04-29 09:20:17+00:00,@opimpibar1 D https://t.co/pBkcGG4pzN,True,opimpibar1,2049411590131196049,False,43,1,und,2049418483176194349,1,https://x.com/ScarFace2824/status/2049418483176194349,reply-archive,
2049417735818404175,2026-04-29 09:17:19+00:00,"@BlxckNews Con este mercado se compite:

Ventas: Ter Stegen 0M Casadó 30M Araújo 30M Koundé 80M Balde 60M Iñaki Peña 5M Rashford 0M Lewandowski 0M Ferran 40M Ansu Fati 11M
TOTAL 256M€

Compras: Bastoni 60M Palestra 30M Cancelo 0M Diomande 100M Asllani 25M
TOTAL 215M€
 +41M€ https://t.co/wUlgF3ZX8T",True,BlxckNews,2049407284271251860,False,2,1,es,2049417735818404175,1,https://x.com/ScarFace2824/status/2049417735818404175,reply-archive,
2049413247950860349,2026-04-29 08:59:29+00:00,@ShadowMonarch23 https://t.co/YSox2g58n2,True,ShadowMonarch23,2049398990748172394,False,0,0,qme,2049413247950860349,1,https://x.com/ScarFace2824/status/2049413247950860349,reply-archive,
2049397986698953141,2026-04-29 07:58:50+00:00,@Joowy18 @ShadowMonarch23 @shidokageno Diomande,True,Joowy18,2049393157616308338,False,0,0,es,2049397986698953141,0,https://x.com/ScarFace2824/status/2049397986698953141,reply-archive,
2049390050425573726,2026-04-29 07:27:18+00:00,@elitelliZN https://t.co/r1ODmnhBZc,True,elitelliZN,2049385216351895832,False,3,0,qme,2049390050425573726,1,https://x.com/ScarFace2824/status/2049390050425573726,reply-archive,
2049386461514846564,2026-04-29 07:13:02+00:00,@RGomezcarmona @GuardiolismeFCB Si fichas a Barcola le financias al PSG a Diomande,True,RGomezcarmona,2049381612106698841,False,1,0,fr,2049386461514846564,0,https://x.com/ScarFace2824/status/2049386461514846564,reply-archive,
2049386041602195838,2026-04-29 07:11:22+00:00,@GuardiolismeFCB Diomande - Raphinha - Lamine,True,GuardiolismeFCB,2049223284697248052,False,1,0,pt,2049386041602195838,0,https://x.com/ScarFace2824/status/2049386041602195838,reply-archive,
2049384961405292578,2026-04-29 07:07:05+00:00,@xavismo006 Pero tu quieres al que el solo ve como suplente y no al que quiere fichar. Coherencia.,True,xavismo006,2049232774440104122,False,0,0,es,2049384961405292578,0,https://x.com/ScarFace2824/status/2049384961405292578,reply-archive,
2049384199266718050,2026-04-29 07:04:03+00:00,"@xavismo006 Para pagarles el fichaje del bueno, Diomande. Jugada maestra.",True,xavismo006,2049223224525783041,False,1,0,es,2049384199266718050,0,https://x.com/ScarFace2824/status/2049384199266718050,reply-archive,
2049382740173177280,2026-04-29 06:58:15+00:00,@1899Azulgrana Diomande + Asllani,True,1899Azulgrana,2049238294404166016,False,0,0,ca,2049382740173177280,0,https://x.com/ScarFace2824/status/2049382740173177280,reply-archive,
2049378826350674085,2026-04-29 06:42:42+00:00,@Mart1Aarn Y el pase?,True,Mart1Aarn,2049256231559127367,False,0,0,es,2049378826350674085,0,https://x.com/ScarFace2824/status/2049378826350674085,reply-archive,
2049259421453165007,2026-04-28 22:48:14+00:00,"@masterclassfutb @JoanLaportaFCB @FCBarcelona Lo que queda claro es que la opcion buena es Diomande + Asllani. Te permite jugar como psg Raphinha-Diomande-Lamine. Y como el Bayern, Asllani es el 9 asociativo como Kane y Fermin detrás.",True,masterclassfutb,2049249559776199111,False,3,0,es,2049259421453165007,0,https://x.com/ScarFace2824/status/2049259421453165007,reply-archive,
2049248857867907091,2026-04-28 22:06:15+00:00,"@ShadowMonarch23 Los que defendemos a Diomande no es para que no juegue raphinha , si la clave es que puede jugar en las 3 posiciones de ataque, igual que Raphinha, y Lamine por dentro y en banda derecha. Asllani como rotación y para cuando quieras jugar con 9 asociativo-fijador con Fermin atrás.",True,ShadowMonarch23,2049237053636788476,False,0,0,es,2049248857867907091,0,https://x.com/ScarFace2824/status/2049248857867907091,reply-archive,
2049245501820678355,2026-04-28 21:52:55+00:00,@CulerGavi 0€ vs 80M,True,CulerGavi,2049214871183720873,False,0,0,und,2049245501820678355,0,https://x.com/ScarFace2824/status/2049245501820678355,reply-archive,
2049244926060232781,2026-04-28 21:50:38+00:00,"@ShadowMonarch23 Diomande es percentil 97 en presiones ganadas. No solo eso te permitiria intercambio constante de posiciones constante tanto con raphinha como con Lamine y tener juego interior, desborde y 1v1 cuando no esté Lamine, que a ver quien se va de alguien si no es Lamine.",True,ShadowMonarch23,2049239293281890405,False,0,0,es,2049244926060232781,0,https://x.com/ScarFace2824/status/2049244926060232781,reply-archive,
2049239998394687881,2026-04-28 21:31:03+00:00,"@planetabarcaa Joan
Palestra Cubarsi Bastoni Balde
      Bernal
Gavi   Pedri
Lamine Raphinha Diomande

Compite",True,planetabarcaa,2049233016958886383,False,0,0,ca,2049239998394687881,0,https://x.com/ScarFace2824/status/2049239998394687881,reply-archive,
2049238728858652760,2026-04-28 21:26:00+00:00,"@ShadowMonarch23 @shidokageno Pagar 80 por un suplente antes que 100 por el que quiere media Europa. Claro que si. 
Hay que hacer caso al que sabe de futbol, Luis Enrique. Está dispuesto a gastarse 100M y se lo vamos a financiar fichandole al que no quiere. Jugada maestra.",True,ShadowMonarch23,2049235273741967829,False,7,0,es,2049238728858652760,0,https://x.com/ScarFace2824/status/2049238728858652760,reply-archive,
2049233202363904072,2026-04-28 21:04:03+00:00,@KenBall25 Diomande + Asllani,True,KenBall25,2049222959626068096,False,2,0,ca,2049233202363904072,0,https://x.com/ScarFace2824/status/2049233202363904072,reply-archive,
2049233122047283218,2026-04-28 21:03:43+00:00,@dembelismo99_ Y en lugar de querer a Diomande te dicen que mejor Julian,True,dembelismo99_,2049220609616285974,False,1,0,es,2049233122047283218,0,https://x.com/ScarFace2824/status/2049233122047283218,reply-archive,
2049225375851454660,2026-04-28 20:32:57+00:00,@ShadowMonarch23 La cosa es que Diomande y Raphinha pueden jugar en las 3 posiciones de ataque y Lamine de falso 9 y en banda derecha. Ese es nuestro punto. Y para cuando quieras jugar con un 9 en ciertos partidos junto a Fermin en media punta traes al 9 asociativo y fijador Fisnick Asllani,True,ShadowMonarch23,2049218206611427578,False,1,0,es,2049225375851454660,0,https://x.com/ScarFace2824/status/2049225375851454660,reply-archive,
2049224770961416227,2026-04-28 20:30:32+00:00,@LuigiWrestling Ahora llegan los ignorantes que piensan que IA = chatbot...,True,LuigiWrestling,2049222217737932802,False,0,0,es,2049224770961416227,0,https://x.com/ScarFace2824/status/2049224770961416227,reply-archive,
2049221792565223476,2026-04-28 20:18:42+00:00,@ShadowMonarch23 Diomande + Asllani,True,ShadowMonarch23,2049214041457864894,False,0,0,ca,2049221792565223476,0,https://x.com/ScarFace2824/status/2049221792565223476,reply-archive,
2049217039559004589,2026-04-28 19:59:49+00:00,@Mart1Aarn Y cuando digo que la mejor opción es Diomande todos saltan y el 9??!! y el 9???!,True,Mart1Aarn,2049212109439848693,False,1,0,es,2049217039559004589,0,https://x.com/ScarFace2824/status/2049217039559004589,reply-archive,
2049213872150659419,2026-04-28 19:47:14+00:00,@taynzxox @elitelliZN Como Julian,True,taynzxox,2049123122306023903,False,0,0,es,2049213872150659419,0,https://x.com/ScarFace2824/status/2049213872150659419,reply-archive,
2049212000345956780,2026-04-28 19:39:48+00:00,@Mart1Aarn En 2 años nos estariamos quedando sin luis diaz y sin raphinha. Por lo menos Rashford no te ha costado nada.,True,Mart1Aarn,2049206893780812099,False,0,0,es,2049212000345956780,0,https://x.com/ScarFace2824/status/2049212000345956780,reply-archive,
2049210864301920560,2026-04-28 19:35:17+00:00,@FCB_nenn Cuando no ganaba el psg el argumento era que no llegaban preparados a champions porque no tenian equipos de nivel con quien practicar...,True,FCB_nenn,2049205377665749301,False,1,0,es,2049210864301920560,0,https://x.com/ScarFace2824/status/2049210864301920560,reply-archive,
2049205414844112925,2026-04-28 19:13:37+00:00,@Mart1Aarn Y hay culés que pagarían 80M por un suplente ( de Luis Enrique) y no 100 por el que quieren media Europa,True,Mart1Aarn,2049198649540792747,False,0,0,es,2049205414844112925,0,https://x.com/ScarFace2824/status/2049205414844112925,reply-archive,
2049165850783969407,2026-04-28 16:36:25+00:00,@Mart1Aarn = Asllani,True,Mart1Aarn,2049159635928514729,False,0,0,in,2049165850783969407,0,https://x.com/ScarFace2824/status/2049165850783969407,reply-archive,
2049115297341170071,2026-04-28 13:15:32+00:00,@elitelliZN 80 por Barcola? Y no vas a por Diomande?,True,elitelliZN,2049106474069016632,False,0,0,es,2049115297341170071,0,https://x.com/ScarFace2824/status/2049115297341170071,reply-archive,
2048869860088619270,2026-04-27 21:00:15+00:00,"@Mart1Aarn Dice fichable, y tiene razón. Leipzig está más dispuesto a vendertelo que el atm.",True,Mart1Aarn,2048855982948679854,False,1,0,es,2048869860088619270,0,https://x.com/ScarFace2824/status/2048869860088619270,reply-archive,
2048851315481051328,2026-04-27 19:46:34+00:00,"@BlxckNews Para valorar la temporada de Joan hay que tener en cuenta la cantidad de goles esperados que permitimos por partido. 1,10 el 10 pero equipo de la liga, mientras que estamos los 1 en menor goles encajados. Los goles evitados por Joan han dado muchos puntos.",True,BlxckNews,2048840696669585467,False,3,0,es,2048851315481051328,0,https://x.com/ScarFace2824/status/2048851315481051328,reply-archive,
2048847435338772650,2026-04-27 19:31:08+00:00,"@_pablodr_ @ShadowMonarch23 Si quieren a Julián supuestamente tenemos 120. Lo que yo sigo es que para llegar a un nivel más alto Diomande te sube el techo más que Julián y es 5 años más joven. Se amortizarán mejor esos 120 que yo creo que serán 100.
Y te abre opciones que Julian no.",True,_pablooFCB14_,2048838028060148148,False,0,0,es,2048847435338772650,0,https://x.com/ScarFace2824/status/2048847435338772650,reply-archive,
2048833989843050810,2026-04-27 18:37:43+00:00,@_pablodr_ @ShadowMonarch23 Me da igual el fútbol que hayas visto. Solo importa que de Diomande no has visto ni media parte.,True,_pablooFCB14_,2048831645751382050,False,0,0,es,2048833989843050810,0,https://x.com/ScarFace2824/status/2048833989843050810,reply-archive,
2048833791913779371,2026-04-27 18:36:56+00:00,"@_pablodr_ @ShadowMonarch23 Claro la típica de one season wonder como Salah, Kvra etc no? 
Te estoy diciendo que ya es una realidad, que el argumento de solo 1 temporada en la elite es una chorrada, que por esa razón nadie hubiera apostado por Lamine porque era muy joven y no había demostrado nada.",True,_pablooFCB14_,2048831645751382050,False,0,0,es,2048833791913779371,0,https://x.com/ScarFace2824/status/2048833791913779371,reply-archive,
2048828570567397436,2026-04-27 18:16:11+00:00,"@_pablodr_ @ShadowMonarch23 Ahí tienes los datos porque partidos ya veo que ni uno te has visto. 
Según tú, Dembelé hubiera tenido que jugar por delante de Lamine porque llevaba más temporadas jugando en primera. Vaya argumentos...",True,_pablooFCB14_,2048826193328120165,False,0,0,es,2048828570567397436,0,https://x.com/ScarFace2824/status/2048828570567397436,reply-archive,
2048827733375844603,2026-04-27 18:12:51+00:00,"@Mart1Aarn Vale, pero Godts + Julián pueden acabar pisandose. Si viene Godts entonces el 9 prefiero que sea Asllani: fija centrales, juega de espaldas, descarga y libera a los demás. Julián es mejor jugador; Asllani puede encajar mejor.",True,Mart1Aarn,2048819378754318610,False,0,0,es,2048827733375844603,0,https://x.com/ScarFace2824/status/2048827733375844603,reply-archive,
2048825561598836781,2026-04-27 18:04:13+00:00,@ShadowMonarch23 Riqui,True,ShadowMonarch23,2048816103862768021,False,1,0,fr,2048825561598836781,0,https://x.com/ScarFace2824/status/2048825561598836781,reply-archive,
2048808942453576171,2026-04-27 16:58:11+00:00,@Mart1Aarn Lo hace cada verano. Capitulo 1 no trae a nadie. Siguientes capitulos sus fumadas...,True,Mart1Aarn,2048803834953134560,False,0,0,es,2048808942453576171,0,https://x.com/ScarFace2824/status/2048808942453576171,reply-archive,
2048800397439971677,2026-04-27 16:24:14+00:00,"@Mike_gironm @elitelliZN Hahahaha bueno hasta aquí he llegado, no saber qué es BILD...",True,Mike_gironm,2048796283733741813,False,0,0,es,2048800397439971677,0,https://x.com/ScarFace2824/status/2048800397439971677,reply-archive,
2048795935438782935,2026-04-27 16:06:30+00:00,"@Mike_gironm @elitelliZN Lo publicaron desde Alemania, en concreto, BILD, en noviembre. 
En SPORT lo han vuelto a decir a principios de abril.
Así está la cosa.",True,Mike_gironm,2048787783297159434,False,0,0,es,2048795935438782935,0,https://x.com/ScarFace2824/status/2048795935438782935,reply-archive,
2048792010094510474,2026-04-27 15:50:54+00:00,"@_pablodr_ @ShadowMonarch23 Flick ha pedido a Diomande[BILD]
Rashford: 45P 13G 13A
Diomande 33P 13G 9A
Lo importante:
2° mejor regateador despues de lamine
5,23 recuperaciones tras presión percentil 97!
Comparativa Vini:
3,68 regates exitosos/90 vs 2,55
1,99 pases al área vs 1,37
0,27 xA en juego vs 0,14",True,_pablooFCB14_,2048785868303769713,False,0,0,es,2048792010094510474,0,https://x.com/ScarFace2824/status/2048792010094510474,reply-archive,
2048781854233285094,2026-04-27 15:10:33+00:00,"@_pablodr_ @ShadowMonarch23 Que quiere decir está demostrado? 
Yo hablo de un Diomande-Raphinha-Lamine con intercambios constantes para liberar a Lamine por dentro y no depender solo de su 1v1 (a lo PSG). Asllani lo quiero más para el 4-2-3-1 con Fermín (perfil Julian): 9 asociativo-apoyo-fijación como Kane",True,_pablooFCB14_,2048780089676984363,False,0,0,es,2048781854233285094,0,https://x.com/ScarFace2824/status/2048781854233285094,reply-archive,
2048780235903062349,2026-04-27 15:04:07+00:00,"@Mike_gironm @elitelliZN 1 lo ha pedido Flick
2 mirate un par de partidos
3 es justo el extremo que necesitamos, desborde, asociación, ataque al espacio, gol, intercambio de posiciones en las 3 de arriba.",True,Mike_gironm,2048773574043771369,False,0,0,es,2048780235903062349,0,https://x.com/ScarFace2824/status/2048780235903062349,reply-archive,
2048771253612278230,2026-04-27 14:28:25+00:00,"@Alejand94436566 @_pablodr_ @ShadowMonarch23 Justo, preferiblemente vender a Ferran y traer a Asllani para tener un 9 con el que no se acabé la jugada cada vez que pasa por él.",True,Alejand94436566,2048770780809380234,False,0,0,es,2048771253612278230,0,https://x.com/ScarFace2824/status/2048771253612278230,reply-archive,
2048770887906734193,2026-04-27 14:26:58+00:00,"@_pablodr_ @ShadowMonarch23 Lo sabrás tú. Pagar 120 por un jugador de 26/27 años, con la temporada que ha hecho, y un perfil que ya tenemos en Fermín, pudiendo traer a un extremo que pueda hacer de Lamine cuando no esté (que es lo que siempre pedimos) y un 9 que no pierda balones como Ferran, es un error.",True,_pablooFCB14_,2048769697173180626,False,0,0,es,2048770887906734193,0,https://x.com/ScarFace2824/status/2048770887906734193,reply-archive,
2048769770451791940,2026-04-27 14:22:32+00:00,@elitelliZN Si hay que seguir a Flick la opción es Asllani + Diomande,True,elitelliZN,2048765431775744505,False,1,0,es,2048769770451791940,0,https://x.com/ScarFace2824/status/2048769770451791940,reply-archive,
2048768413468639613,2026-04-27 14:17:08+00:00,@ShadowMonarch23 En lugar de 100 en julian y 30 en extremo. Deberiamos pagar 100M por Diomande y 30 por Asllani.,True,ShadowMonarch23,2048765270605381944,False,4,0,es,2048768413468639613,0,https://x.com/ScarFace2824/status/2048768413468639613,reply-archive,
2048767051070677005,2026-04-27 14:11:43+00:00,"@LaNuevaEraFCB_ Osea hemos pagado 15M por cederlo al Mallorca, gran gestión. 

No te dejas 120M en Julián, pagas 25 por Asllani. Y te traes a Diomande. Sino mika godts y ahorras para el año que viene.",True,LaNuevaEraFCB_,2048749005786821040,False,0,0,es,2048767051070677005,0,https://x.com/ScarFace2824/status/2048767051070677005,reply-archive,
2048761196661067778,2026-04-27 13:48:28+00:00,"@ShadowMonarch23 Antes:

Bastoni
Cancelo
Mika godts
Asllani
Palestra",True,ShadowMonarch23,2048758318466773278,False,0,0,ca,2048761196661067778,0,https://x.com/ScarFace2824/status/2048761196661067778,reply-archive,
2047051557229748693,2026-04-22 20:34:58+00:00,@Blayasensat La idea que tenia del barça de 3 mitjos no era precisament amb Olmo al camp.,True,Blayasensat,2047041165048901790,False,0,0,ca,2047051557229748693,0,https://x.com/ScarFace2824/status/2047051557229748693,reply-archive,
2046942549542109226,2026-04-22 13:21:48+00:00,"@VictorrRodrigo Que aporta unes dades personals a un mitjà de comunicació? 

Exigir dades personals no busca més transparència, sinó assenyalar i intimidar.",True,VictorrRodrigo,2046482792146468966,False,0,0,ca,2046942549542109226,0,https://x.com/ScarFace2824/status/2046942549542109226,reply-archive,
2046939164193468502,2026-04-22 13:08:21+00:00,"@XavierAmbroa @UNIVERSO_1899 Y 2 delanteros que no controlan un balón, y que cuando una jugada pasa por ellos se pierde la posesión que es lo que más molesta de Ferran y Robert. Vamos a seguir así si no traemos un 9 asociativo. Pero vamos que si solo hay que rematar q venga Muriqi y ya, a ver como nos va. 🪵",True,XavierAmbroa,2046938289664331910,False,0,0,es,2046939164193468502,0,https://x.com/ScarFace2824/status/2046939164193468502,reply-archive,
2046937128794267914,2026-04-22 13:00:16+00:00,"@XavierAmbroa @UNIVERSO_1899 Puede ser, pero ya hemos visto que no hace falta un 9 killer para hincharse a goles en el PSG",True,XavierAmbroa,2046930037610352887,False,0,0,es,2046937128794267914,0,https://x.com/ScarFace2824/status/2046937128794267914,reply-archive,
2046883617343701173,2026-04-22 09:27:38+00:00,"@UNIVERSO_1899 Es más importante que el 9 del Barça no pierda cada balón que pasa por él, porque interrumpe y ralentiza el juego,  como pasa con Ferran. Cada balón que recibe es una perdida, no controla bien y cuando la tiene no sabe ni que hacer con la pelota fuera del area. Solo diré: Asllani",True,UNIVERSO_1899,2046876554974634449,False,3,0,es,2046883617343701173,0,https://x.com/ScarFace2824/status/2046883617343701173,reply-archive,
2046627802644951200,2026-04-21 16:31:07+00:00,"@Padremany1 No hace falta este año, hay que pensar en los proximos 15 años. Por eso digo de completar plantilla. Y convencer a Diomande para que aguante un año más en Leipzig y haces solamente una inversión potente en 2027.",True,Padremany1,2046622045878771885,False,0,0,es,2046627802644951200,0,https://x.com/ScarFace2824/status/2046627802644951200,reply-archive,
2046619330209607894,2026-04-21 15:57:27+00:00,"@Mart1Aarn Claro. Es que la clave está en que Asllani te da ese perfil 9 a un coste asequible y convences a Diomande para que venga el año que viene, cuando el equipo te permita hacer solo 1 gran fichaje. Este verano faltan completar muchas posiciones.",True,Mart1Aarn,2046605642882863167,False,3,0,es,2046619330209607894,0,https://x.com/ScarFace2824/status/2046619330209607894,reply-archive,
2046618891103703165,2026-04-21 15:55:42+00:00,@Padremany1 Y convences a Diomande para aguantar un año en Leipzig para meter la inversión potente en un solo fichaje el siguiente mercado.,True,ScarFace2824,2046618694290202724,False,0,0,es,2046618694290202724,0,https://x.com/ScarFace2824/status/2046618891103703165,reply-archive,
2046618694290202724,2026-04-21 15:54:55+00:00,"@Padremany1 No entiendo las prisas: esta plantilla, bien construida, te puede dominar 10 años. Este verano toca completar con Bastoni, Palestra, Asllani y Schjelderup. Jugar con 3 medios, Lamine como Messi, y Fermín+Raphinha como sus Villa y Pedro que junto a Gavi dan la presión necesaria",True,Padremany1,2046599843989131741,False,0,0,es,2046618694290202724,0,https://x.com/ScarFace2824/status/2046618694290202724,reply-archive,
2046577225642725446,2026-04-21 13:10:08+00:00,@Mart1Aarn Gastar por gastar,True,Mart1Aarn,2046576372252885214,False,0,0,es,2046577225642725446,0,https://x.com/ScarFace2824/status/2046577225642725446,reply-archive,
2046576900022120915,2026-04-21 13:08:51+00:00,"@MarioOjeda724 Pero si nos das la razón: gastando 400M más, la valoración de vuestros jugadores es de la mitad, porque el entrenador que más cobra del mundo no les saca provecho y se devaluan.",True,MarioOjeda724,2046574758435721541,False,8,0,es,2046576900022120915,0,https://x.com/ScarFace2824/status/2046576900022120915,reply-archive,
2046571272616771842,2026-04-21 12:46:29+00:00,@Mart1Aarn Puedes traer este año Asllani + Scheljderup/Muñoz... Y convencer a Diomande para que se quede un año y que sea el único fichaje del siguiente mercado.,True,Mart1Aarn,2046565175654830351,False,0,0,es,2046571272616771842,0,https://x.com/ScarFace2824/status/2046571272616771842,reply-archive,
2046559090143281379,2026-04-21 11:58:04+00:00,"@Somhiseremfcb Pues que sea como la Sagrada Familia, que no se acaben nunca las obras!",True,Somhiseremfcb,2046551045183074568,False,2,0,es,2046559090143281379,0,https://x.com/ScarFace2824/status/2046559090143281379,reply-archive,
2046540426719420744,2026-04-21 10:43:55+00:00,@BlxckNews Lo suyo es convencerle de que se quede un año más. Este año hacer un mercado de plantilla con Bastoni + Palestra + Asllani + un extremo barato. Y el año que viene vender a Raphinha y dejarse los 100M en Diomande.,True,BlxckNews,2046527303153262764,False,0,0,es,2046540426719420744,0,https://x.com/ScarFace2824/status/2046540426719420744,reply-archive,
2046490627857138019,2026-04-21 07:26:02+00:00,"@BlxckNews Podemos hacer caso a Luis Enrique que de esto sabe algo? 
Ya ficho por 70M a uno en su posicion y le arregló el equipo. Y ahora quiere a otro por 100M. Todo por lo que no le debe querer es por lo que no le deberiamos querer nosotros.",True,BlxckNews,2046463413308547104,False,0,0,es,2046490627857138019,0,https://x.com/ScarFace2824/status/2046490627857138019,reply-archive,
2046290495002046782,2026-04-20 18:10:46+00:00,"@ShadowMonarch23 Traer a Diomande + Asllani te da la posibilidad de tener esas dos tipos de delanteras más prolíficas de Europa. Extremo de falso 9 del PSG y el 9 a lo Kane del Bayern. 
Leao y Barcola son Rashford 2.0 por algo no lo quiere Luis Enrique ni puede contra bloque bajo ni IQ ni presion",True,ShadowMonarch23,2046274674548466154,False,0,0,es,2046290495002046782,0,https://x.com/ScarFace2824/status/2046290495002046782,reply-archive,
2046286585902374969,2026-04-20 17:55:14+00:00,"@annaisculer Ficharía a Bastoni, Palestra, Diomande y Asllani. Palestra encaja con Lamine: puede llenar la banda o jugar a la izquierda como ofensivo. Diomande te da intercambio de posiciones con rol de extremo/falso 9 tipo PSG con Raphinha y Lamine. Asllani te da el 9 de apoyo a lo Kane.",True,annaisculer,2046271241632329789,False,1,0,es,2046286585902374969,0,https://x.com/ScarFace2824/status/2046286585902374969,reply-archive,
2046263939344855091,2026-04-20 16:25:15+00:00,"@kesp34 @gxldeadam No parece que vaya a ser barato (el psg no tiene que vender)
Queremos fichar el jugador que Luis Enrique, posiblemente el mejor entrenador del momento, no quiere para que pueda fichar al que quiere. Es un rashford 2.0: No presiona. No tiene IQ. No es bueno contra bloques bajos.",True,kesp34,2046260296562397559,False,0,0,es,2046263939344855091,0,https://x.com/ScarFace2824/status/2046263939344855091,reply-archive,
2046251435352891870,2026-04-20 15:35:34+00:00,@juanpal95933718 @gxldeadam Se dice que Julián prefiere venir al Barça antes de al PSG por mucho dinero que paguen. Para que veas que no todo es dinero. Se puede convencer a un jugador sin pagarle más.,True,juanpal95933718,2046246568764887277,False,0,0,es,2046251435352891870,0,https://x.com/ScarFace2824/status/2046251435352891870,reply-archive,
2046244321158914057,2026-04-20 15:07:18+00:00,@kesp34 @gxldeadam Literalmente es un descarte. No juega porque necesitaron un fichaje en su posición para empezar a jugar bien. Y ahora quieren traer a otro en su posición y dispuestos a pagar 100M para que no juegue. Descarte.,True,kesp34,2046243200084451499,False,0,0,es,2046244321158914057,0,https://x.com/ScarFace2824/status/2046244321158914057,reply-archive,
2046239762474811580,2026-04-20 14:49:11+00:00,@juanpal95933718 @gxldeadam Como con Julián no?,True,juanpal95933718,2046234476355768383,False,0,0,es,2046239762474811580,0,https://x.com/ScarFace2824/status/2046239762474811580,reply-archive,
2046231772065673676,2026-04-20 14:17:26+00:00,@juanpal95933718 @gxldeadam Convencer al jugador,True,juanpal95933718,2046224460974358834,False,0,0,es,2046231772065673676,0,https://x.com/ScarFace2824/status/2046231772065673676,reply-archive,
2046217848800911517,2026-04-20 13:22:06+00:00,@BlxckNews Como el Barça le de el dinero al psg para que sean ellos quienes fichen al bueno y nos quedemos al descarte va a ser cagadón histórico,True,BlxckNews,2045907973868753365,False,0,0,es,2046217848800911517,0,https://x.com/ScarFace2824/status/2046217848800911517,reply-archive,
2046202324297625986,2026-04-20 12:20:25+00:00,"@gxldeadam Es decir que el propio PSG te está diciendo que aún teniendo ya a Barcola, están dispuestos a pagar 100M por Diomandé y tu quieres al descarte. Maravillosa jugada.",True,gxldeadam,2046197368907768096,False,1,0,es,2046202324297625986,0,https://x.com/ScarFace2824/status/2046202324297625986,reply-archive,
2045954857694011755,2026-04-19 19:57:04+00:00,"@Blayasensat Clave del futuro del Barça: fichar perfiles que adapten el juego. Diomande para falso 9 y un medio Bernal-Pedri-Gavi; Asllani para un 9 tipo Kane, doble pivote y Fermín de MP; y Palestra puede para dar amplitud por izq. con Koundé más defensivo o ocupar la banda que deja Lamine.",True,Blayasensat,2045950112938020914,False,0,0,es,2045954857694011755,0,https://x.com/ScarFace2824/status/2045954857694011755,reply-archive,
2045940955811832220,2026-04-19 19:01:50+00:00,@Mart1Aarn Para mi la clave está en que si el barato es Asllani y Diomande el caro te resuelve el problema que vas a tener con Raphinha proximamente y encima te da la versatilidad de jugar con el falso 9 del PSG o del 9 a lo Kane del Bayern.,True,Mart1Aarn,2045928265055949235,False,0,0,es,2045940955811832220,0,https://x.com/ScarFace2824/status/2045940955811832220,reply-archive,
2045929371198734599,2026-04-19 18:15:48+00:00,@ShadowMonarch23 Y a ti eso te parece bien,True,ShadowMonarch23,2045922854080811400,False,0,0,es,2045929371198734599,0,https://x.com/ScarFace2824/status/2045929371198734599,reply-archive,
2045929019552477235,2026-04-19 18:14:24+00:00,@Mart1Aarn Con Diomande + Fisnick tienes las dos opciones según el partido.,True,Mart1Aarn,2045892217848344730,False,0,0,es,2045929019552477235,0,https://x.com/ScarFace2824/status/2045929019552477235,reply-archive,
2045883242838917532,2026-04-19 15:12:30+00:00,@ShadowMonarch23 Si Kane no quiere venir la jugada es Diomande + Asllani,True,ShadowMonarch23,2045834663445336216,False,0,0,es,2045883242838917532,0,https://x.com/ScarFace2824/status/2045883242838917532,reply-archive,
2045849332306337920,2026-04-19 12:57:45+00:00,@planetabarcaa 1,True,planetabarcaa,2045832170896240728,False,1,0,und,2045849332306337920,0,https://x.com/ScarFace2824/status/2045849332306337920,reply-archive,
2045433712767123898,2026-04-18 09:26:14+00:00,"@elitelliZN Lo que tiene que acabar es comparar la salida de balón de hace 10 años con las presiones que hacen ahora. Solo hace falta ver la importancia de Gerard Martin para Flick y las ventajas que genera, como ya hacía Iñigo.",True,elitelliZN,2045242752925831540,False,9,0,es,2045433712767123898,0,https://x.com/ScarFace2824/status/2045433712767123898,reply-archive,
2045131593442898146,2026-04-17 13:25:43+00:00,"@elitelliZN Yo también apostaria por Diomande, pero Silva es  demasiado, Olmo no puede ser tercera opción. Y la rotación arriba debe ser Diomande, Raphinha, Lamine, Fermin y Asllani.",True,ScarFace2824,2045130765931831450,False,0,0,es,2045130765931831450,0,https://x.com/ScarFace2824/status/2045131593442898146,reply-archive,
2045130765931831450,2026-04-17 13:22:25+00:00,"@elitelliZN Devolver a Raphinha a la derecha es un error, y aunque Lamine debe jugar por dentro debe iniciar en la izquierda, como Messi porque ambos se quedan sin espacio si ya inician allí. Y con esa idea hay que traer un lateral que ocupe la banda, Kounde es venta pero por 60 es un error.",True,elitelliZN,2045114980878475312,False,0,0,es,2045130765931831450,0,https://x.com/ScarFace2824/status/2045130765931831450,reply-archive,
2041967261309624749,2026-04-08 19:51:47+00:00,"@DjMaRiiO Siempre lo mismo, para que luego digan que el Barça y el Madrid roban igual...",True,DjMaRiiO,2041965755613212868,False,0,0,es,2041967261309624749,0,https://x.com/ScarFace2824/status/2041967261309624749,reply-archive,
2037520583215202813,2026-03-27 13:22:16+00:00,"@gundintt La fascinante charla entre estos dos genios nos deja una gran verdad, la inteligencia no te salva de ser gilipollas.",True,gundintt,2037306146390675501,False,0,0,es,2037520583215202813,0,https://x.com/ScarFace2824/status/2037520583215202813,reply-archive,
2036937166228459543,2026-03-25 22:43:59+00:00,"@Blayasensat Van de Ven, salida de balón sobretodo en conducción y muchísimo más rápido que Bastoni corriendo hacía atrás, que es lo que esperábamos que tuviera Araújo de 2022/23 con la línea adelantada de Flick.",True,Blayasensat,2036930090999726109,False,3,0,es,2036937166228459543,0,https://x.com/ScarFace2824/status/2036937166228459543,reply-archive,
2031487356591612043,2026-03-10 21:48:23+00:00,"@Blayasensat Todos dejandose la piel, después del ejemplo de sacrificio que hizo Pedri ante el Atletico de Madrid y Araujo mirandose el partido en la frontal del area. No puede volver a jugar, que debuten los niños por las lesiones por lo menos que sirva para ir cogiendo minutos.",True,Blayasensat,2031486041731830035,False,0,0,es,2031487356591612043,0,https://x.com/ScarFace2824/status/2031487356591612043,reply-archive,
2024576043818930546,2026-02-19 20:05:18+00:00,"@dariiculer Que por mucho que te centres en liga, ya han decidido quien la tiene que ganar.",True,dariiculer,2024555097280176530,False,0,0,es,2024576043818930546,0,https://x.com/ScarFace2824/status/2024576043818930546,reply-archive,
2024574746835169389,2026-02-19 20:00:09+00:00,"@Anujbost Que te gustaria que hubiera un muro de Berlín en España, para que no podamos irnos a vivir fuera.",True,Anujbost,2024555786848841946,False,0,0,es,2024574746835169389,0,https://x.com/ScarFace2824/status/2024574746835169389,reply-archive,
2023517578317173211,2026-02-16 21:59:20+00:00,"@kolderiu19 No veo más la liga de este país de mierda, si solo les importa que gane el Madrid pues que la ganen por decreto pero que no nos hagan perder el tiempo.",True,kolderiu19,2023514723455803534,False,0,0,es,2023517578317173211,0,https://x.com/ScarFace2824/status/2023517578317173211,reply-archive,
2023515176612622732,2026-02-16 21:49:47+00:00,@roxasorg13 Liga adulterada. No la vuelvo a ver en toda la temporada.,True,roxasorg13,2023514741919150086,False,0,0,es,2023515176612622732,0,https://x.com/ScarFace2824/status/2023515176612622732,reply-archive,
2023513228270354605,2026-02-16 21:42:03+00:00,"@Blayasensat Olmo + De Jong no funciona, es trepitgen constantment.",True,Blayasensat,2023510997630320642,False,2,0,ca,2023513228270354605,0,https://x.com/ScarFace2824/status/2023513228270354605,reply-archive,
2022090014428168533,2026-02-12 23:26:42+00:00,@Blayasensat Por eso hay gente que pedimos que el gran desembolso tiene que ir a Van de Ven y no a Bastoni.,True,Blayasensat,2022087667870314537,False,1,0,es,2022090014428168533,0,https://x.com/ScarFace2824/status/2022090014428168533,reply-archive,
2017945800131666353,2026-02-01 12:59:05+00:00,@Sir_jaay01 When you watch football through stats apps instead of the actual matches...,True,Sir_jaay01,2017890716874096680,False,0,0,en,2017945800131666353,0,https://x.com/ScarFace2824/status/2017945800131666353,reply-archive,
2014080600467017911,2026-01-21 21:00:09+00:00,@RivanR7_ Misma probabilidad de Toty,True,RivanR7_,2014056263831765093,False,0,0,es,2014080600467017911,0,https://x.com/ScarFace2824/status/2014080600467017911,reply-archive,
2013999252851065157,2026-01-21 15:36:54+00:00,@Lavozgalactica Que ha hecho Vinicius después de ese Balon de Oro?,True,Lavozgalactica,2013701839431028907,False,0,0,es,2013999252851065157,0,https://x.com/ScarFace2824/status/2013999252851065157,reply-archive,
2013941181231534498,2026-01-21 11:46:09+00:00,"@frabigol Que alguien le diga que se gana el balón de oro por lo que se hace antes, no después.",True,frabigol,2013689571419046385,False,0,0,es,2013941181231534498,0,https://x.com/ScarFace2824/status/2013941181231534498,reply-archive,
2012961798987636976,2026-01-18 18:54:26+00:00,@fifa_romania That's mean some kind of leak about an Ibra?,True,fifa_romania,2012955131549999416,False,0,0,en,2012961798987636976,0,https://x.com/ScarFace2824/status/2012961798987636976,reply-archive,
2009342586138542201,2026-01-08 19:12:58+00:00,@AsyFutTrader @WetDesignFUT Ibra,True,AsyFutTrader,2009339960231661699,False,0,0,eu,2009342586138542201,0,https://x.com/ScarFace2824/status/2009342586138542201,reply-archive,
2008677180591767875,2026-01-06 23:08:53+00:00,@DjMaRiiO @AchrafHakimi Raphinha no ha llorado por el robo que le han pegado en cada premio y este llorando por el fifa...,True,DjMaRiiO,1395806446894387200,False,0,0,es,2008677180591767875,0,https://x.com/ScarFace2824/status/2008677180591767875,reply-archive,
2005772774971744287,2025-12-29 22:47:49+00:00,"@dembelismo99_ No hay un 9 fichable a nivel de Lamine o Pedri este año, hay que aprovechar la oportunidad, por suerte y que no se nos olvide es que pedri tiene 22 y Lamine 18 por lo que quedan muchos 9 Top por salir.",True,dembelismo99_,2005741071956074999,False,0,0,es,2005772774971744287,0,https://x.com/ScarFace2824/status/2005772774971744287,reply-archive,
2005737239884751024,2025-12-29 20:26:37+00:00,"@_Futbolero_ Es el mejor 9 gratis y si con eso se puede traer a Schloterbeck y a Kee Smit, no hay que dudar.",True,_Futbolero_,2005728024172368228,False,13,0,es,2005737239884751024,0,https://x.com/ScarFace2824/status/2005737239884751024,reply-archive,
2003978606339608990,2025-12-24 23:58:26+00:00,"@lucaasdd_ @Jotik04_ Que voy a ver a un tio que piensa que a la gente le importa que le llame GILIPOLLAS, solo hace falta ver que tipo de argumentos usa para ver que son los mismos que los de la baptistinha. El fifa no es para jugar sino para ganar sobres si para eso tengo que usarla o dejar el mando",True,lucaasdd_,2003917065258971187,False,0,0,es,2003978606339608990,0,https://x.com/ScarFace2824/status/2003978606339608990,reply-archive,
2003909593773089043,2025-12-24 19:24:12+00:00,@Jotik04_ Mismos argumentos que los que la usan.,True,Jotik04_,2003906000789950917,False,0,0,es,2003909593773089043,0,https://x.com/ScarFace2824/status/2003909593773089043,reply-archive,
2003898521515389110,2025-12-24 18:40:12+00:00,"@Jotik04_ Eres de los que hace la baptistinha, porque claro lo importante no es jugar, es conseguir sobres y seguir la rueda del gambling. Por gente como tú el juego es más abrir sobres que gameplay.",True,Jotik04_,2003604515191423305,False,0,0,es,2003898521515389110,0,https://x.com/ScarFace2824/status/2003898521515389110,reply-archive,
2003242832174416112,2025-12-22 23:14:44+00:00,@_ColePalmer Ibra,True,KetanimayX,2003012049237094759,False,0,0,eu,2003242832174416112,0,https://x.com/ScarFace2824/status/2003242832174416112,reply-archive,
2003239576991830208,2025-12-22 23:01:48+00:00,"@forzagroga2 Una roja no depende de que lo lesione o no, sino de la pontencialidad. Y esa entrada pudo haber acabado con el jugador al que pedireis que os de el mundial los proximos 16 años.",True,forzagroga2,2003098045228188157,False,0,0,es,2003239576991830208,0,https://x.com/ScarFace2824/status/2003239576991830208,reply-archive,
2003237602850390160,2025-12-22 22:53:57+00:00,@DricardoGR Que celebra la gente que no cree en brujas ni en zombies celebrando Halloween. Duda genuina.,True,DricardoGR,2002869452208226382,False,0,0,es,2003237602850390160,0,https://x.com/ScarFace2824/status/2003237602850390160,reply-archive,
2003212699136889194,2025-12-22 21:15:00+00:00,@GallegoEsteve @postunited Merengue? EEUU? Por eso quien se iba a Miami era el Madrid no? Ah espera...,True,GallegoEsteve,2003199111147979022,False,0,0,es,2003212699136889194,0,https://x.com/ScarFace2824/status/2003212699136889194,reply-archive,
2003198107576864836,2025-12-22 20:17:01+00:00,@GallegoEsteve @postunited Porque todos sabemos que los mercados donde domina el Barça como Japón o EEUU se paga peor que Latinoamerica.,True,GallegoEsteve,2003196909226475965,False,0,0,es,2003198107576864836,0,https://x.com/ScarFace2824/status/2003198107576864836,reply-archive,
2003194579886186920,2025-12-22 20:03:00+00:00,@postunited Lo que tampoco se entiende es que el Madrid ingrese más cuando sus espectadores siempre son más bajos que los del Barça,True,postunited,2003167798105899305,False,0,0,es,2003194579886186920,0,https://x.com/ScarFace2824/status/2003194579886186920,reply-archive,
2001334567572283466,2025-12-17 16:51:58+00:00,"@fifa_romania Now, Ibra sbc",True,fifa_romania,2001331847738057022,False,0,0,tl,2001334567572283466,0,https://x.com/ScarFace2824/status/2001334567572283466,reply-archive,
2001001792168202352,2025-12-16 18:49:38+00:00,"@Blayasensat Ter Stegen?
Peligro para Lamine y Eric en estos partidos con rivales revolucionados y en este tipo de campos.",True,Blayasensat,2001001136967573741,False,4,0,es,2001001792168202352,0,https://x.com/ScarFace2824/status/2001001792168202352,reply-archive,
1997393677174362365,2025-12-06 19:52:17+00:00,"@UNIVERSO_1899 Puede ir con manos, pero hace falta tenerla tan arriba, una parada que ni Joan Garcia.",True,UNIVERSO_1899,1997379117444935973,False,0,0,es,1997393677174362365,0,https://x.com/ScarFace2824/status/1997393677174362365,reply-archive,
1996651075739570607,2025-12-04 18:41:27+00:00,@FUT_Rory @FCcoinstore Xbox,True,FUT_Rory,1996540384391070149,False,0,0,en,1996651075739570607,0,https://x.com/ScarFace2824/status/1996651075739570607,reply-archive,
1996000244383772871,2025-12-02 23:35:16+00:00,"@YaiquelH @_AdrianSnchz Mejor fallar la del minuto 1 con 0-0 y meter en el 96 con 2-1, solo las grandes mentes como tú serían fan de Ferran Torres.",True,YaiquelH,1995990123574382975,False,0,0,es,1996000244383772871,0,https://x.com/ScarFace2824/status/1996000244383772871,reply-archive,
1993773328264515857,2025-11-26 20:06:18+00:00,@jonhye7 Que hay que regular?,True,jonhye7,1993646761332953288,False,0,0,es,1993773328264515857,0,https://x.com/ScarFace2824/status/1993773328264515857,reply-archive,
1993771123075633613,2025-11-26 19:57:32+00:00,"@el_yuste_ Multa, multa, multa. Al que haga un dibujo fotorealista y no ensucie su dibujo con una señal clara de que es un dibujo, multa y si no la paga a la cárcel. Para algo está el uso de la fuerza.",True,el_yuste_,1993680868259356967,False,0,0,es,1993771123075633613,0,https://x.com/ScarFace2824/status/1993771123075633613,reply-archive,
1993756903382597961,2025-11-26 19:01:02+00:00,@RadioFCB Me quieres decir que el problema de Koundé es que está en el lateral? Quieres poner al fumado de Koundé de central donde se van a notar el doble sus idas de olla y despistes?,True,RadioFCB,1993732131818742265,False,0,0,es,1993756903382597961,0,https://x.com/ScarFace2824/status/1993756903382597961,reply-archive,
1993729949534982245,2025-11-26 17:13:56+00:00,"@walchavito Laterales con gerard martin, Jofre Torrents y Eric Garcia, Xavi Espart no hay que gastar. Psicologo para Kounde. Vendes a Ferran y libre Lewan, Etta Eyong y Harry Kane. Extremo izquierdo o recuperas a Jan Virgili o 30 por Fofana o yeremay. Schloterbeck, Kee Smit fichajes y Bernal",True,walchavito,1993605325564318153,False,0,0,es,1993729949534982245,0,https://x.com/ScarFace2824/status/1993729949534982245,reply-archive,
1993421610607317078,2025-11-25 20:48:42+00:00,@Blayasensat Tú insistes en que debe ser titular.,True,Blayasensat,1993420875056791669,False,0,0,es,1993421610607317078,0,https://x.com/ScarFace2824/status/1993421610607317078,reply-archive,
1990169966461726886,2025-11-16 21:27:50+00:00,"@DjMaRiiO Tenías la oportunidad contra el Barrio, no quisiste.",True,DjMaRiiO,1990161218552684847,False,6,0,es,1990169966461726886,0,https://x.com/ScarFace2824/status/1990169966461726886,reply-archive,
1987620151894622328,2025-11-09 20:35:47+00:00,@Blayasensat Que Araujo tiri un fora de joc a camp rival que ha sigut?,True,Blayasensat,1987614670996242844,False,0,0,ca,1987620151894622328,0,https://x.com/ScarFace2824/status/1987620151894622328,reply-archive,
1986510368924180494,2025-11-06 19:05:54+00:00,"@Blayasensat Como tienes acceso a HudlStatsBomb, es una colaboración, por tu curso en Barça Innovation Hub o realmente es una inversión para tu canal? Porque es carísimo.",True,Blayasensat,1986509002998423623,False,0,0,es,1986510368924180494,0,https://x.com/ScarFace2824/status/1986510368924180494,reply-archive,
1982154259069043068,2025-10-25 18:36:16+00:00,@DonkTrading Xbox,True,Futdonk,1982153617915179443,False,0,0,en,1982154259069043068,0,https://x.com/ScarFace2824/status/1982154259069043068,reply-archive,
1980697741710729662,2025-10-21 18:08:35+00:00,@futagentt @FUT_Rory Xbox,True,futagentt,1980697496700719469,False,0,0,en,1980697741710729662,0,https://x.com/ScarFace2824/status/1980697741710729662,reply-archive,
1979545807281135998,2025-10-18 13:51:13+00:00,"RT @FutSheriff: 🚨QUICK 100k PACK GIVEAWAY 🔥🔥🔥

• Follow @DrFUT_ &amp; Me✅
• RT ✅

That’s all! Winner soon👀🔥🔥🔥🔥🔥 https://t.co/L3s5hMxj8G",False,,,True,0,0,en,1979545807281135998,1,https://x.com/ScarFace2824/status/1979545807281135998,retweet-archive,
2091591141582061590,2026-08-23 18:19:22+00:00,@UCulemas @JoanLaportaFCB Fichas ahora a Tresoldi y con este clima Julián sale por 70M.,True,UCulemas,2091564619890299054,False,1,0,es,2091591141582061590,0,https://x.com/ScarFace2824/status/2091591141582061590,reply-archive,
2091590717445738847,2026-08-23 18:17:41+00:00,"@TheMavericK_YT Creo que el fichaje en el lateral de futuro hay que plantearlo pensando en el futuro del lateral derecho, que posiblemente sea Espart, así que es mejor un perfil más defensivo como Salinas.",True,TheMavericK_YT,2091583656426901896,False,0,0,es,2091590717445738847,0,https://x.com/ScarFace2824/status/2091590717445738847,reply-archive,
2091590318948753624,2026-08-23 18:16:06+00:00,@jaumemarcet Ara mateix paguem 50M i els hi estem fent un favor,True,jaumemarcet,2091581189760983186,False,0,0,ca,2091590318948753624,0,https://x.com/ScarFace2824/status/2091590318948753624,reply-archive,
2091590137805213914,2026-08-23 18:15:23+00:00,@JijantesFC El club se plantea fichar a Tresoldi para dejar que Julián se devalue con este clima hostil y traerlo en invierno por menos dinero?,True,JijantesFC,2091579865161949379,False,0,0,es,2091590137805213914,0,https://x.com/ScarFace2824/status/2091590137805213914,reply-archive,
2091589953197158515,2026-08-23 18:14:39+00:00,@RevenRV Y por eso mismo en lugar de subir la oferta hay que bajarla,True,RevenRV,2091582772867403917,False,1,0,es,2091589953197158515,0,https://x.com/ScarFace2824/status/2091589953197158515,reply-archive,
2091585682699633019,2026-08-23 17:57:41+00:00,"@dembelismo99_ Quien tiene que alargarlo es el Barça, en invierno lo sacas por menos de 100M. Ahora te traes a Tresoldi y sobretodo a Salinas antes de darles dinero al ATM para que lo fichen ellos.",True,dembelismo99_,2091576327920894086,False,9,0,es,2091585682699633019,0,https://x.com/ScarFace2824/status/2091585682699633019,reply-archive,
2091579919625314532,2026-08-23 17:34:47+00:00,@StefanoBorja3 @Somhiseremfcb Pues que se lo queden con esta hostilidad hasta que lo conviertan en Joao Felix 2.0,True,StefanoBorja3,2091579526878830757,False,0,0,es,2091579919625314532,0,https://x.com/ScarFace2824/status/2091579919625314532,reply-archive,
2091577770052657463,2026-08-23 17:26:14+00:00,"@gerardromero @gerardromero en el club se valora la opción de dejar que se devalue y traer ahora a Tresoldi? 
En invierno, con todo este clima, lo sacas más barato y consigues a los dos por 130M.
Por cierto, hay que caer en que si se quiere a Salinas, se debe cerrar antes pagar por Julián.",True,gerardromero,2091566756800221224,False,1,1,es,2091577770052657463,0,https://x.com/ScarFace2824/status/2091577770052657463,reply-archive,
2091577295207067663,2026-08-23 17:24:21+00:00,"@Guillembp01 En el club se contempla aprovechar la situación para dejar que se devalue, fichar a Tresoldi y a Julian en invierno por 130M los dos. 

PD: si se quiere a Salinas, hay que cerrarlo antes de darles la pasta.",True,Guillembp01,2091573638491214223,False,1,0,es,2091577295207067663,0,https://x.com/ScarFace2824/status/2091577295207067663,reply-archive,
2091576949676073229,2026-08-23 17:22:59+00:00,"@UNIVERSO_1899 Es el momento, pero de bajar la oferta ahora que están desesperados. 
Y cerrar a Salinas antes de darles la pasta.",True,UNIVERSO_1899,2091572767204180470,False,0,0,es,2091576949676073229,0,https://x.com/ScarFace2824/status/2091576949676073229,reply-archive,
2091576676551463193,2026-08-23 17:21:53+00:00,"@Somhiseremfcb 2 cosas:
1 El momento en que la oferta caducara es ahora. Están deseparados. Hay que bajar el precio para que te de para Julián + Tresoldi. 
2 hay que cerrar a Salinas antes de que les demos la pasta",True,Somhiseremfcb,2091575864525836472,False,17,0,es,2091576676551463193,0,https://x.com/ScarFace2824/status/2091576676551463193,reply-archive,
2091575883471396939,2026-08-23 17:18:44+00:00,Es momento de que caduque la oferta del Barça.,False,,,False,0,0,es,2091575883471396939,0,https://x.com/ScarFace2824/status/2091575883471396939,standalone-archive,
2091574993675321417,2026-08-23 17:15:12+00:00,Hay que cerrar a Salinas antes de fichar a Julián,False,,,False,0,0,es,2091574993675321417,0,https://x.com/ScarFace2824/status/2091574993675321417,standalone-archive,
2091573379211878417,2026-08-23 17:08:47+00:00,"@eldelfcb Yo lo sigo en serio pero con Tresoldi y lo sacas en invierno por menos dinero, Tresoldi + Julián = 130",True,eldelfcb,2091567163756732727,False,1,0,es,2091573379211878417,0,https://x.com/ScarFace2824/status/2091573379211878417,reply-archive,
2091563780568240174,2026-08-23 16:30:39+00:00,"@Padremany1 Yo dejaria que se devaluara, con la afición en contra, y por 130 te traes a Julián + Tresoldi. No se donde he escuchado que el club se lo puede llevar a plantear. Pero me gustaria que lo respaldara alguien más.",True,Padremany1,2091557506954797535,False,0,0,es,2091563780568240174,0,https://x.com/ScarFace2824/status/2091563780568240174,reply-archive,
2091563318712398265,2026-08-23 16:28:49+00:00,"¿En el club se contempla la posibilidad de cerrar ahora a Tresoldi como apuesta de presente/futuro y dejar que Julián se devalúe?
Sigue el malestar con Cholo, compañeros y afición, su rendimiento se resiente y acaba en una João Félix 2.0, lo sacas por menos de 100
@gerardromero https://t.co/iwaXXJi53S",False,,,False,1,0,es,2091563318712398265,1,https://x.com/ScarFace2824/status/2091563318712398265,standalone-archive,
2091559770582896641,2026-08-23 16:14:43+00:00,@ShadowMonarch23 Yo ya me esperaba a que se devalue para sacarlo por menos dinero. Y de mientras Tresoldi.,True,ShadowMonarch23,2091558868698501619,False,3,0,es,2091559770582896641,0,https://x.com/ScarFace2824/status/2091559770582896641,reply-archive,
2091471966016246140,2026-08-23 10:25:49+00:00,"@dembelismo99_ Para mi suficiente. Pero si se quiere ir a por Salinas por FOMO, adelante.",True,dembelismo99_,2091465168936935854,False,5,0,es,2091471966016246140,0,https://x.com/ScarFace2824/status/2091471966016246140,reply-archive,
2091454881940775228,2026-08-23 09:17:55+00:00,"@dembelismo99_ Para defender con tantos metros a la espalda es mejor Lukeba. Le falta cadera para girarse rápido, un poco como Alvaro Cortés",True,dembelismo99_,2091445671760974228,False,30,0,es,2091454881940775228,0,https://x.com/ScarFace2824/status/2091454881940775228,reply-archive,
2091273981206602030,2026-08-22 21:19:05+00:00,@dembelismo99_ Me da miedo que a Ignacio le falte cadera para girar en una defensa tan adelantada como la de Flick,True,dembelismo99_,2091268012204556757,False,8,0,es,2091273981206602030,0,https://x.com/ScarFace2824/status/2091273981206602030,reply-archive,
1958636557885157464,2025-08-21 21:05:19+00:00,@KingsNews44363 @Saiyans_FC_ Elena B?,True,KingsNews44363,1958621212541952465,False,0,0,es,1958636557885157464,0,https://x.com/ScarFace2824/status/1958636557885157464,reply-archive,
1957541211373253112,2025-08-18 20:32:48+00:00,@NarcisBoza Acabó mal con mostoles?,True,NarcisBoza,1957540587202109723,False,0,0,es,1957541211373253112,0,https://x.com/ScarFace2824/status/1957541211373253112,reply-archive,
1948420036059615380,2025-07-24 16:28:31+00:00,@mterstegen1 You are renvenging the club for doing the same you did with Claudio Bravo and the culers we know that. Don't play with the economy of our club.,True,mterstegen1,1948400722615140837,False,0,0,en,1948420036059615380,0,https://x.com/ScarFace2824/status/1948420036059615380,reply-archive,
1948419556726145160,2025-07-24 16:26:36+00:00,@mterstegen1 We all know what you did. Not my captain. Out of the club those that don't feel de colours.,True,mterstegen1,1948400722615140837,False,0,0,en,1948419556726145160,0,https://x.com/ScarFace2824/status/1948419556726145160,reply-archive,
1941177821017276920,2025-07-04 16:50:32+00:00,@GxlDePaulinho Siempre ha sido mi primera opción,True,GxlDePaulinho,1941074657010237743,False,0,0,es,1941177821017276920,0,https://x.com/ScarFace2824/status/1941177821017276920,reply-archive,
1941158623201378676,2025-07-04 15:34:15+00:00,"@FCB_nenn A ver el fichaje estaba hecho hasta esta mañana, los periodistas, incluido Gerard solo han dicho lo que estaba pasando si hasta Uriarte fue a la Liga para impedir el fichaje. Como para que ahora digais que era todo un invento de Gerard.",True,FCB_nenn,1940901222493704423,False,0,0,es,1941158623201378676,0,https://x.com/ScarFace2824/status/1941158623201378676,reply-archive,
1940387814203609524,2025-07-02 12:31:20+00:00,@DAlvarez1976 El Fluminese genera lo mismo que el Madrid?,True,DAlvarez1976,1940356177357091287,False,0,0,es,1940387814203609524,0,https://x.com/ScarFace2824/status/1940387814203609524,reply-archive,
1931725214687113601,2025-06-08 14:49:15+00:00,@ItzAyhamm1 @FUTWIZ He've lost the EOAE chem?,True,ItzAyhamm1,1931653099820581216,False,0,0,et,1931725214687113601,0,https://x.com/ScarFace2824/status/1931725214687113601,reply-archive,
1931720405728833626,2025-06-08 14:30:09+00:00,@FendyMerland De bruyne lose de EOAE chemsitry with cdm evo?,True,FendyMerland,1931327756060545340,False,0,0,ro,1931720405728833626,0,https://x.com/ScarFace2824/status/1931720405728833626,reply-archive,
1931720028979655002,2025-06-08 14:28:39+00:00,@FIFA22_INFO He will lose EOAE card chemistry? With cdm evo?,True,FIFA22_INFO,1931649091194191901,False,0,0,en,1931720028979655002,0,https://x.com/ScarFace2824/status/1931720028979655002,reply-archive,
1915711324912341364,2025-04-25 10:15:46+00:00,@DonkTrading https://t.co/1iDu53qFD8,True,Futdonk,1915700298523230246,False,0,0,qme,1915711324912341364,1,https://x.com/ScarFace2824/status/1915711324912341364,reply-archive,
2091237474844705051,2026-08-22 18:54:01+00:00,@ElModelin No creo que uno di noi se relaje solo por llegar al primer equipo,True,ElModelin,2091170727303024794,False,0,0,es,2091237474844705051,0,https://x.com/ScarFace2824/status/2091237474844705051,reply-archive,
2091237013982761019,2026-08-22 18:52:12+00:00,@BlxckNews Y ojo no se ficha ahora a Tresoldi y dejemos que Julián se devalue. Para marcarse un Joao Felix 2.0 y llegue en invierno o verano que viene por 130 - lo que cueste Tresoldi &lt; 100M,True,BlxckNews,2091159496533922062,False,1,0,es,2091237013982761019,0,https://x.com/ScarFace2824/status/2091237013982761019,reply-archive,
2091234626287063098,2026-08-22 18:42:42+00:00,@GxlToniFdz No tiene porque irse. Si se ficha a Lukeba es porque se va Balde y Gerard Martin tendrá que ser suplente de Lukeba y de Cancelo por lo que Pesquer y Cortés se repartiran minutos,True,GxlToniFdz,2091204595250803125,False,1,0,es,2091234626287063098,0,https://x.com/ScarFace2824/status/2091234626287063098,reply-archive,
2091234307935465675,2026-08-22 18:41:26+00:00,Esto https://t.co/6zzQPf3Dsn,False,,,False,0,0,es,2091234307935465675,0,https://x.com/ScarFace2824/status/2091234307935465675,standalone-archive,
2091229824400384487,2026-08-22 18:23:37+00:00,@trovewho Ya han llegado Cancelo y Adeyemi,True,trovewho,2091219924643652059,False,0,0,es,2091229824400384487,0,https://x.com/ScarFace2824/status/2091229824400384487,reply-archive,
2091229758918946840,2026-08-22 18:23:22+00:00,@Penax21 Como si Araujo vuelve a ser el mejor central del mundo. Aquí no lo hubiera sido. Han tenido 4 temporadas. Es hora de irse.,True,Penax21,2091163637570261155,False,0,0,es,2091229758918946840,0,https://x.com/ScarFace2824/status/2091229758918946840,reply-archive,
2091224309498867781,2026-08-22 18:01:43+00:00,@RolsoG Que yo sepa Cucurella tuvo un entrenador que al primer partido lo sentenció y Balde ha tenido 4 temporadas. Llamame loco pero no creo que sea lo mismo.,True,RolsoG,2091167540466561270,False,0,0,es,2091224309498867781,0,https://x.com/ScarFace2824/status/2091224309498867781,reply-archive,
2091224013120913412,2026-08-22 18:00:32+00:00,"@Mario___RM A ver que después de dejaros 50M en un canterano vuestro, os habeis tenido gastar otros 60M en un canterano del Barça, porque el primero no es mejor que Mendy lesionado.",True,Mario___RM,2091180231872700920,False,0,0,es,2091224013120913412,0,https://x.com/ScarFace2824/status/2091224013120913412,reply-archive,
2091220618502975779,2026-08-22 17:47:03+00:00,@ElModelin Quizás no va mal encaminada https://t.co/kh4LzM3qCH,True,ElModelin,2091189806743065042,False,0,0,es,2091220618502975779,1,https://x.com/ScarFace2824/status/2091220618502975779,reply-archive,
2091219737984594428,2026-08-22 17:43:33+00:00,@IsmaelCanellas Antes Olmo y Raphinha que Gavi,True,IsmaelCanellas,2091201051009376468,False,0,0,es,2091219737984594428,0,https://x.com/ScarFace2824/status/2091219737984594428,reply-archive,
2091202941734576585,2026-08-22 16:36:48+00:00,@TheMavericK_YT Gerard sabe cosas https://t.co/GqCuvGamDy,True,TheMavericK_YT,2091185160695730446,False,0,0,es,2091202941734576585,1,https://x.com/ScarFace2824/status/2091202941734576585,reply-archive,
2091201216013390263,2026-08-22 16:29:57+00:00,"@_Futbolero_ Yo venderia a Koundé pero si se queda es para ser suplente de Cubarsí ni podemos confiar en el Christalitos, ni podemos no hacer lo posible para darle minutos a Xavi Espart.",True,_Futbolero_,2091173277527900267,False,0,0,es,2091201216013390263,0,https://x.com/ScarFace2824/status/2091201216013390263,reply-archive,
2091178197115125929,2026-08-22 14:58:29+00:00,@Kosobets Como si explota Araújo... Es lo que hay,True,Kosobets,2091170763709510043,False,6,0,es,2091178197115125929,0,https://x.com/ScarFace2824/status/2091178197115125929,reply-archive,
2091167153730785671,2026-08-22 14:14:36+00:00,@_rogerFCB No llega a decir tanto https://t.co/KBtapJ7Igz,True,_rogerFCB,2091156233516470521,False,1,0,es,2091167153730785671,1,https://x.com/ScarFace2824/status/2091167153730785671,reply-archive,
2091155211142197552,2026-08-22 13:27:08+00:00,@gerardromero @JijantesFC https://t.co/bum018ReLg https://t.co/1oKRV9YEbU,False,gerardromero,,False,0,0,qme,2091155211142197552,1,https://x.com/ScarFace2824/status/2091155211142197552,standalone-archive,
2091154892802936983,2026-08-22 13:25:52+00:00,RT @ScarFace2824: Alguien más se ha dado cuenta que @gerardromero ha insinuado que Frenkie De Jong podría salir a la Premier o por lo menos…,False,,,True,0,0,es,2091154892802936983,0,https://x.com/ScarFace2824/status/2091154892802936983,retweet-archive,
2091150490415337509,2026-08-22 13:08:23+00:00,"@FCB_vdg Claro, porque Fermín es canterano del City... Bernal del PSG... Espart del Chelsea... Cubarsí de la Juve... Lamine del Bayern...",True,FCB_vdg,2091140765950865501,False,2,0,es,2091150490415337509,0,https://x.com/ScarFace2824/status/2091150490415337509,reply-archive,
2091149880811012114,2026-08-22 13:05:57+00:00,@_rogerFCB Romero ayer insinuó que la Premier va detrás de él.,True,_rogerFCB,2091111906182394057,False,0,0,es,2091149880811012114,0,https://x.com/ScarFace2824/status/2091149880811012114,reply-archive,
2091149340987228245,2026-08-22 13:03:49+00:00,"Puedes ingresar 145-190M y reinvertir alrededor de 110-135M, sin quemar los 130M previstos para Julián.
Su situación en el Atleti se deteriora, juega poco, relación hóstil con la afición y sigue queriendo salir, ya devaluado en enero vuelves con fuerza por  &lt;100M. https://t.co/ZB99VZLo9Z",True,ScarFace2824,2091149330451198398,False,0,0,es,2091149330451198398,1,https://x.com/ScarFace2824/status/2091149340987228245,reply-archive,
2091149330451198398,2026-08-22 13:03:46+00:00,"Mercato 10/10

Apuraría a Julián hasta el final, pero no me iría a los 130 si el Atleti mantiene el no, activas a Tresoldi

OUT❌
Koundé: 55-70M
Balde: 45-60M
Casadó: 30-40M
Fort: 15-20M

IN✅
→ Lukeba: 55-70M
→ Salinas: 16M
→ Tresoldi: 40-50M https://t.co/LiUSxNCgVo",False,,,False,0,0,es,2091149330451198398,2,https://x.com/ScarFace2824/status/2091149330451198398,standalone-archive,
2091144763206418698,2026-08-22 12:45:37+00:00,"@ShadowMonarch23 @dembelismo99_ Yo no he entendido eso. 
Flick quiere a Lukeba pero que puede dar brazo a torcer si Deco le trae a Salinas, por tema Mendes.",True,ShadowMonarch23,2091136310484296171,False,0,0,es,2091144763206418698,0,https://x.com/ScarFace2824/status/2091144763206418698,reply-archive,
2091144564538998832,2026-08-22 12:44:50+00:00,@dembelismo99_ Central y tienes a Gerard Martin para suplente de Cancelo,True,dembelismo99_,2091135578028797982,False,1,0,es,2091144564538998832,0,https://x.com/ScarFace2824/status/2091144564538998832,reply-archive,
2091144436637946016,2026-08-22 12:44:19+00:00,"@AxeelFCB Mercato 10/10
Encima dejas que se devalue Julián y te lo traes en invierno o verano 2027 por menos de 100M",True,AxeelFCB,2091126646526902707,False,0,0,es,2091144436637946016,0,https://x.com/ScarFace2824/status/2091144436637946016,reply-archive,
2091144254806438007,2026-08-22 12:43:36+00:00,@Kosobets Al final tendrán razón los del Leipzig,True,Kosobets,2091142718281953586,False,2,0,ca,2091144254806438007,0,https://x.com/ScarFace2824/status/2091144254806438007,reply-archive,
2091120554468073803,2026-08-22 11:09:25+00:00,"@AleixG7 Tampoco tanta pena. Lleva 4 años y sigue con los mismos defectos que el primer año, cuando otros como Gerard Martín, Eric, Cubarsí no han parado de crecer. Y se siente, por como se le ve en el campo, que es por actitud.",True,AleixG7,2091107962685136913,False,38,0,es,2091120554468073803,0,https://x.com/ScarFace2824/status/2091120554468073803,reply-archive,
2091118103673348123,2026-08-22 10:59:41+00:00,@BarcelonaValor Precisamente después de verlos en pretemporada nace la necesidad.,True,BarcelonaValor,2091114379722821814,False,1,0,es,2091118103673348123,0,https://x.com/ScarFace2824/status/2091118103673348123,reply-archive,
2091105748524614144,2026-08-22 10:10:35+00:00,@annaisculer https://t.co/MYiKp9NMLN,True,annaisculer,2091076846280405204,False,3,0,qme,2091105748524614144,4,https://x.com/ScarFace2824/status/2091105748524614144,reply-archive,
2090920236195475884,2026-08-21 21:53:26+00:00,@dembelismo99_ Esta tarde ha insinuado que hay equipos premier detrás de Frenkie,True,dembelismo99_,2090912413990146557,False,0,0,es,2090920236195475884,0,https://x.com/ScarFace2824/status/2090920236195475884,reply-archive,
2090893948789330225,2026-08-21 20:08:58+00:00,"Alguien más se ha dado cuenta que @gerardromero ha insinuado que Frenkie De Jong podría salir a la Premier o por lo menos que hay equipos detrás de él?
Masterclass de Deco",False,,,False,0,1,es,2090893948789330225,0,https://x.com/ScarFace2824/status/2090893948789330225,standalone-archive,
2090892389711823041,2026-08-21 20:02:47+00:00,"Sin Miedo al exito.
Puedes traer a #Tresoldi pese a su juventud para que crezca en esos partidos de Liga que el Barça ya domina con solvencia. Y en Champions, ante rivales que te aprieten al hombre, tener un ataque con dos balas como Gordon y Raphinha puede ser diferencial. https://t.co/7OlgwEmfuw",False,,,False,0,0,es,2090892389711823041,1,https://x.com/ScarFace2824/status/2090892389711823041,standalone-archive,
2090890995596771630,2026-08-21 19:57:14+00:00,@memorabilia1899 @_BarcaInfo @Culernews @barcacentre @BarcaTimes @BarcaUniversal @ReshadRahman @Forca_Fcb @FRBarca_ @monfortcarlos @gerardromero Mejor la otra que se ha filtrado,True,memorabilia1899,2090847745519034604,False,0,0,es,2090890995596771630,0,https://x.com/ScarFace2824/status/2090890995596771630,reply-archive,
2090889539179180287,2026-08-21 19:51:27+00:00,@dembelismo99_ Solo por donde juegan y su nacionalidad...,True,dembelismo99_,2090840999153062200,False,0,0,es,2090889539179180287,0,https://x.com/ScarFace2824/status/2090889539179180287,reply-archive,
2090878401917649033,2026-08-21 19:07:12+00:00,"@shidokageno Gerard contando que piden a Tresoldi que aguante porque van a apurar hasta el último día por Julián. 
Mi Netflix:
31 Agosto no venden a Julián -&gt; fichamos a Tresoldi -&gt; Julián se devalua y llega en enero por menos de 100M",True,shidokageno,2090848675224260842,False,1,0,es,2090878401917649033,0,https://x.com/ScarFace2824/status/2090878401917649033,reply-archive,
2090874131474444464,2026-08-21 18:50:14+00:00,"@UNIVERSO_1899 Puede que por la lesión no pueda recuperar su nivel, mejor venderle ahora que cuando se devalue. 
Casadó es uno di noi, pero también tuvieron la mística Luuk De Jong, Auba, Paulinho etc pero no podemos mantenerlos por esa aura, hay que dejar sitio a lo que viene de abajo.",True,UNIVERSO_1899,2090862709646463336,False,0,0,es,2090874131474444464,0,https://x.com/ScarFace2824/status/2090874131474444464,reply-archive,
2090842416999706859,2026-08-21 16:44:12+00:00,"@alva_ptz @_rogerFCB Para que van a tener a un jugador descontento en el banquillo y que se devalue, cuando te ofrecen 100M? Supongo que habrán aprendido algo de Joao Felix. Sino, lo sacamos en invierno por 70.",True,alva_ptz,2090840922183331932,False,1,0,es,2090842416999706859,0,https://x.com/ScarFace2824/status/2090842416999706859,reply-archive,
2090839564466172379,2026-08-21 16:32:52+00:00,@ThisIsDagran Es más rival directo el Villareal que vosotros. Por lo menos su estrella no se quiere ir del equipo.,True,ThisIsDagran,2090812612971737355,False,1,0,es,2090839564466172379,0,https://x.com/ScarFace2824/status/2090839564466172379,reply-archive,
2090839308991119553,2026-08-21 16:31:51+00:00,@ShadowMonarch23 @Pizzi_Macanudo Lautaro con Ibra? Lo que hay que leer. Mucho más parecido a Ibra Woltemade. Aunque sin el espectaculo que daba Ibra en el campo.,True,ShadowMonarch23,2090547281623969897,False,0,0,es,2090839308991119553,0,https://x.com/ScarFace2824/status/2090839308991119553,reply-archive,
2090838357332885923,2026-08-21 16:28:04+00:00,@Padremany1 Habrá ido a por Jackson,True,Padremany1,2090802580787970211,False,0,0,es,2090838357332885923,0,https://x.com/ScarFace2824/status/2090838357332885923,reply-archive,
2090838259601416442,2026-08-21 16:27:41+00:00,@_rogerFCB Para que vas a subir? Ahora los desesperados son ellos.,True,_rogerFCB,2090830740724326748,False,2,0,es,2090838259601416442,0,https://x.com/ScarFace2824/status/2090838259601416442,reply-archive,
2090818822546595941,2026-08-21 15:10:27+00:00,RT @Padremany1: Lo de que tengamos al Pateti queriendo fichar a un delantero CEDIDO porque no tienen un duro por tener bloqueada la planifi…,False,,,True,0,0,es,2090818822546595941,0,https://x.com/ScarFace2824/status/2090818822546595941,retweet-archive,
2090808387080434100,2026-08-21 14:28:59+00:00,@DiegoDav07 Julián aguanta. Te traes a Tresoldi como opción de última hora. Y Julián sale en invierno devaluado.,True,DiegoDav07,2090806638802346409,False,2,0,es,2090808387080434100,0,https://x.com/ScarFace2824/status/2090808387080434100,reply-archive,
2090766166952198283,2026-08-21 11:41:13+00:00,@trovewho Perfil Alvaro Cortés. No tiene cadera para jugar en defensa Flick.,True,trovewho,2090765646154039391,False,0,0,es,2090766166952198283,0,https://x.com/ScarFace2824/status/2090766166952198283,reply-archive,
2090742247155196191,2026-08-21 10:06:10+00:00,@cullera5 Lo mismo con Casadó o Fort. Pero no nos podemos quedar con todos. Hay que ir haciendo hueco.,True,cullera5,2090711837906030739,False,0,0,es,2090742247155196191,0,https://x.com/ScarFace2824/status/2090742247155196191,reply-archive,
2090707506402152942,2026-08-21 07:48:07+00:00,@_rogerFCB No compares a Woltemade con Vlahovic,True,_rogerFCB,2090545344937435581,False,0,0,ca,2090707506402152942,0,https://x.com/ScarFace2824/status/2090707506402152942,reply-archive,
2090705955457515628,2026-08-21 07:41:57+00:00,@Pizzi_Macanudo Puedes ejercer la compra antes del cambio de curso economico,True,Pizzi_Macanudo,2090548482968854869,False,1,0,es,2090705955457515628,0,https://x.com/ScarFace2824/status/2090705955457515628,reply-archive,
2090700460692828235,2026-08-21 07:20:07+00:00,@Padremany1 Para el central esperan una salida de Balde o Koundé,True,Padremany1,2090569263203394003,False,0,0,es,2090700460692828235,0,https://x.com/ScarFace2824/status/2090700460692828235,reply-archive,
2090560627005702514,2026-08-20 22:04:28+00:00,"@gorkaerviti Puedes traer cedido a Woltemade o Gyokeres, asegurarte de que son el 9 que quieres y ejercer la compra antes del siguiente curso economico. 
Y puedes comprar ya a Tresoldi para que vaya creciendo aquí por si el cedido no convence.",True,gorkaerviti,2090557859796811874,False,0,0,es,2090560627005702514,0,https://x.com/ScarFace2824/status/2090560627005702514,reply-archive,
2090553766810395003,2026-08-20 21:37:13+00:00,"@Blayasensat Salen: Fort, Casadó, Koundé, Balde
Llegan: Lukeba, Tresoldi, Woltemade cedido
Ojo: Kees Smit",True,Blayasensat,2090549868901106110,False,0,0,es,2090553766810395003,0,https://x.com/ScarFace2824/status/2090553766810395003,reply-archive,
2090477432436293926,2026-08-20 16:33:53+00:00,@IsmaelCanellas Nos quejamos siempre de que no hay que mirar el DNI pero ahora es preferible ir a por perfiles peores solo porque son mayores. Bravo.,True,IsmaelCanellas,2090397882037772585,False,0,0,es,2090477432436293926,0,https://x.com/ScarFace2824/status/2090477432436293926,reply-archive,
2090477053993005140,2026-08-20 16:32:23+00:00,@german9234 @_rogerFCB Claro porque Koundé siempre ha sido conocido por su calidad en ataque y no por defender...,True,german9234,2090476474486665315,False,7,0,es,2090477053993005140,0,https://x.com/ScarFace2824/status/2090477053993005140,reply-archive,
2090475878366990468,2026-08-20 16:27:43+00:00,@FCB_vdg 27/28 cuando ya no valga nada y tenga que salir cedido como Araujo,True,FCB_vdg,2090472168257671243,False,0,0,es,2090475878366990468,0,https://x.com/ScarFace2824/status/2090475878366990468,reply-archive,
2090475501747867954,2026-08-20 16:26:13+00:00,"@Penax21 Seguramente no, pero ya sabemos que pasa con estos jugadores con los que hay dudas y aun así rechazamos ofertas, luego se devaluan. Cancelo viene a ser titular, como ya lo fue desde que llegó, vamos a tener un suplente de 50/60 pudiendo traer a Lukeba y GM + Pesquer al lateral?",True,Penax21,2090472372885233738,False,0,0,es,2090475501747867954,0,https://x.com/ScarFace2824/status/2090475501747867954,reply-archive,
2090471937562624262,2026-08-20 16:12:03+00:00,@_rogerFCB Que poca memoria. La primera temporada con Flick de Koundé no te la ha hecho nunca Balde.,True,_rogerFCB,2090463950353682581,False,47,0,es,2090471937562624262,0,https://x.com/ScarFace2824/status/2090471937562624262,reply-archive,
2090471664618189031,2026-08-20 16:10:58+00:00,@Penax21 Falacia. Lo mismo puedo decir de cualquier otro fichaje. Por no decir que en el Barça los últimos días siempre han sido los más productivos.,True,Penax21,2090467067950407818,False,1,0,es,2090471664618189031,0,https://x.com/ScarFace2824/status/2090471664618189031,reply-archive,
2090466448086802852,2026-08-20 15:50:14+00:00,@Penax21 Calafiori o Lewis Hall. Pero te vale con traer a un central zurdo top como Lukeba para que Gerard Martin pueda ser suplente de Cancelo y de Lukeba.,True,Penax21,2090456428393767387,False,4,0,es,2090466448086802852,0,https://x.com/ScarFace2824/status/2090466448086802852,reply-archive,
2090464409026011255,2026-08-20 15:42:08+00:00,@bxrca1899 Jordi Pesquer. Mensaje a Balde -&gt; United,True,bxrca1899,2090170102993789404,False,0,0,es,2090464409026011255,0,https://x.com/ScarFace2824/status/2090464409026011255,reply-archive,
2090463706748453106,2026-08-20 15:39:21+00:00,@gxldeadam Venta,True,gxldeadam,2090459575895855476,False,2,0,es,2090463706748453106,0,https://x.com/ScarFace2824/status/2090463706748453106,reply-archive,
2090463282834366739,2026-08-20 15:37:40+00:00,@bxrca1899 La suficiente para fichar a Calafiori o Lewis Hall,True,bxrca1899,2090451261535469659,False,0,0,es,2090463282834366739,0,https://x.com/ScarFace2824/status/2090463282834366739,reply-archive,
2090460935299191184,2026-08-20 15:28:20+00:00,@AxeelFCB Preferiblemente Calafiori o Lewis Hall pero aceptaria,True,AxeelFCB,2090450926725177635,False,0,0,es,2090460935299191184,0,https://x.com/ScarFace2824/status/2090460935299191184,reply-archive,
2090460240827367644,2026-08-20 15:25:34+00:00,@Blayasensat Calafiori o Lukeba,True,Blayasensat,2090453138587205640,False,0,0,in,2090460240827367644,0,https://x.com/ScarFace2824/status/2090460240827367644,reply-archive,
2090452411949187353,2026-08-20 14:54:28+00:00,@TheMavericK_YT Fake y menos mal,True,TheMavericK_YT,2090433907099382159,False,0,0,es,2090452411949187353,0,https://x.com/ScarFace2824/status/2090452411949187353,reply-archive,
2090450114246590473,2026-08-20 14:45:20+00:00,@CuentaMister @Deco20oficial Muy lejos de Vlahovic... https://t.co/ySLssyXz9w,True,CuentaMister,2090442329555452257,False,3,0,es,2090450114246590473,1,https://x.com/ScarFace2824/status/2090450114246590473,reply-archive,
2090436491453309296,2026-08-20 13:51:12+00:00,@planetabarcaa @gerardromero Ya me dirás que experiencia tiene Suarez. Cubarsí con 19 tiene más que él,True,planetabarcaa,2090388030989234619,False,2,0,es,2090436491453309296,0,https://x.com/ScarFace2824/status/2090436491453309296,reply-archive,
2090425344645906900,2026-08-20 13:06:55+00:00,@planetabarcaa Para que? Fichalo ya,True,planetabarcaa,2090409119291220473,False,9,0,es,2090425344645906900,0,https://x.com/ScarFace2824/status/2090425344645906900,reply-archive,
2090423866506072374,2026-08-20 13:01:02+00:00,@Torren__ Os habeis inventado la película de que sois rivales nuestros. Y lo único que sois es la putita del Madrid.,True,Torren__,2090104940769190050,False,0,0,es,2090423866506072374,0,https://x.com/ScarFace2824/status/2090423866506072374,reply-archive,
2090388654002721073,2026-08-20 10:41:07+00:00,"@_rogerFCB No es mala suerte, te tenías que haber anticipado. Hubieron ofertas por Ferran y Robert pero pasaron del tema.",True,_rogerFCB,2090193914472886480,False,1,0,es,2090388654002721073,0,https://x.com/ScarFace2824/status/2090388654002721073,reply-archive,
2090166613073154283,2026-08-19 19:58:48+00:00,@_rogerFCB Sigue siendo peor que Lewy y Ferran y ya sabemos como los hemos sufrido fuera del area,True,_rogerFCB,2090160126711742973,False,0,0,es,2090166613073154283,0,https://x.com/ScarFace2824/status/2090166613073154283,reply-archive,
2090146309579718757,2026-08-19 18:38:07+00:00,@Padremany1 Si mueves a Eric al lateral necesitas un suplente de Cuba. No estamos para confiar en el físico de Crhistalitos,True,Padremany1,2090142301477552589,False,1,0,es,2090146309579718757,0,https://x.com/ScarFace2824/status/2090146309579718757,reply-archive,
2090135680886210904,2026-08-19 17:55:53+00:00,"@Padremany1 Gyokeres
Lautaro ya ni se aguanta, menos en ritmo Flick.",True,Padremany1,2090115115035115861,False,0,0,es,2090135680886210904,0,https://x.com/ScarFace2824/status/2090135680886210904,reply-archive,
2090126187322634253,2026-08-19 17:18:10+00:00,@Kosobets Hay que verlos aquí para eso la cesión.,True,Kosobets,2090124524830261624,False,0,0,es,2090126187322634253,0,https://x.com/ScarFace2824/status/2090126187322634253,reply-archive,
2090122432317460941,2026-08-19 17:03:15+00:00,"@_Futbolero_ Precisamente por verlo, sabemos que Lautaro lleva dos años tocado por las lesiones y su físico está muy mermado. No te aguanta ritmo Flick.",True,_Futbolero_,2090115855333916827,False,0,0,es,2090122432317460941,0,https://x.com/ScarFace2824/status/2090122432317460941,reply-archive,
2090120733108117829,2026-08-19 16:56:29+00:00,@LordbzB No has visto sus dos últimas temporadas. Muy tocado por las lesiones.,True,LordbzB,2090112896759927079,False,0,0,es,2090120733108117829,0,https://x.com/ScarFace2824/status/2090120733108117829,reply-archive,
2090119847862554852,2026-08-19 16:52:58+00:00,@LordbzB Siempre que ha acertado es cuando ya estaba cerrado como Adeyemi y Rodri porque ha pillado a alguien. Cuando saca informaciones así no es tan preciso. Cruzamos los dedos.,True,LordbzB,2090107707147591803,False,0,0,es,2090119847862554852,0,https://x.com/ScarFace2824/status/2090119847862554852,reply-archive,
2090119054614794672,2026-08-19 16:49:49+00:00,"@Padremany1 Muy de acuerdo. 
Siempre puedes traer a Gyokeres o Woltemade cedidos para no comprometerte. https://t.co/Dl0CGtNjd0",True,Padremany1,2090099156782117185,False,0,0,es,2090119054614794672,1,https://x.com/ScarFace2824/status/2090119054614794672,reply-archive,
2090118755246367091,2026-08-19 16:48:38+00:00,"@_Futbolero_ No lo has visto las dos últimas temporadas. 
Muy perjudicado por las lesiones. 
No te aguanta el ritmo de Flick. Tanto por transiciones como por presión.",True,_Futbolero_,2090111839673667943,False,0,0,es,2090118755246367091,0,https://x.com/ScarFace2824/status/2090118755246367091,reply-archive,
2090118539424170064,2026-08-19 16:47:46+00:00,"@planetabarcaa @gerardromero Está más cerco del retiro que Kane y no por edad sino por físico y por las lesiones. 
No te aguanta el ritmo Flick. 
Para acabar en esto hubieramos ido a por Gyokeres . https://t.co/Oj5Vxr96kg",True,planetabarcaa,2090112500377292819,False,2,0,es,2090118539424170064,1,https://x.com/ScarFace2824/status/2090118539424170064,reply-archive,
2090116290618818726,2026-08-19 16:38:50+00:00,"@victor_nahe Espero que sea la cortina de humo de Deco. 
Mucho antes Gyokeres, Woltemade, Tresoldi o Asllani que el argentino. https://t.co/MnlC09xcbJ",True,victor_nahe,2090113567680811087,False,9,1,es,2090116290618818726,1,https://x.com/ScarFace2824/status/2090116290618818726,reply-archive,
2090115587548586222,2026-08-19 16:36:03+00:00,@Kosobets Tenías a Woltemade y a Gyokeres antes de ir a por Lauraro. Opción terrible para el Barça. https://t.co/lNmo7CCmD0,True,Kosobets,2090114513555054746,False,0,0,es,2090115587548586222,1,https://x.com/ScarFace2824/status/2090115587548586222,reply-archive,
2090114133093990818,2026-08-19 16:30:16+00:00,@Blayasensat Sabiendo que este iba a ser el destino hubiera pedido a Gyokeres.,True,Blayasensat,2090112665754431815,False,0,0,es,2090114133093990818,0,https://x.com/ScarFace2824/status/2090114133093990818,reply-archive,
2090112938354848111,2026-08-19 16:25:31+00:00,@Blayasensat Todo mi gozo en un pozo,True,Blayasensat,2090112665754431815,False,1,0,es,2090112938354848111,0,https://x.com/ScarFace2824/status/2090112938354848111,reply-archive,
2090088474548240643,2026-08-19 14:48:18+00:00,"@carpetasFCB Si le dejan jugar 2 partidos, el primero de momento no.",True,carpetasFCB,2090082788829458708,False,2,0,es,2090088474548240643,0,https://x.com/ScarFace2824/status/2090088474548240643,reply-archive,
2090088191931944969,2026-08-19 14:47:11+00:00,"@DiegoDav07 Porque todo el mundo sabe que los 4 primeros meses de un jugadores que te puede dar 12 años son los más importantes. 
Estarás contento porque no vamos a traer por 130 al que marcó menos de 13 en Liga.",True,DiegoDav07,2090087213006463084,False,0,0,es,2090088191931944969,0,https://x.com/ScarFace2824/status/2090088191931944969,reply-archive,
2090042559838003563,2026-08-19 11:45:52+00:00,@FCBInformatiu @gerardromero @Blayasensat,True,FCBInformatiu,2090041688236437764,False,1,0,qam,2090042559838003563,0,https://x.com/ScarFace2824/status/2090042559838003563,reply-archive,
2090041924522549523,2026-08-19 11:43:20+00:00,"@gutiifcb Kane + Tresoldi 
O Woltemade cedido + Tresoldi + Lukeba/Calafiori
Y en un año escoges si te vale Woltemade o Tresoldi o puedes ir a por Kroupi https://t.co/9oICelZz3y",True,gutiifcb,2089976525823045812,False,0,0,es,2090041924522549523,1,https://x.com/ScarFace2824/status/2090041924522549523,reply-archive,
2090041504148451708,2026-08-19 11:41:40+00:00,@_rogerFCB https://t.co/ff4vQkChjG,True,_rogerFCB,2089999631920873785,False,0,0,qme,2090041504148451708,1,https://x.com/ScarFace2824/status/2090041504148451708,reply-archive,
2089981309162492207,2026-08-19 07:42:28+00:00,@gusfop https://t.co/gM3YaP7oGI,True,gusfop,2089874538800545879,False,0,0,qme,2089981309162492207,1,https://x.com/ScarFace2824/status/2089981309162492207,reply-archive,
2089847445668737482,2026-08-18 22:50:33+00:00,@Somhiseremfcb https://t.co/pm4VUl4JG5,True,Somhiseremfcb,2089842683724333363,False,2,0,qme,2089847445668737482,1,https://x.com/ScarFace2824/status/2089847445668737482,reply-archive,
2089847303376933371,2026-08-18 22:49:59+00:00,@gerardromero @Alex33Mora https://t.co/C3KHunQBWG,True,gerardromero,2089828335509467414,False,9,0,qme,2089847303376933371,1,https://x.com/ScarFace2824/status/2089847303376933371,reply-archive,
2089846937511956660,2026-08-18 22:48:32+00:00,@dembelismo99_ https://t.co/QaiXH2Kr4Q,True,dembelismo99_,2089793434265473448,False,0,0,qme,2089846937511956660,1,https://x.com/ScarFace2824/status/2089846937511956660,reply-archive,
2089846747266707587,2026-08-18 22:47:46+00:00,"Tras la negativa del Atleti a vender a Julián, toca completar la plantilla.
Mi cierre ideal: Woltemade cedido + Tresoldi + Calafiori/Lukeba.
Pruebas un 9 antes de invertir, fichas otro de futuro y utilizas el resto para la defensa.
Menos nombre. Más planificación.
#FCBarcelona https://t.co/EOri5BIIp0",False,,,False,0,0,es,2089846747266707587,1,https://x.com/ScarFace2824/status/2089846747266707587,used-in-web-article,cerrar-el-mercado
2089776806882591222,2026-08-18 18:09:51+00:00,@DiegoDav07 Y siempre puedes probar a Woltemade en cesión,True,DiegoDav07,2089776226470940860,False,1,0,es,2089776806882591222,0,https://x.com/ScarFace2824/status/2089776806882591222,reply-archive,
2089741330608017441,2026-08-18 15:48:53+00:00,@Alex33Mora El desprecio a Asllani que ni la bandera correcta🇽🇰,True,Alex33Mora,2089720324753433010,False,1,0,ca,2089741330608017441,0,https://x.com/ScarFace2824/status/2089741330608017441,reply-archive,
2089687683995984358,2026-08-18 12:15:43+00:00,"@Borja_Pardo Opinión de no ver los partidos. Como hemos sufrido tener 9 que no asociativos, que no saben jugar fuera del area y que pierden cada balón como Lewan y Ferran. Solo faltaba traer al tractor de Gyokeres, y encima no hace 2 o 1 año cuando estaba en su peak cuando ya está de bajada.",True,Borja_Pardo,2089678909583299023,False,26,0,es,2089687683995984358,0,https://x.com/ScarFace2824/status/2089687683995984358,reply-archive,
2089470096485843197,2026-08-17 21:51:06+00:00,"El Barça tiene varias vías para resolver el 9: apostar por el presente, comprar al delantero del futuro o ganar tiempo. La decisión no puede limitarse a elegir al mejor nombre.
Hay que acertar: cuándo invertir, cuánto comprometer y qué puertas dejar abiertas.
#FCBarcelona https://t.co/lJ8V3gFf3Z",False,,,False,0,0,es,2089470096485843197,1,https://x.com/ScarFace2824/status/2089470096485843197,used-in-web-article,one-shot
2089439618642989161,2026-08-17 19:49:59+00:00,@Somhiseremfcb Woltemade/Asllani/Tresoldi - Remiro - Calafiori/Lukeba,True,Somhiseremfcb,2089439112180727920,False,1,0,it,2089439618642989161,0,https://x.com/ScarFace2824/status/2089439618642989161,reply-archive,
2089413648590500014,2026-08-17 18:06:47+00:00,@MisterCruyff14 ?,True,MisterCruyff14,2089407048089997705,False,0,0,qam,2089413648590500014,0,https://x.com/ScarFace2824/status/2089413648590500014,reply-archive,
2089351044656492905,2026-08-17 13:58:01+00:00,@MadridistaR3615 @Tebasjavier Verano pasado gastando solo 25 mientras vosotroa gastabais 250M en jugadores y entrenador que habeis tenido que sustuir a todos en un año. Hace 3 veranos gastando 3M y vosotros 160M. Estamos gastando lo que no hemos gastado en 3 años.,True,MadridistaR3615,2089215322150555995,False,2,0,es,2089351044656492905,0,https://x.com/ScarFace2824/status/2089351044656492905,reply-archive,
2089132656248144014,2026-08-16 23:30:14+00:00,@Somhiseremfcb @10JoseAlvarez No es él. Preocupa.,True,Somhiseremfcb,2089128159962689726,False,0,0,es,2089132656248144014,0,https://x.com/ScarFace2824/status/2089132656248144014,reply-archive,
2089125164021674247,2026-08-16 23:00:27+00:00,@dembelismo99_ Woltemade/Tresoldi?,True,dembelismo99_,2089121193731195167,False,1,0,ca,2089125164021674247,0,https://x.com/ScarFace2824/status/2089125164021674247,reply-archive,
2089099994166870284,2026-08-16 21:20:26+00:00,"@Alex33Mora No lo dejó escapar, no nos lo dejaron fichar por FPF.*",True,Alex33Mora,2089075790914715933,False,3,0,es,2089099994166870284,0,https://x.com/ScarFace2824/status/2089099994166870284,reply-archive,
2089090726587973796,2026-08-16 20:43:37+00:00,"@RiquiSalmon11 El problema es que la clausula la tienes que pagar de golpe, y ya sabemos que al Barça nunca le gusta eso.",True,RiquiSalmon11,2089089507656163418,False,1,0,es,2089090726587973796,0,https://x.com/ScarFace2824/status/2089090726587973796,reply-archive,
2089077939602419887,2026-08-16 19:52:48+00:00,@JuniorSintress La epoca donde te tenias que hacer 3 plantillas mínimo para que recuperaran la Forma física,True,JuniorSintress,2089075059902005647,False,244,0,es,2089077939602419887,0,https://x.com/ScarFace2824/status/2089077939602419887,reply-archive,
2089067094889402431,2026-08-16 19:09:43+00:00,"@dembelismo99_ El 9 titular y ¿ suplente ? : Julian/Woltemade/Kroupi/Tresoldi/Asllani
Central zurdo: Lukeba/Calafiori/Laporte/Salinas",True,dembelismo99_,2089064088307487115,False,0,0,es,2089067094889402431,0,https://x.com/ScarFace2824/status/2089067094889402431,reply-archive,
2089054848905842727,2026-08-16 18:21:03+00:00,@ShadowMonarch23 @gusfop Pero si a Hincapié lo acaban de fichar,True,ShadowMonarch23,2089043541133586529,False,0,0,es,2089054848905842727,0,https://x.com/ScarFace2824/status/2089054848905842727,reply-archive,
2088912866766135605,2026-08-16 08:56:52+00:00,@dembelismo99_ Sarabria,True,dembelismo99_,2088903272388050963,False,0,0,pt,2088912866766135605,0,https://x.com/ScarFace2824/status/2088912866766135605,reply-archive,
2088729374270824956,2026-08-15 20:47:44+00:00,@_Futbolero_ Y hay q jugar contra el Basilea y el Gamper?,True,_Futbolero_,2088710200437977169,False,1,0,es,2088729374270824956,0,https://x.com/ScarFace2824/status/2088729374270824956,reply-archive,
2088615407439560847,2026-08-15 13:14:52+00:00,@Kosobets Traspaso o por lesión y los del Leipzig no estaban tan equivocados?,True,Kosobets,2088614313204314171,False,2,0,es,2088615407439560847,0,https://x.com/ScarFace2824/status/2088615407439560847,reply-archive,
2088269039936086458,2026-08-14 14:18:31+00:00,@Somhiseremfcb @ESPNArgentina Tampoco*,True,Somhiseremfcb,2088266148823318743,False,0,0,es,2088269039936086458,0,https://x.com/ScarFace2824/status/2088269039936086458,reply-archive,
2088266320710082754,2026-08-14 14:07:43+00:00,@dembelismo99_ Cubarsí tiene más experiencia que 3 de ellos,True,dembelismo99_,2088224593416745125,False,0,0,es,2088266320710082754,0,https://x.com/ScarFace2824/status/2088266320710082754,reply-archive,
2088232686569525508,2026-08-14 11:54:04+00:00,@ReshadRahman Kroupi,True,ReshadRahman,2088232300924563612,False,0,0,cs,2088232686569525508,0,https://x.com/ScarFace2824/status/2088232686569525508,reply-archive,
2088227783495283033,2026-08-14 11:34:35+00:00,@ShadowMonarch23 @Doctor_Futbol Hasta Gyokeres marcaba más en esa liga,True,ShadowMonarch23,2088192744841794019,False,10,1,es,2088227783495283033,0,https://x.com/ScarFace2824/status/2088227783495283033,reply-archive,
2088227070153195856,2026-08-14 11:31:45+00:00,"@elitelliZN Asllani o Tresoldi si hay que fichar. 
Sino Fermín, Gistau y Ebrima.",True,elitelliZN,2088211315336647033,False,0,0,es,2088227070153195856,0,https://x.com/ScarFace2824/status/2088227070153195856,reply-archive,
2088226823817613571,2026-08-14 11:30:46+00:00,"Tienes 130M para Julián y no te lo quieren vender. 
En lugar de gastar por gastar tienes la oportunidad de probar a un 9 unicornio como Woltemade cedido una temporada (si es cierta la opción, que con el cambio de DT lo dudo) y comprobar tu mismo si es un 9 titular para el Barça.",False,,,False,0,0,es,2088226823817613571,0,https://x.com/ScarFace2824/status/2088226823817613571,standalone-archive,
2088219866356425049,2026-08-14 11:03:08+00:00,"@Alex33Mora @JijantesFC @CasinoBarcelona @KikuRimblas @gerardromero Se pide liderazgo y experiencia, y lo que se trae a simple vista la tiene por tener 28 añazos pero en realidad Cubarsí tiene más experiencia que él con 19 años. 
Para eso te traes a un joven como Kroupi, Tresoldi o Woltemade. 
Porque recordemos 80M de clausula.",True,Alex33Mora,2088199196171989378,False,1,0,es,2088219866356425049,0,https://x.com/ScarFace2824/status/2088219866356425049,reply-archive,
2088219096491897106,2026-08-14 11:00:04+00:00,"@RadioFCB Jugador ya ni de Leverkusen o Villareal, de Almeria.",True,RadioFCB,2088194744732074153,False,0,0,es,2088219096491897106,0,https://x.com/ScarFace2824/status/2088219096491897106,reply-archive,
2088218309468557465,2026-08-14 10:56:56+00:00,RT @Somhiseremfcb: Ha fallado más que Ferran Torres https://t.co/Um06lUKmlO,False,,,True,0,0,es,2088218309468557465,1,https://x.com/ScarFace2824/status/2088218309468557465,retweet-archive,
2088213856921276600,2026-08-14 10:39:15+00:00,@Mancuer91 28 años y Cubarsí tienes más experiencia que él,True,Mancuer91,2088192927520489976,False,1,0,es,2088213856921276600,0,https://x.com/ScarFace2824/status/2088213856921276600,reply-archive,
2088213736456642748,2026-08-14 10:38:46+00:00,"@BlxckNews Con 28 años (más que Julián) y los niños del Barça como Cubarsí o Lamine, incluso Bernal tienen infinitamente más experiencia que él. 
No es precisamente el ejemplo de líder y experimentado que se supone que estaban buscando.",True,BlxckNews,2088197426813288827,False,7,0,es,2088213736456642748,0,https://x.com/ScarFace2824/status/2088213736456642748,reply-archive,
2088071197942530145,2026-08-14 01:12:22+00:00,"@AxeelFCB Lo q preocupa es lo de ilusionar
Gabriel Jesus
Oyarzabal
Kane

Mis apuestas que no mis gustos

Por mi
Julian
Kane
Kroupi
Woltemade
Asllani 
Tresoldi",True,AxeelFCB,2088040288073724112,False,0,0,es,2088071197942530145,0,https://x.com/ScarFace2824/status/2088071197942530145,reply-archive,
2087943462070931730,2026-08-13 16:44:48+00:00,"@giannidcampos @sirfcb_ 30 años, historial de lesiones, en 6 meses lo puedes firmar gratis, ha declarado que quiere salir al Barça... 
Hay argumentos para negociar a la baja.",True,giannidcampos,2087942785835938129,False,0,0,es,2087943462070931730,0,https://x.com/ScarFace2824/status/2087943462070931730,reply-archive,
2097643500074377611,2026-09-09 11:09:17+00:00,@_AdrianSnchz Cubarsí,True,_AdrianSnchz,2097635681770098949,False,0,0,es,2097643500074377611,0,https://x.com/ScarFace2824/status/2097643500074377611,reply-archive,
2097580186283675703,2026-09-09 06:57:42+00:00,@0Nollores0 @Somhiseremfcb Ya me dirás a que club te vas para que sea lo mismo que irse del Twente al Barça,True,0Nollores0,2097304448720593113,False,0,0,es,2097580186283675703,0,https://x.com/ScarFace2824/status/2097580186283675703,reply-archive,
2097443249732358231,2026-09-08 21:53:34+00:00,@sirfcb_ Miedo? Ilusión! La IA puede estar rompiendo techos que puede que por límites biológicos nunca hubieramos podido superar,True,sirfcb_,2097441290916897064,False,1,0,es,2097443249732358231,0,https://x.com/ScarFace2824/status/2097443249732358231,reply-archive,
2097427598976659487,2026-09-08 20:51:22+00:00,"@Robin_dadynovic @roxasorg13 Justa has ido a parar con el culer que menos le importa la champions, te firmo no ganarla y seguir con la racha de ligas.",True,Robin_dadynovic,2097420758460821738,False,0,0,es,2097427598976659487,0,https://x.com/ScarFace2824/status/2097427598976659487,reply-archive,
2097409764481232966,2026-09-08 19:40:30+00:00,@jaumemarcet No era el moment Jaume,True,jaumemarcet,2097402798157742427,False,0,0,ca,2097409764481232966,0,https://x.com/ScarFace2824/status/2097409764481232966,reply-archive,
2097409640896307296,2026-09-08 19:40:01+00:00,"@DiegoDav07 Lo de Raphinha da un poco de cringe, hasta prefiero los pantalones bajados de Lamine. Y eso que cuando jugaba era de los suyos, que se arremangaba los pantalones.",True,DiegoDav07,2097394450989220060,False,7,0,es,2097409640896307296,0,https://x.com/ScarFace2824/status/2097409640896307296,reply-archive,
2097408996067901467,2026-09-08 19:37:27+00:00,@planetabarcaa Messi o Cubarsí. Que ha hecho Dembelé?,True,planetabarcaa,2097370131877781777,False,0,0,es,2097408996067901467,0,https://x.com/ScarFace2824/status/2097408996067901467,reply-archive,
2097408681625448742,2026-09-08 19:36:12+00:00,"@RiquiSalmon11 Calma, todos vemos el juego no seamos como ellos y nos fijemos solo en el resultado.",True,RiquiSalmon11,2097408089364324608,False,1,0,es,2097408681625448742,0,https://x.com/ScarFace2824/status/2097408681625448742,reply-archive,
2097408413517205926,2026-09-08 19:35:08+00:00,"@sirfcb_ Justo, maquillando mal juego con goles así. Que se lo crean mientras sea ahora, que se iban a clasificar igual y no a final de temporada, todo bien.",True,sirfcb_,2097407450257178915,False,50,0,es,2097408413517205926,0,https://x.com/ScarFace2824/status/2097408413517205926,reply-archive,
2097407047130120575,2026-09-08 19:29:42+00:00,"@Blayasensat Clasificarse se van a clasificar igual, si se maquilla el mal juego con resultados así ahora mejor que a final de temporada.",True,Blayasensat,2097406378042077413,False,4,0,es,2097407047130120575,0,https://x.com/ScarFace2824/status/2097407047130120575,reply-archive,
2097406837775577368,2026-09-08 19:28:52+00:00,"@roxasorg13 Que sigan ganando así, cuando más maquillen su falta de juego con resultados, mejor.",True,roxasorg13,2097406502348652634,False,9,0,es,2097406837775577368,0,https://x.com/ScarFace2824/status/2097406837775577368,reply-archive,
2097405476988408058,2026-09-08 19:23:28+00:00,"@Somhiseremfcb Extradeportivamente lo que querais pero lo de no querer a Bastoni con lo que juega, a mi me lo van a tener que explicar",True,Somhiseremfcb,2097404233288945749,False,0,0,es,2097405476988408058,0,https://x.com/ScarFace2824/status/2097405476988408058,reply-archive,
2097400912532689233,2026-09-08 19:05:20+00:00,@RiquiSalmon11 Porque el Madrid y especialmente Mourinho ha sido siempre un ejemplo de a quien dejar en el banquillo,True,RiquiSalmon11,2097398546706137153,False,0,0,es,2097400912532689233,0,https://x.com/ScarFace2824/status/2097400912532689233,reply-archive,
2097395041983500698,2026-09-08 18:42:00+00:00,@ShadowMonarch23 @ReshadRahman @SamC_reports Más que la de Mané o Quiñones?,True,ShadowMonarch23,2097294835954729249,False,0,0,es,2097395041983500698,0,https://x.com/ScarFace2824/status/2097395041983500698,reply-archive,
2097377426716459204,2026-09-08 17:32:00+00:00,@TheMavericK_YT Pedri y Raphinha,True,TheMavericK_YT,2097336007641219488,False,1,0,ht,2097377426716459204,0,https://x.com/ScarFace2824/status/2097377426716459204,reply-archive,
2097342623434317952,2026-09-08 15:13:42+00:00,@ShadowMonarch23 Dembelé?,True,ShadowMonarch23,2097341875740881144,False,0,0,hu,2097342623434317952,0,https://x.com/ScarFace2824/status/2097342623434317952,reply-archive,
2097336458738536786,2026-09-08 14:49:13+00:00,@FCBInformatiu Vergüenza. Pero que podíamos esperar...,True,FCBInformatiu,2097335602542690506,False,0,0,es,2097336458738536786,0,https://x.com/ScarFace2824/status/2097336458738536786,reply-archive,
2097291373112140217,2026-09-08 11:50:03+00:00,"@Kosobets La cosa es que en año de Mundial el criterio siempre había sido darle prioridad, ahora parece que no interesa, por eso ponía a Cuba por delante. Pero el año de Lamine en el Barça si es espectacular.",True,Kosobets,2097290943141392658,False,1,0,es,2097291373112140217,0,https://x.com/ScarFace2824/status/2097291373112140217,reply-archive,
2097290417242792166,2026-09-08 11:46:15+00:00,"@GallineroBlau A ver si nos lo aplicamos, que estamos en una época donde podemos ganar 10 ligas seguidos y hay gente que las cambiaría por 1 champions",True,GallineroBlau,2097280988451635281,False,1,0,es,2097290417242792166,0,https://x.com/ScarFace2824/status/2097290417242792166,reply-archive,
2097286034304143725,2026-09-08 11:28:50+00:00,"@BlxckNews Ya vemos como tratan al Barça, ni club, ni entrenador pero Kompany y el Bayern, sí. 
Olvidemonos del BdO, es para Kane o repite Dembelé. Casualmente este año no interesa el Mundial.",True,BlxckNews,2097272666830856610,False,0,0,es,2097286034304143725,0,https://x.com/ScarFace2824/status/2097286034304143725,reply-archive,
2087941646264508781,2026-08-13 16:37:35+00:00,@sirfcb_ Y si piden 80? Subimos? Y si piden 90 subimos?,True,sirfcb_,2087941334770344192,False,1,0,es,2087941646264508781,0,https://x.com/ScarFace2824/status/2087941646264508781,reply-archive,
2087935992112251138,2026-08-13 16:15:07+00:00,"@dembelismo99_ Hombre, de £38M a £70M hay algún millón más que 10.",True,dembelismo99_,2087675434297131491,False,0,0,es,2087935992112251138,0,https://x.com/ScarFace2824/status/2087935992112251138,reply-archive,
2087935575537959294,2026-08-13 16:13:27+00:00,@GxlToniFdz Con la no venta de Roony estos canteranos que se iban a ir cedidos acabarán siendo ventas para suplir lo que no se ha ganado con Roony.,True,GxlToniFdz,2087900498749792305,False,0,0,es,2087935575537959294,0,https://x.com/ScarFace2824/status/2087935575537959294,reply-archive,
2087935249984504297,2026-08-13 16:12:10+00:00,"Si lo pensamos bien, ni el Barça tiene el dinero de Q$G ni Rodri la edad de Ferran. Lo que si tiene es un historial de partidos perdidos por lesión. https://t.co/usArr3F6O4",False,,,False,0,0,es,2087935249984504297,0,https://x.com/ScarFace2824/status/2087935249984504297,standalone-archive,
2087934954617327854,2026-08-13 16:10:59+00:00,"@UNIVERSO_1899 Si lo piensas bien, ni Ferran tiene la edad de Rodri ni sus lesiones. Ni el Barça el dinero del PSG.",True,UNIVERSO_1899,2087896173210202507,False,0,0,es,2087934954617327854,0,https://x.com/ScarFace2824/status/2087934954617327854,reply-archive,
2087898514994892942,2026-08-13 13:46:11+00:00,"@bxrca1899 Kroupi, Asllani, Tresoldi...",True,bxrca1899,2087884359151861976,False,1,0,in,2087898514994892942,0,https://x.com/ScarFace2824/status/2087898514994892942,reply-archive,
2087889289409417484,2026-08-13 13:09:32+00:00,No puedo querer más a Hansi https://t.co/8YL2yzWPDH,False,,,False,0,0,es,2087889289409417484,0,https://x.com/ScarFace2824/status/2087889289409417484,standalone-archive,
2087872256554762584,2026-08-13 12:01:51+00:00,"@cabecinh_a Festeja twitter, a Deco se la pela",True,cabecinh_a,2087835493866099018,False,0,0,pt,2087872256554762584,0,https://x.com/ScarFace2824/status/2087872256554762584,reply-archive,
2087848575153635795,2026-08-13 10:27:45+00:00,@JosemaBenidorm @RealBetis Cuantas predicciones ha tirado?,True,JosemaBenidorm,1134150753768153088,False,0,0,es,2087848575153635795,0,https://x.com/ScarFace2824/status/2087848575153635795,reply-archive,
2087447034395578547,2026-08-12 07:52:10+00:00,Pues lo mismo con Oshimen https://t.co/RoWUiPLjQU,False,,,False,0,0,es,2087447034395578547,0,https://x.com/ScarFace2824/status/2087447034395578547,standalone-archive,
2087206315416318359,2026-08-11 15:55:38+00:00,"Lo de siempre decir ""luego lo vendes"" no se si han estado en los últimos años del Barça, lo díficil que es echar a jugadores de aquí. Más aún si sale mal. https://t.co/pZC5GcBqsR",False,,,False,0,0,es,2087206315416318359,0,https://x.com/ScarFace2824/status/2087206315416318359,standalone-archive,
2087194639308669231,2026-08-11 15:09:14+00:00,"Se nos va la olla
90M? https://t.co/Wym4p0WRAJ",False,,,False,0,0,es,2087194639308669231,0,https://x.com/ScarFace2824/status/2087194639308669231,standalone-archive,
2086941745212698946,2026-08-10 22:24:20+00:00,@IvaanBlanco26 Donde están las ofertas de los clubes compradores?,True,IvaanBlanco26,2086910386188763138,False,0,0,es,2086941745212698946,0,https://x.com/ScarFace2824/status/2086941745212698946,reply-archive,
2086937317122449849,2026-08-10 22:06:44+00:00,Suerte de Deco https://t.co/7YaDzdAa2n https://t.co/VwtMcH4aAb,False,,,False,0,0,es,2086937317122449849,1,https://x.com/ScarFace2824/status/2086937317122449849,standalone-archive,
2086891508108775631,2026-08-10 19:04:42+00:00,"Julián está a un paso de ser el Joao Felix 2.0
Ellos sabrán https://t.co/9JZJw1KeF8",False,,,False,0,0,es,2086891508108775631,0,https://x.com/ScarFace2824/status/2086891508108775631,standalone-archive,
2086890116375527888,2026-08-10 18:59:10+00:00,"Lastima que han cambiado el entrenador, que era el problema de Woltemade https://t.co/l6igNUKxrR",False,,,False,0,0,es,2086890116375527888,0,https://x.com/ScarFace2824/status/2086890116375527888,standalone-archive,
2086886674177605753,2026-08-10 18:45:30+00:00,"Kane o Kroupi
Para suplir a Ferran Asllani o Tresoldi
Lo que no sea eso, falso 9 https://t.co/F3geNc6cBN",False,,,False,0,0,es,2086886674177605753,0,https://x.com/ScarFace2824/status/2086886674177605753,standalone-archive,
2086886327601991683,2026-08-10 18:44:07+00:00,Poner a Konate Huijsen o Gehi Khusanov por detrás de Cubarsí Gerard es de niño pequeño que prefiere lo que no tiene. https://t.co/GkbXcgCQ27,False,,,False,0,0,es,2086886327601991683,0,https://x.com/ScarFace2824/status/2086886327601991683,standalone-archive,
2086883958172881372,2026-08-10 18:34:42+00:00,"Recordemos que a los madridistas les decimos que marcan más sin Mbappé que con él... 
Para tener un 9 que solo remate es mejor un falso 9 que nos lleve a jugar mejor y los goles llegarán solos. https://t.co/rbuAgHcGyf",False,,,False,0,0,es,2086883958172881372,0,https://x.com/ScarFace2824/status/2086883958172881372,standalone-archive,
2086870571170533881,2026-08-10 17:41:31+00:00,Julián cuando acabe el mercado. https://t.co/t2ddR47LLK https://t.co/HYh0AMbpF5,False,,,False,0,0,es,2086870571170533881,1,https://x.com/ScarFace2824/status/2086870571170533881,standalone-archive,
2086870321408123324,2026-08-10 17:40:31+00:00,https://t.co/19lvxlCJky https://t.co/GpB6FYjasJ,False,,,False,0,0,zxx,2086870321408123324,1,https://x.com/ScarFace2824/status/2086870321408123324,standalone-archive,
2086865805686219228,2026-08-10 17:22:34+00:00,FERMIN https://t.co/jvh9RiUl8k,False,,,False,0,0,es,2086865805686219228,0,https://x.com/ScarFace2824/status/2086865805686219228,standalone-archive,
2086865738057277876,2026-08-10 17:22:18+00:00,Esto https://t.co/HudyqLD1Ci,False,,,False,1,0,es,2086865738057277876,0,https://x.com/ScarFace2824/status/2086865738057277876,standalone-archive,
2086864911418708246,2026-08-10 17:19:01+00:00,Fiabilidad de esta fuente? https://t.co/o4WZaxjivU,False,,,False,0,0,es,2086864911418708246,0,https://x.com/ScarFace2824/status/2086864911418708246,standalone-archive,
2086862143253565479,2026-08-10 17:08:01+00:00,"Gracias. Pasar de Julián a Lautaro no tiene sentido. 
Que se coman a Julián ya vendrá cuando se devalue cuando juegue a desgana como pasó con Joao. 
Es peor traer a un 9 que no encaja que no traer a nadie llamese Muriqi como muchos pedían o Vlahovic y Lautaro como pidena hora. https://t.co/M7k7L9VKKN",False,,,False,0,0,es,2086862143253565479,0,https://x.com/ScarFace2824/status/2086862143253565479,standalone-archive,
2086782625344110850,2026-08-10 11:52:03+00:00,"@NarcisBoza Cuando Ferran se ha querido ir no se ha negociado con el PSG? 
Cuando Araujo se ha querido ir no se le ha dejado ir cedido?",True,NarcisBoza,2086771797593141269,False,0,0,es,2086782625344110850,0,https://x.com/ScarFace2824/status/2086782625344110850,reply-archive,
2086567690433437822,2026-08-09 21:37:58+00:00,@_Futbolero_ Eric + Espart,True,_Futbolero_,2086558801906336159,False,0,0,ca,2086567690433437822,0,https://x.com/ScarFace2824/status/2086567690433437822,reply-archive,
2086560424787578941,2026-08-09 21:09:06+00:00,@alexdelmas10 Molt Kroupi,True,alexdelmas10,2086560197439279353,False,0,0,is,2086560424787578941,0,https://x.com/ScarFace2824/status/2086560424787578941,reply-archive,
2086506139538149535,2026-08-09 17:33:23+00:00,Espero que no https://t.co/ctefEEev7d,False,,,False,0,0,es,2086506139538149535,0,https://x.com/ScarFace2824/status/2086506139538149535,standalone-archive,
2086506087843537215,2026-08-09 17:33:11+00:00,@cullera5 Espero que no,True,cullera5,2086416569861578903,False,0,0,es,2086506087843537215,0,https://x.com/ScarFace2824/status/2086506087843537215,reply-archive,
2086504920870445470,2026-08-09 17:28:33+00:00,@BarcelonaValor Al que hay que traer es a Kee Smit en un año. Que finaliza contrato en 2028.,True,BarcelonaValor,2086433747985928604,False,0,0,es,2086504920870445470,0,https://x.com/ScarFace2824/status/2086504920870445470,reply-archive,
2086498645138927871,2026-08-09 17:03:36+00:00,@RiquiSalmon11 @FPLATKO Porro nunca ha tenido el prime de Koundé.,True,RiquiSalmon11,2086419088033697876,False,0,0,es,2086498645138927871,0,https://x.com/ScarFace2824/status/2086498645138927871,reply-archive,
2086484618052604265,2026-08-09 16:07:52+00:00,"@Blayasensat En eso estamos de acuerdo, y encima si de verdad están pidiendo 40M y se concreta la venta te medio financia a Rodri. Lo que es inadmisible es el trato hacia uno di noi.",True,Blayasensat,2086482869627580614,False,0,0,es,2086484618052604265,0,https://x.com/ScarFace2824/status/2086484618052604265,reply-archive,
2086479415064621112,2026-08-09 15:47:12+00:00,"@planetabarcaa Si lo de las acusaciones resulta falso, Bastoni. 
Sino, Lukeba.",True,planetabarcaa,2086440682525200594,False,0,0,es,2086479415064621112,0,https://x.com/ScarFace2824/status/2086479415064621112,reply-archive,
2086443357249638680,2026-08-09 13:23:55+00:00,@los_nintendos Creo que no has visto como vuelve Cortés trotando en el gol,True,los_nintendos,2086198412639105316,False,0,0,es,2086443357249638680,0,https://x.com/ScarFace2824/status/2086443357249638680,reply-archive,
2086439460837695788,2026-08-09 13:08:26+00:00,"Cuti es buenísimo pero diestro. 
El otro ha brillado en 8 partidos con un juego y contexto que le permitia defender en un radio de acción muy corto, en el Barça es todo lo contrario, cubrir mucho espacio, defender fuera de zona, hacia atrás y expuesto. Ahí Laporte sufre. https://t.co/Yr1pezLClA",False,,,False,1,0,es,2086439460837695788,0,https://x.com/ScarFace2824/status/2086439460837695788,standalone-archive,
2086439405934268560,2026-08-09 13:08:13+00:00,"@RBlaugrana8 Cuti es buenísimo pero diestro. 
El otro ha brillado en 8 partidos con un juego y contexto que le permitia defender en un radio de acción muy corto, en el Barça es todo lo contrario, cubrir mucho espacio, defender fuera de zona, hacia atrás y expuesto. Ahí Laporte sufre.",True,RBlaugrana8,2086368168923038044,False,0,0,es,2086439405934268560,0,https://x.com/ScarFace2824/status/2086439405934268560,reply-archive,
2086194806989156509,2026-08-08 20:56:16+00:00,@dembelismo99_ Duro leer esto después del partido de ambos,True,dembelismo99_,2086183934161826084,False,0,0,es,2086194806989156509,0,https://x.com/ScarFace2824/status/2086194806989156509,reply-archive,
2086193169478164604,2026-08-08 20:49:45+00:00,@BlxckNews Mala pinta,True,BlxckNews,2086188673402359968,False,0,0,tl,2086193169478164604,0,https://x.com/ScarFace2824/status/2086193169478164604,reply-archive,
2086185341992509480,2026-08-08 20:18:39+00:00,@Blayasensat @Guardiolinho_ Hay más distancia entre Cubarsí y Eric que entre Lamine y Adeyemi?,True,Blayasensat,2086139188206817770,False,0,0,es,2086185341992509480,0,https://x.com/ScarFace2824/status/2086185341992509480,reply-archive,
2086184934641676585,2026-08-08 20:17:02+00:00,"@Eric_Lostie @RubnCas Están ardidos porque te haces del Barça si el mismo argumento lo hicieras con el Madrid, si pudieras, te aplaudirian. 
Los culers lo somos por la filosofia, de jugar bien por jugar bien porque vemos el futbol como un espectaculo y no como una competición.",True,Eric_Lostie,2086127758015422597,False,0,0,es,2086184934641676585,0,https://x.com/ScarFace2824/status/2086184934641676585,reply-archive,
2086108072510902583,2026-08-08 15:11:37+00:00,@BlxckNews Y también sacamos a Flick para traer a De la Fuente,True,BlxckNews,2086079564644491583,False,0,0,es,2086108072510902583,0,https://x.com/ScarFace2824/status/2086108072510902583,reply-archive,
2086059684281163875,2026-08-08 11:59:20+00:00,@RiquiSalmon11 @infoculee Eric + Espart al lateral,True,RiquiSalmon11,2085983895380504754,False,0,0,ca,2086059684281163875,0,https://x.com/ScarFace2824/status/2086059684281163875,reply-archive,
2086022192693678154,2026-08-08 09:30:21+00:00,@gusfop Lukeba?,True,gusfop,2085886190822056246,False,0,0,in,2086022192693678154,0,https://x.com/ScarFace2824/status/2086022192693678154,reply-archive,
2086020620291088645,2026-08-08 09:24:06+00:00,"@MisterCruyff14 Eric y Espart en el laterla, para que Koundé pueda ser el suplente de Cuba. Lo que hace falta es un titular zurdo y no gastar dinero en un suplente.",True,MisterCruyff14,2086012003437379863,False,0,0,es,2086020620291088645,0,https://x.com/ScarFace2824/status/2086020620291088645,reply-archive,
2086017964407492698,2026-08-08 09:13:33+00:00,"@saunacr7 Recordad, si un niño se pierde no lo lleveis de vuelta con sus padres, secuestradlo.",True,saunacr7,2085699775072993460,False,0,0,es,2086017964407492698,0,https://x.com/ScarFace2824/status/2086017964407492698,reply-archive,
2086013868501848393,2026-08-08 08:57:17+00:00,"@trovewho The only issue no, the main issue.",True,trovewho,2086008321975398895,False,0,0,en,2086013868501848393,0,https://x.com/ScarFace2824/status/2086013868501848393,reply-archive,
2085995533257019784,2026-08-08 07:44:25+00:00,@dembelismo99_ Ninguna futbolística,True,dembelismo99_,2085866816241304006,False,0,0,es,2085995533257019784,0,https://x.com/ScarFace2824/status/2085995533257019784,reply-archive,
2085865289481179620,2026-08-07 23:06:53+00:00,@Saaaayfer Ojalá Bastoni pero con sus problemas con las acusaciones el único por el que haría un fichaje es Lukeba.,True,Saaaayfer,2085842963108614558,False,0,0,es,2085865289481179620,0,https://x.com/ScarFace2824/status/2085865289481179620,reply-archive,
2085864996055949710,2026-08-07 23:05:43+00:00,"Ter Stegen OUT 
Araújo OUT
Ferran 🕐

Don Deco https://t.co/0Agwtr46xq https://t.co/cyptXirJAw",False,,,False,0,0,fi,2085864996055949710,1,https://x.com/ScarFace2824/status/2085864996055949710,standalone-archive,
2085864726412607724,2026-08-07 23:04:38+00:00,"Con Espart y Fort, Koundé puede ser suplente de Cuba. 
Por el único que haria un fichaje es por un titular zurdo que te de un salto de calidad alto y con los descartes de Van de Ven, Schloterbeck, Bastoni, Gvardiol... El único que hay es Lukeba 40/50M. https://t.co/DlIygMOjCg https://t.co/Eyn7W0DfA8",False,,,False,0,0,es,2085864726412607724,4,https://x.com/ScarFace2824/status/2085864726412607724,standalone-archive,
2085863866664456544,2026-08-07 23:01:13+00:00,"@dembelismo99_ Con Espart y Fort, Koundé puede ser suplente de Cuba. 
Por el único que haria un fichaje es por un titular zurdo que te de un salto de calidad alto y con los descartes de Van de Ven, Schloterbeck, Bastoni, Gvardiol... El único que hay es Lukeba 40/50M",True,dembelismo99_,2085854225695641869,False,0,0,es,2085863866664456544,0,https://x.com/ScarFace2824/status/2085863866664456544,reply-archive,
2085849072968302770,2026-08-07 22:02:26+00:00,"@RiquiSalmon11 Solo que en un verano se vayan Ter Stegen, Araújo y Ferran ya es un mercado de 10.",True,RiquiSalmon11,2085846609540059305,False,0,0,es,2085849072968302770,0,https://x.com/ScarFace2824/status/2085849072968302770,reply-archive,
2085848453691703719,2026-08-07 21:59:59+00:00,@dembelismo99_ Se rumoreaba Koundé como suplente de Cubarsí?,True,dembelismo99_,2085843333683806306,False,0,0,es,2085848453691703719,0,https://x.com/ScarFace2824/status/2085848453691703719,reply-archive,
2085810346262962529,2026-08-07 19:28:33+00:00,@Kosobets Cuomoooo??!! Pero el Barça también lo rechazaran en el examen medico entiendo.,True,Kosobets,2085807689758884170,False,0,0,es,2085810346262962529,0,https://x.com/ScarFace2824/status/2085810346262962529,reply-archive,
2085454259378700590,2026-08-06 19:53:35+00:00,@Vellidin @FolagoR @KoffSonriente Quins nervits!! Como siempre el Atletico tiene que actuar como la putita del Club Estado.,True,Vellidin,2085385741949935772,False,0,0,es,2085454259378700590,0,https://x.com/ScarFace2824/status/2085454259378700590,reply-archive,
2085432890217660879,2026-08-06 18:28:41+00:00,@ShadowMonarch23 @Doctor_Futbol Y Luis de La Fuente también,True,ShadowMonarch23,2085425185956544889,False,0,0,es,2085432890217660879,0,https://x.com/ScarFace2824/status/2085432890217660879,reply-archive,
2085415120461574223,2026-08-06 17:18:04+00:00,@Doctor_Futbol Que rapido olvidamos la temporada que hizo Koundé en la primera de Flick por 5 partidos de Porro.,True,Doctor_Futbol,2085392197684249002,False,0,0,es,2085415120461574223,0,https://x.com/ScarFace2824/status/2085415120461574223,reply-archive,
2085414777715863989,2026-08-06 17:16:42+00:00,@JulietteCerrato @RpuntoGpunto El problema de Woltemade en el Newcastle era el entrenador y ya lo han cambiado.,True,JulietteCerrato,2085380375765733541,False,0,0,es,2085414777715863989,0,https://x.com/ScarFace2824/status/2085414777715863989,reply-archive,
2085414594936250401,2026-08-06 17:15:59+00:00,@JulietteCerrato Como suena Kroupi + Tresoldi?,True,JulietteCerrato,2085118419112804833,False,0,0,it,2085414594936250401,0,https://x.com/ScarFace2824/status/2085414594936250401,reply-archive,
2085402992736395460,2026-08-06 16:29:53+00:00,@Eric_Lostie ROM con todos los pokemons porque al final habeis acabado todos con los mismos. Y creo que ganaria peso el hacer buen locke porque hacerlo mal te haria perder los pokemons claves para el torneo al salirte mucha mierda.,True,Eric_Lostie,2085349086979326445,False,0,0,es,2085402992736395460,0,https://x.com/ScarFace2824/status/2085402992736395460,reply-archive,
2085402570571370840,2026-08-06 16:28:12+00:00,"@Eric_Lostie Sobretodo quitar pokemons extras. 
Entiendo que para la audiencia es inviable pero lo alargaria más así no es tan demandante con 10 horas diarias. Y meteria combates entre prolockers en función al orden en el que se pasen los gyms primero contra ultimo con premios al ganador.",True,Eric_Lostie,2085349086979326445,False,0,0,es,2085402570571370840,0,https://x.com/ScarFace2824/status/2085402570571370840,reply-archive,
2085401570645053937,2026-08-06 16:24:13+00:00,@planetabarcaa Kroupi descartado por la cara,True,planetabarcaa,2085392167091032532,False,0,0,es,2085401570645053937,0,https://x.com/ScarFace2824/status/2085401570645053937,reply-archive,
2085401514764357793,2026-08-06 16:24:00+00:00,@TheMavericK_YT Ni borrachos hay que traer a Vlahovic,True,TheMavericK_YT,2085387359923671239,False,1,0,es,2085401514764357793,0,https://x.com/ScarFace2824/status/2085401514764357793,reply-archive,
2085365841818767681,2026-08-06 14:02:15+00:00,@Kosobets @abreu_de97904 @FabrizioRomano Ese cuanto mas lejos mejor,True,Kosobets,2085362192287744031,False,0,0,es,2085365841818767681,0,https://x.com/ScarFace2824/status/2085365841818767681,reply-archive,
2085302216340935128,2026-08-06 09:49:26+00:00,@_Lewangolski 5,True,_Lewangolski,2085118416235430280,False,0,0,und,2085302216340935128,0,https://x.com/ScarFace2824/status/2085302216340935128,reply-archive,
2085287148224147874,2026-08-06 08:49:33+00:00,@dembelismo99_ Diselo a Kane,True,dembelismo99_,2085106391472349254,False,1,0,in,2085287148224147874,0,https://x.com/ScarFace2824/status/2085287148224147874,reply-archive,
2084778025825050768,2026-08-04 23:06:29+00:00,@dembelismo99_ Con lo que saca la cantera y vamos a traer a Onuahi y Javi Guerra...,True,dembelismo99_,2084762527846539632,False,0,0,es,2084778025825050768,0,https://x.com/ScarFace2824/status/2084778025825050768,reply-archive,
2084663695859192036,2026-08-04 15:32:10+00:00,@IsmaelCanellas Que Yaako se quede necesitamos segundo portero,True,IsmaelCanellas,2084374937805213942,False,0,0,es,2084663695859192036,0,https://x.com/ScarFace2824/status/2084663695859192036,reply-archive,
2084663211555430553,2026-08-04 15:30:15+00:00,"@ShadowMonarch23 @1905ritim Pobre Flick, después de todo lo que ha hecho por nosotros no le podemos traer jugadores con buena cabeza le tenemos que traer a ovejas negras para que tenga aún más trabajo del que ya tiene",True,ShadowMonarch23,2084659403391664455,False,0,0,es,2084663211555430553,0,https://x.com/ScarFace2824/status/2084663211555430553,reply-archive,
2084595700319305896,2026-08-04 11:01:59+00:00,"@BlxckNews Igualmente no es un lateral para abrir campo y que Lamine pueda centrar su posición sino que puede hacer de lateral interior, en cambio, Fort si podría hacer esa función. Por eso yo mantendría a los dos.",True,BlxckNews,2084570126347628998,False,0,0,es,2084595700319305896,0,https://x.com/ScarFace2824/status/2084595700319305896,reply-archive,
2084562418357752307,2026-08-04 08:49:44+00:00,@dembelismo99_ Tiene que ser el Araujo que entra en el 90 para jugar de 9,True,dembelismo99_,2084387398452982180,False,0,0,es,2084562418357752307,0,https://x.com/ScarFace2824/status/2084562418357752307,reply-archive,
2084327883246358647,2026-08-03 17:17:46+00:00,@ReshadRahman @MatteMoretto Que se lo digan a Asllani,True,ReshadRahman,2084316376232300594,False,0,0,es,2084327883246358647,0,https://x.com/ScarFace2824/status/2084327883246358647,reply-archive,
2084249829983519017,2026-08-03 12:07:37+00:00,"@Somhiseremfcb @La_SER Estaria bien ai tuvieramos una alternativa con el otro gran ataque de Europa el Bayern de Kane, con Asllani.",True,Somhiseremfcb,2084247738523292055,False,0,0,es,2084249829983519017,0,https://x.com/ScarFace2824/status/2084249829983519017,reply-archive,
2084249815509069943,2026-08-03 12:07:34+00:00,"@ReshadRahman Estaria bien ai tuvieramos una alternativa con el otro gran ataque de Europa el Bayern de Kane, con Asllani.",True,ReshadRahman,2084247482004029883,False,0,0,es,2084249815509069943,0,https://x.com/ScarFace2824/status/2084249815509069943,reply-archive,
2084238542373257463,2026-08-03 11:22:46+00:00,@_AdrianSnchz Que le traigan a Asllani ya con clausula para que puedan vender a Ferran. Y luego tienes todo agosto para la operación Kroupi.,True,_AdrianSnchz,2084228908782686598,False,0,0,es,2084238542373257463,0,https://x.com/ScarFace2824/status/2084238542373257463,reply-archive,
2084228087168843836,2026-08-03 10:41:13+00:00,"@RadioFCB Antes de empezar el mercado eran
Asllani
Bastoni
Palestra
Diomande

Ahora con lo que ya han traido:
Koupri + Asllani",True,RadioFCB,2083954488885272835,False,0,0,es,2084228087168843836,0,https://x.com/ScarFace2824/status/2084228087168843836,reply-archive,
2084210194158915685,2026-08-03 09:30:07+00:00,@bestofGOT___ La pelea contra el invierno debe ser lo más importante. No puedes estar 57 episodios con winter is coming y que el winter dure 1 episodio,True,bestofGOT___,2083880030027845656,False,0,0,es,2084210194158915685,0,https://x.com/ScarFace2824/status/2084210194158915685,reply-archive,
2084186035227947302,2026-08-03 07:54:07+00:00,"@BlxckNews Falacia enorme. 
Lo que haría es bajar el juego del equipo, se crearian menos ocasiones y por ende menos goles.",True,BlxckNews,2083945643974795614,False,0,0,es,2084186035227947302,0,https://x.com/ScarFace2824/status/2084186035227947302,reply-archive,
2083933573782896810,2026-08-02 15:10:56+00:00,"@tophz_ Muerte Petyr Baelish. 
Pelea Arya vs Brien o cuando salta al mar apuñalada y no se infecta o cuando mata al rey de la noche
Varys el maestro de los secretos y luego es un libro abierto con Daenerys
Tyrion confiando en Cersei cuando capturan al muerto
Sam gran maestre",True,tophz_,2083795581558788279,False,0,0,es,2083933573782896810,0,https://x.com/ScarFace2824/status/2083933573782896810,reply-archive,
2083881343029592227,2026-08-02 11:43:23+00:00,@culerato Lo de que mejorar el juego lleve a marcar más goles no nos llega el cerebro? Luego nos reímos del Madrid que sin Mbappé marcan más goles.,True,culerato,2083860481085677810,False,0,0,es,2083881343029592227,0,https://x.com/ScarFace2824/status/2083881343029592227,reply-archive,
2083615473250275589,2026-08-01 18:06:55+00:00,@gxldeadam Esto hace unos años era querer cambiar a Amrabat por Pedri,True,gxldeadam,2083527272695202108,False,0,0,es,2083615473250275589,0,https://x.com/ScarFace2824/status/2083615473250275589,reply-archive,
2083599677123952665,2026-08-01 17:04:09+00:00,@calFCB 1 temporada mala después de hacer la mejor temporada de su carrera y ya le tratais así,True,calFCB,2083544597767049265,False,0,0,es,2083599677123952665,0,https://x.com/ScarFace2824/status/2083599677123952665,reply-archive,
2083596352659784068,2026-08-01 16:50:56+00:00,"@nela_VDG Lamine necesita sus Villa y Pedro al inicio de su carrera, como Messi. Ya cuando crezca y sea más madura no necesitará tanta compensación y podremos traer a su Neymar.",True,FCB_vdg,2083563226587967746,False,0,0,es,2083596352659784068,0,https://x.com/ScarFace2824/status/2083596352659784068,reply-archive,
2083494165623550194,2026-08-01 10:04:53+00:00,@sirfcb_ Aún no sabemos si es segundo o lo es Yaako,True,sirfcb_,2083274943664398752,False,0,0,es,2083494165623550194,0,https://x.com/ScarFace2824/status/2083494165623550194,reply-archive,
2083292323304096051,2026-07-31 20:42:50+00:00,@Somhiseremfcb Pero si se ha marcado un paradón. Y que yo sepa aún no se ha ido Yaako.,True,Somhiseremfcb,2083285226369831332,False,0,0,es,2083292323304096051,0,https://x.com/ScarFace2824/status/2083292323304096051,reply-archive,
2083275150003208314,2026-07-31 19:34:35+00:00,Grande Tek! Y gente pidiendo que se quedara Ter Stegen...,False,,,False,0,0,es,2083275150003208314,0,https://x.com/ScarFace2824/status/2083275150003208314,standalone-archive,
2083274037157839090,2026-07-31 19:30:10+00:00,@sirfcb_ Lo de siempre en el primer partido de pretemporada...,True,sirfcb_,2083273706864836641,False,0,0,es,2083274037157839090,0,https://x.com/ScarFace2824/status/2083274037157839090,reply-archive,
2083271553110901011,2026-07-31 19:20:18+00:00,@DiegoDav07 Con el físico de Jofre no te pueden ganar así la acción.,True,DiegoDav07,2083270316881518946,False,0,0,es,2083271553110901011,0,https://x.com/ScarFace2824/status/2083271553110901011,reply-archive,
2083271102420115595,2026-07-31 19:18:30+00:00,"@DiegoDav07 Me está decepcionando Adeyemi y Hamza confirmando mis miedos que sea un delantero de tocar 3 balones en todo el partido y solo dentro del area. Muy bien Espart y Casadó, una lástima que no ilusione porque ya han decidido venderlo.",True,DiegoDav07,2083270316881518946,False,0,0,es,2083271102420115595,0,https://x.com/ScarFace2824/status/2083271102420115595,reply-archive,
2083269868628099165,2026-07-31 19:13:36+00:00,"@tophz_ Merecer? Littlefinger, es el mejor jugador. Pero el nunca lo hubiera querido. Es más listo que eso.",True,tophz_,2083145907038462432,False,0,0,es,2083269868628099165,0,https://x.com/ScarFace2824/status/2083269868628099165,reply-archive,
2083269108372803752,2026-07-31 19:10:35+00:00,@ToIkienverse Para que quieres una casita?,True,ToIkienverse,2083267063900946514,False,0,0,es,2083269108372803752,0,https://x.com/ScarFace2824/status/2083269108372803752,reply-archive,
2083211607371387304,2026-07-31 15:22:06+00:00,@Kosobets Kroupi está en esos?,True,Kosobets,2083203368869118326,False,0,0,es,2083211607371387304,0,https://x.com/ScarFace2824/status/2083211607371387304,reply-archive,
2083163860857425957,2026-07-31 12:12:22+00:00,"@10InfoBlaugrana El PSG puede permitirse tener a Gonçalo Ramos en el banquillo y fichar a otro en su sitio. Su poder de negociación no se puede comparar

Si el Barça vende a su mejor canterano por traer a otro quemamos todo

Ferran le queda un año de contrato y no podemos dejar que se vaya gratis",True,10InfoBlaugrana,2083145658027155463,False,0,0,es,2083163860857425957,0,https://x.com/ScarFace2824/status/2083163860857425957,reply-archive,
2083145209232208365,2026-07-31 10:58:15+00:00,"@_Futbolero_ Claro, porque todo el mundo sabe que fichas a un jugador que te puede dar 12 años por sus 4 primeros meses.",True,_Futbolero_,2082907252009074933,False,0,0,es,2083145209232208365,0,https://x.com/ScarFace2824/status/2083145209232208365,reply-archive,
2083143477328527677,2026-07-31 10:51:22+00:00,@dembelismo99_ Kroupi + Asllani en el 9,True,dembelismo99_,2083135612039631178,False,0,0,in,2083143477328527677,0,https://x.com/ScarFace2824/status/2083143477328527677,reply-archive,
2083126641417404711,2026-07-31 09:44:28+00:00,"@planetabarcaa Porque 4 meses, obviamente, deben hacer prohibitiva la llegada de una jugador que te puede dar 12 años",True,planetabarcaa,2082931880056303634,False,0,0,es,2083126641417404711,0,https://x.com/ScarFace2824/status/2083126641417404711,reply-archive,
2083107369119023327,2026-07-31 08:27:53+00:00,@GallineroBlau El que tiene que salir para que entre Toni es Roony,True,GallineroBlau,2083087952628912583,False,0,0,es,2083107369119023327,0,https://x.com/ScarFace2824/status/2083107369119023327,reply-archive,
2083081990589325475,2026-07-31 06:47:03+00:00,@dembelismo99_ Justo por eso se pueden quedar los dos,True,dembelismo99_,2082938426593001854,False,0,0,es,2083081990589325475,0,https://x.com/ScarFace2824/status/2083081990589325475,reply-archive,
2083080099088236651,2026-07-31 06:39:32+00:00,"@ThierryEnric14 Para segundo portero ya está Yaako. 
Lo importante de Ter Stegen es que no esté dentro del vestuario. 
Tek no da ningún problema.",True,ThierryEnric14,2082919911005810962,False,0,0,es,2083080099088236651,0,https://x.com/ScarFace2824/status/2083080099088236651,reply-archive,
2083079544743829564,2026-07-31 06:37:19+00:00,"@dembelismo99_ Aceptar pagar siempre lo que te pidan, típico de Bartomeu.",True,dembelismo99_,2082942544334266617,False,0,0,es,2083079544743829564,0,https://x.com/ScarFace2824/status/2083079544743829564,reply-archive,
2082904184341320175,2026-07-30 19:00:30+00:00,@ShadowMonarch23 @ByJoanMartGon75 Vender a Hector Fort para traer a Fresneda. Hace eso Deco y lo queremos quemar en la hoguera.,True,ShadowMonarch23,2082901701733036233,False,0,0,es,2082904184341320175,0,https://x.com/ScarFace2824/status/2082904184341320175,reply-archive,
2082901951662997853,2026-07-30 18:51:38+00:00,@Somhiseremfcb Vender a su mejor canterano para traer a otro de fuera. Lo hacemos nosotros y estais pidiendo la cabeza de alguien,True,Somhiseremfcb,2082898710556541433,False,0,0,es,2082901951662997853,0,https://x.com/ScarFace2824/status/2082901951662997853,reply-archive,
2082900186980905238,2026-07-30 18:44:37+00:00,@AxeelFCB Una lesión de 4 meses no debería ser tan determinante en un jugador que te puede dar 12 años,True,AxeelFCB,2082891506684223827,False,0,0,es,2082900186980905238,0,https://x.com/ScarFace2824/status/2082900186980905238,reply-archive,
2082895233444966542,2026-07-30 18:24:56+00:00,"@trovewho Seguramente sea mentira, pero ojalá",True,trovewho,2082891855067545661,False,0,0,es,2082895233444966542,0,https://x.com/ScarFace2824/status/2082895233444966542,reply-archive,
2082878263018377675,2026-07-30 17:17:30+00:00,"@GallineroBlau El problema fue aceptar cualquier precio y traer a dos jugadores que iban a ocupar la misma ""posición"" dentro del 11 y uno de ellos, Coutinho, ni tenía su posición en el 433. O fichar a Griezmann cuando se iba a pisar con tu mejor jugador. Ninguna de esas cosas pasan con el 9 top",True,GallineroBlau,2082865600762667496,False,0,0,es,2082878263018377675,0,https://x.com/ScarFace2824/status/2082878263018377675,reply-archive,
2082859821695414573,2026-07-30 16:04:13+00:00,@LaNuevaEraFCB_ Kroupi hasta dentro de 11,True,LaNuevaEraFCB_,2082843666159403413,False,0,0,es,2082859821695414573,0,https://x.com/ScarFace2824/status/2082859821695414573,reply-archive,
2082849366604190173,2026-07-30 15:22:41+00:00,"@10InfoBlaugrana Depende demasiaodo del contexto, ya se ha visto que en una competición de 7 partidos donde los equipos dejan espacios brilla, pero luego en el Barça el titular es Fermín.",True,10InfoBlaugrana,2082828560444932603,False,0,0,es,2082849366604190173,0,https://x.com/ScarFace2824/status/2082849366604190173,reply-archive,
2082829264513032428,2026-07-30 14:02:48+00:00,"@ImNotJowi Como si les importara mucho jugar a los Christensen, Araújo, Ter Stegen... 
Lo único que les importa es seguir cobrando lo que cobran.",True,ImNotJowi,2082788474332021082,False,0,0,es,2082829264513032428,0,https://x.com/ScarFace2824/status/2082829264513032428,reply-archive,
2082824906408907199,2026-07-30 13:45:29+00:00,"@MisterCruyff14 Es lo que serían Vlahovic, Muriqi, Gyokeres... En el 9.",True,MisterCruyff14,2082817211891097847,False,0,0,es,2082824906408907199,0,https://x.com/ScarFace2824/status/2082824906408907199,reply-archive,
2082824585553105402,2026-07-30 13:44:12+00:00,@Somhiseremfcb Un poco Casadó...,True,Somhiseremfcb,2082820835992121368,False,0,0,es,2082824585553105402,0,https://x.com/ScarFace2824/status/2082824585553105402,reply-archive,
2082754882285477996,2026-07-30 09:07:14+00:00,@RiquiSalmon11 De hecho lo que facilitaba la salida de Woltemade era que su entrenador no lo ponía en su posición. Ahora hay menos opciones.,True,RiquiSalmon11,2082744063036366849,False,0,0,es,2082754882285477996,0,https://x.com/ScarFace2824/status/2082754882285477996,reply-archive,
2082739184863760613,2026-07-30 08:04:51+00:00,@dembelismo99_ Está claro que hemos intentado reforzarnos pero no podemos obligar a los clubes a vender,True,dembelismo99_,2082729893188497725,False,0,0,es,2082739184863760613,0,https://x.com/ScarFace2824/status/2082739184863760613,reply-archive,
2082731591059513685,2026-07-30 07:34:41+00:00,"@_Futbolero_ Quizás porque ya se ha perdido la mitad de los partidos esta temporada y pensamos que irá a peor con la edad. Puede que quisieramos sacar pasta antes de que el año que viene no valga nada, como ya pasó con Rakitic.",True,_Futbolero_,2082589936482402542,False,0,0,es,2082731591059513685,0,https://x.com/ScarFace2824/status/2082731591059513685,reply-archive,
2082726864678711545,2026-07-30 07:15:54+00:00,"@abreu_de97904 @culcgrxl Ya estamos viendo que nadie lo quiere ni gratis, como para venderlo si encima lo hace mal.",True,abreu_de97904,2082668393061101819,False,0,0,es,2082726864678711545,0,https://x.com/ScarFace2824/status/2082726864678711545,reply-archive,
2082725438976057359,2026-07-30 07:10:14+00:00,"@ImNotJowi Son los mismos que no entienden porque se trae a Gordon por delante de Rashford, o los que te pedían a Muriqi y ahora a Gyokeres.",True,ImNotJowi,2082567793581371597,False,0,0,es,2082725438976057359,0,https://x.com/ScarFace2824/status/2082725438976057359,reply-archive,
2082725065347461252,2026-07-30 07:08:45+00:00,@gisbert_ruben Y donde estabas para comprar esos libros y que no lo hicieran ellos?,True,gisbert_ruben,2082587059001208953,False,0,0,es,2082725065347461252,0,https://x.com/ScarFace2824/status/2082725065347461252,reply-archive,
2082724738141467118,2026-07-30 07:07:27+00:00,@CapitanBitcoin Si los quieres preservar compralos tú. El mantenimiento también tiene un coste. Por eso la gente los vende.,True,CapitanBitcoin,2082525157500023063,False,0,0,es,2082724738141467118,0,https://x.com/ScarFace2824/status/2082724738141467118,reply-archive,
2082612655227879654,2026-07-29 23:42:04+00:00,"@Alex33Mora En Munich no sé, aquí se confia en la cantera",True,Alex33Mora,2082581329267367995,False,0,0,es,2082612655227879654,0,https://x.com/ScarFace2824/status/2082612655227879654,reply-archive,
2082562518724002056,2026-07-29 20:22:51+00:00,@Padremany1 Que se quede Yaako y ya,True,Padremany1,2082537277197320396,False,0,0,es,2082562518724002056,0,https://x.com/ScarFace2824/status/2082562518724002056,reply-archive,
2082562458686828597,2026-07-29 20:22:36+00:00,"@BlxckNews Al contrario, es el momento de sacarle por menos dinero.",True,BlxckNews,2082513192639504785,False,0,0,es,2082562458686828597,0,https://x.com/ScarFace2824/status/2082562458686828597,reply-archive,
2082562197624942920,2026-07-29 20:21:34+00:00,"@gxldeadam La lesión no es un problema. 
Luis Suarez se perdió los primeros meses. 
Que son 4 meses en un tio que te puede dar 15 años no como Julián.",True,gxldeadam,2082510543118553249,False,0,0,es,2082562197624942920,0,https://x.com/ScarFace2824/status/2082562197624942920,reply-archive,
2082559385683849300,2026-07-29 20:10:24+00:00,@GxlDePaulinho Parecido a lo que pasó con Luis Suarez,True,GxlDePaulinho,2082517856848154675,False,0,0,es,2082559385683849300,0,https://x.com/ScarFace2824/status/2082559385683849300,reply-archive,
2082553083947872559,2026-07-29 19:45:21+00:00,@Padremany1 Por? Ni es peligrosa la lesión y Luis Suarez se perdió los 4 primeros meses y no pasó nada.,True,Padremany1,2082510265606640060,False,0,0,es,2082553083947872559,0,https://x.com/ScarFace2824/status/2082553083947872559,reply-archive,
2082552930188558758,2026-07-29 19:44:45+00:00,@AxeelFCB Porque deja de ser opción?,True,AxeelFCB,2082510344660865126,False,0,0,es,2082552930188558758,0,https://x.com/ScarFace2824/status/2082552930188558758,reply-archive,
2082552857044320533,2026-07-29 19:44:27+00:00,@_Futbolero_ Descartado por?,True,_Futbolero_,2082521203240259978,False,0,0,es,2082552857044320533,0,https://x.com/ScarFace2824/status/2082552857044320533,reply-archive,
2082552787871900015,2026-07-29 19:44:11+00:00,@BlxckNews Recordemos los meses que no pudo jugar Luis Suarez?,True,BlxckNews,2082513192639504785,False,0,0,es,2082552787871900015,0,https://x.com/ScarFace2824/status/2082552787871900015,reply-archive,
2082552556849713660,2026-07-29 19:43:16+00:00,"@UCulemas @FCBarcelona Cuantas temporadas buenas hizo Ekitike, Mbappe, Van Dijk, Bellingham, Enzo, Bale...?",True,UCulemas,2082516262907765113,False,0,0,in,2082552556849713660,0,https://x.com/ScarFace2824/status/2082552556849713660,reply-archive,
2082543749729571107,2026-07-29 19:08:16+00:00,@ElModelin Justo,True,ElModelin,2082514179387232313,False,0,0,en,2082543749729571107,0,https://x.com/ScarFace2824/status/2082543749729571107,reply-archive,
2082543621878747603,2026-07-29 19:07:45+00:00,"@FutGodzy Te esperas al siguiente mercado para bajarle el precio ya que solo le quedará un año de contrato. Ahora toca convencer al jugador, que por sus declaraciones no será complicado.",True,FutGodzy,2082494093263880611,False,0,0,es,2082543621878747603,0,https://x.com/ScarFace2824/status/2082543621878747603,reply-archive,
2082543309634109893,2026-07-29 19:06:31+00:00,@kolderiu19 Es el momento de apretar,True,kolderiu19,2082527757930487961,False,0,0,es,2082543309634109893,0,https://x.com/ScarFace2824/status/2082543309634109893,reply-archive,
2082543192533061712,2026-07-29 19:06:03+00:00,@MisterCruyff14 Es decir que dices adiós a un jugador que te puede dar 15 años por 4 meses?,True,MisterCruyff14,2082515747016741257,False,0,0,es,2082543192533061712,0,https://x.com/ScarFace2824/status/2082543192533061712,reply-archive,
2082542920255635615,2026-07-29 19:04:58+00:00,@ReshadRahman Kroupi + Asllani/Tresoldi/Woltemade,True,ReshadRahman,2082512887193723149,False,0,0,in,2082542920255635615,0,https://x.com/ScarFace2824/status/2082542920255635615,reply-archive,
2082542780380004524,2026-07-29 19:04:25+00:00,@ShadowMonarch23 @dembelismo99_ Mejor para bajarle el precio,True,ShadowMonarch23,2082510417146810526,False,0,0,es,2082542780380004524,0,https://x.com/ScarFace2824/status/2082542780380004524,reply-archive,
2082542732204003827,2026-07-29 19:04:13+00:00,"@dembelismo99_ A ver como vuelve Rodri de la intervención de la espalda que hablamos de ficharlo por 4 meses de De Jong, como si él estuviera al 100%",True,dembelismo99_,2082500849981358350,False,0,0,es,2082542732204003827,0,https://x.com/ScarFace2824/status/2082542732204003827,reply-archive,
2082542304439734336,2026-07-29 19:02:31+00:00,@BlxckNews Pienso igual. Y más con este tipo de lesión. Pero me da que en la directiva no hay tantos huevos a hacer algo así.,True,BlxckNews,2082532796371771539,False,0,0,es,2082542304439734336,0,https://x.com/ScarFace2824/status/2082542304439734336,reply-archive,
2082541612090171786,2026-07-29 18:59:46+00:00,"@Blayasensat Kroupi + Asllani
Lukeba només si no es creu en Gerard Martín pero també et pot servir per donar temps a Cortés o Gariba. 
Pero sobretot sortides.",True,Blayasensat,2082533750378786844,False,0,0,ca,2082541612090171786,0,https://x.com/ScarFace2824/status/2082541612090171786,reply-archive,
2082467282144379231,2026-07-29 14:04:25+00:00,"@Banquilleros Para mí, le falta cadera para girarse en una línea adelantada como la de Flick.",True,Banquilleros,2082379659082125396,False,0,0,es,2082467282144379231,0,https://x.com/ScarFace2824/status/2082467282144379231,reply-archive,
2082466257819873750,2026-07-29 14:00:20+00:00,@dembelismo99_ Y cambias totalmente la plantilla? Porque si lo haces 433 te quedas sin suplentes de los 3 del medio y si lo haces manteniendo el 231 te quedas sin suplente de Fermín y Olmo.,True,dembelismo99_,2082356962872664184,False,0,0,es,2082466257819873750,0,https://x.com/ScarFace2824/status/2082466257819873750,reply-archive,
2082462615331021187,2026-07-29 13:45:52+00:00,"@dembelismo99_ A ver, una cosa es una lesión de 4 meses donde en esa posición tienes a Gavi y Bernal. 
Y la otra es que si se va Ferran te quedas sin 9s.",True,dembelismo99_,2082201776049082791,False,0,0,es,2082462615331021187,0,https://x.com/ScarFace2824/status/2082462615331021187,reply-archive,
2082458911236317313,2026-07-29 13:31:09+00:00,@ShadowMonarch23 @BarcaArgento__ Cuanto hubieras pagado por el Lamine que jugó con Xavi?,True,ShadowMonarch23,2082358983629623524,False,0,0,es,2082458911236317313,0,https://x.com/ScarFace2824/status/2082458911236317313,reply-archive,
2082458437917507585,2026-07-29 13:29:16+00:00,"@gate_madri49826 Rodri, Laporte, Porro... Por 7 partidos de una competición que nada tiene que ver con Liga o Champions. 
Solo nos falta pedir a De La Fuente",True,gate_madri49826,2082450977467072860,False,0,0,es,2082458437917507585,0,https://x.com/ScarFace2824/status/2082458437917507585,reply-archive,
2082458026364022864,2026-07-29 13:27:38+00:00,@GallineroBlau https://t.co/HOmZYphhfQ,True,GallineroBlau,2082433454205993011,False,0,0,qme,2082458026364022864,0,https://x.com/ScarFace2824/status/2082458026364022864,reply-archive,
2082455002430280127,2026-07-29 13:15:37+00:00,@BlxckNews Para apostar por jovenes por explotar y darles oportunidades ya están los de La Masía.,True,BlxckNews,2082423712104452343,False,0,0,es,2082455002430280127,0,https://x.com/ScarFace2824/status/2082455002430280127,reply-archive,
2082450738584682998,2026-07-29 12:58:40+00:00,@ReshadRahman Ninguno,True,ReshadRahman,2082423936206405970,False,0,0,pt,2082450738584682998,0,https://x.com/ScarFace2824/status/2082450738584682998,reply-archive,
2082404157638480283,2026-07-29 09:53:35+00:00,"RT @fcb_lisco: 🚨Thierry Henry advising Barcelona not to waste their time on impossible deals for the striker position: 

""Barcelona can't a…",False,,,True,0,0,en,2082404157638480283,0,https://x.com/ScarFace2824/status/2082404157638480283,retweet-archive,
2082404081092432230,2026-07-29 09:53:16+00:00,@Somhiseremfcb ...,True,Somhiseremfcb,2082230692537106884,False,0,0,qam,2082404081092432230,0,https://x.com/ScarFace2824/status/2082404081092432230,reply-archive,
2082403724874428494,2026-07-29 09:51:51+00:00,"@BlxckNews Antes del verano todos diciendo: solo hace falta un 9 TOP. 
ahora con el mundial, por 7 partidos de una competición que nada tiene que ver con Liga o Champions, hay que traer a Laporte, Porro, Rodri... solo falta pedir a De La Fuente.
Kroupi.
El resto está en casa.
@jaumemarcet https://t.co/aADnCh9R0Y",True,BlxckNews,2082382957252055256,False,0,0,es,2082403724874428494,1,https://x.com/ScarFace2824/status/2082403724874428494,reply-archive,
2082387481756836129,2026-07-29 08:47:19+00:00,"@dembelismo99_ El 9 rematador que te pierde el balón, ralentiza el juego y entorpece las jugadas... Tu querías a Muriqi para el Barça.",True,dembelismo99_,2082362207606591575,False,0,0,es,2082387481756836129,0,https://x.com/ScarFace2824/status/2082387481756836129,reply-archive,
2082220758189637681,2026-07-28 21:44:49+00:00,@mundodeportivo @RamonFuentes74 18 años,True,mundodeportivo,2082024999385289099,False,0,0,es,2082220758189637681,0,https://x.com/ScarFace2824/status/2082220758189637681,reply-archive,
2082214114349428865,2026-07-28 21:18:25+00:00,"@dembelismo99_ Sin sentido pagar 180 millones, teniendo a Koupri. 
https://t.co/p8yZZtqMH7",True,dembelismo99_,2082211653651685618,False,0,0,es,2082214114349428865,0,https://x.com/ScarFace2824/status/2082214114349428865,reply-archive,
2082213700333670587,2026-07-28 21:16:46+00:00,@jc_sampaio Q burrada eso lo pone en 180 millones,True,jc_sampaio,2082153596888494170,False,0,0,es,2082213700333670587,0,https://x.com/ScarFace2824/status/2082213700333670587,reply-archive,
2082198063536296301,2026-07-28 20:14:38+00:00,@dembelismo99_ Saldrá a mandar callar como siempre,True,dembelismo99_,2082192527239614720,False,0,0,es,2082198063536296301,0,https://x.com/ScarFace2824/status/2082198063536296301,reply-archive,
2082196405360205829,2026-07-28 20:08:03+00:00,@dembelismo99_ Lo ha probado contra la Real Sociedad y funcionó muy bien. Aunque yo pienso que debería ser Fermín.,True,dembelismo99_,2082191142121009463,False,0,0,es,2082196405360205829,0,https://x.com/ScarFace2824/status/2082196405360205829,reply-archive,
2082192200511914093,2026-07-28 19:51:20+00:00,"@1899DanielFCB Si Joao Pedro lo pones en la terna de Julián, Kroupi o Kane, Woltemade también.",True,1899DanielFCB,2082184316738547727,False,0,0,es,2082192200511914093,0,https://x.com/ScarFace2824/status/2082192200511914093,reply-archive,
2082181445699711339,2026-07-28 19:08:36+00:00,"@FranciscoFCB97 Habría que veros cuando los fichajes eran Oriol Romeu y Cancelo + Joao Felix cedidos el último día de mercado. 
Cuando se dice contra todo y contra todos, también se refiere a esto, a luchar contra parte de su afición.",True,FranciscoFCB97,2082170461043982372,False,0,0,es,2082181445699711339,0,https://x.com/ScarFace2824/status/2082181445699711339,reply-archive,
2082173152822763972,2026-07-28 18:35:39+00:00,@Vikas_FCB Claro porque son tan parecidos,True,Vikas_FCB,2082082237697102125,False,0,0,es,2082173152822763972,0,https://x.com/ScarFace2824/status/2082173152822763972,reply-archive,
2082172545239822828,2026-07-28 18:33:14+00:00,@GallineroBlau Me parece bien pero entonces luego no exijamos competir con los que pueden despilfarrar y fallar en sus apuestas.,True,GallineroBlau,2082163767769534599,False,0,0,es,2082172545239822828,0,https://x.com/ScarFace2824/status/2082172545239822828,reply-archive,
2082170757258334278,2026-07-28 18:26:08+00:00,"@BlxckNews No hace falta un medio. Bernal/Gavi, sumale a Espart o Tommy, incluso Olmo o Eric pueden jugar ahí como han hecho esta temporada. Seria fichar por fichar y no estamos para eso. Tampoco para dejar de dar oportunidades a Bernal y Gavi. Es su momento. 
https://t.co/jL9RaNaBC8",True,BlxckNews,2082141868293230655,False,0,0,es,2082170757258334278,0,https://x.com/ScarFace2824/status/2082170757258334278,reply-archive,
2082170317951193483,2026-07-28 18:24:23+00:00,@planetabarcaa Entonces no hay dinero ni para un central ni para un medio. Y veremos si para Cancelo si el fichaje de Gordon es tan determinante.,True,planetabarcaa,2082127526629954013,False,0,0,es,2082170317951193483,0,https://x.com/ScarFace2824/status/2082170317951193483,reply-archive,
2082170083103682907,2026-07-28 18:23:27+00:00,"@Bargcelona10 Ferran es una perdida de balones cada vez que la pelota pasa por él, Asllani te mejora las jugadas y potencia a sus compañeros. Lo que tiene que hacer un 9 en el Barça, equipo que tiene tanto balón, vive en la frontal y su estrella es un extremo. Por eso se busca a Julián/ Kroupi",True,Bargcelona10,2082126094447112490,False,0,0,es,2082170083103682907,0,https://x.com/ScarFace2824/status/2082170083103682907,reply-archive,
2082168969406910701,2026-07-28 18:19:01+00:00,@_Futbolero_ Que 9 que puedas traer no es un riesgo y tenga el nivel para sustituir a Lewandowski?,True,_Futbolero_,2082123040637255831,False,0,0,es,2082168969406910701,0,https://x.com/ScarFace2824/status/2082168969406910701,reply-archive,
2082167051217424419,2026-07-28 18:11:24+00:00,"@1899DanielFCB Por que 9 gastas 120? Julián o Kroupi porque no hay otros
Central si nos creemos a Flick y a Gerard Martin te los puedes ahorrar y esperar o a Cortés con otro entrenador o sobretodo a Gariba
Pivote con Bernal/Gavi/Espart es fichar por fichar. 
Asllani 30M
https://t.co/jL9RaNaBC8",True,1899DanielFCB,2082158480409104457,False,0,0,es,2082167051217424419,0,https://x.com/ScarFace2824/status/2082167051217424419,reply-archive,
2082166778239549609,2026-07-28 18:10:19+00:00,"El Barça no necesita fichar un suplente para cada posición. Muchas de las soluciones ya están en casa: Yaakobishvili, Fort, Espart, Goren, Gariba, Tunkara, Gistau y Pesquer. El mercado debe completar a la Masia, no bloquearla.
#FCBarcelona #Barça #LaMasia #Cantera #MercatoBarça https://t.co/MQLGwl7iy0",False,,,False,0,0,es,2082166778239549609,1,https://x.com/ScarFace2824/status/2082166778239549609,used-in-web-article,solucion-en-casa
2082157530944242133,2026-07-28 17:33:34+00:00,@RiquiSalmon11 Seria lamentable,True,RiquiSalmon11,2082157076340428999,False,0,0,es,2082157530944242133,0,https://x.com/ScarFace2824/status/2082157530944242133,reply-archive,
2082142382296834502,2026-07-28 16:33:22+00:00,@SirRuben30 @Deco No quieres a De La Fuente también?,True,SirRuben30,2081807794076807325,False,0,0,es,2082142382296834502,0,https://x.com/ScarFace2824/status/2082142382296834502,reply-archive,
2082097704918806964,2026-07-28 13:35:51+00:00,@AnubisFCB3 Es igual de 9 que Julián,True,AnubisFCB3,2082080054406697207,False,0,0,es,2082097704918806964,0,https://x.com/ScarFace2824/status/2082097704918806964,reply-archive,
2082094268982686136,2026-07-28 13:22:11+00:00,"@JijantesFC @gerardautet8 @alexdelmas10 Respetando mucho la opinión de don @alexdelmas10 es Joao Pedro el que te baja el escalón, con una edad más cercana a la de Julián su techo es menor a la del argentino. Mientras que Kroupi con solo 20 con su calidad técnica, talento y conversión a gol tiene el mayor techo de los 3",True,JijantesFC,2082063823259795590,False,0,0,es,2082094268982686136,0,https://x.com/ScarFace2824/status/2082094268982686136,reply-archive,
2082071616197120193,2026-07-28 11:52:10+00:00,"@M4rshallfcb2 Entiendo que haya dudas entre Kroupi por su corta muestra y Julián. 
Pero de garantias, nada. 
Con 20 años por lo menos Kroupi tiene margen para llegar a nivel elite aquí y si no sale bien recuperar parte del dinero.",True,ScarFace2824,2082071318741332066,False,0,0,es,2082071318741332066,0,https://x.com/ScarFace2824/status/2082071616197120193,reply-archive,
2082071318741332066,2026-07-28 11:51:00+00:00,"@M4rshallfcb2 Garantias? 
Viene de 8 goles en Liga. 
1 gol en el Mundial con Messi al lado. 
Infiltrarse por lesión que ya sabemos como acaba eso. 
Puede que no recupere su estado físico óptimo. 
Pagas 130, no vuelve bien de su lesión, le cuesta marcar, imposible recuperar algo de Julián.",True,M4rshallfcb2,2081840780868547005,False,0,0,es,2082071318741332066,0,https://x.com/ScarFace2824/status/2082071318741332066,reply-archive,
2082068061545550275,2026-07-28 11:38:03+00:00,@JR1899__ Igualitos,True,JR1899__,2082042039856677325,False,0,0,es,2082068061545550275,0,https://x.com/ScarFace2824/status/2082068061545550275,reply-archive,
2082067762315157926,2026-07-28 11:36:52+00:00,@JijantesFC @alexdelmas10 https://t.co/1v1EoNelHE,True,JijantesFC,2082062319329124856,False,0,0,qme,2082067762315157926,0,https://x.com/ScarFace2824/status/2082067762315157926,reply-archive,
2082065897246937560,2026-07-28 11:29:27+00:00,"@danilovich77164 Pues a mi me motiva más verlo con Fermín, en esa doble punta, intercambiando alturas y atacando espacios que genere Kroupi y Lamine",True,danilovich77164,2082047543274361027,False,0,0,es,2082065897246937560,0,https://x.com/ScarFace2824/status/2082065897246937560,reply-archive,
2082054058815139870,2026-07-28 10:42:24+00:00,@kantinu Cuanto hubieras pagado por Lamine con 17 años?,True,kantinu,2082041664168726640,False,1,0,es,2082054058815139870,0,https://x.com/ScarFace2824/status/2082054058815139870,reply-archive,
2082031900730753525,2026-07-28 09:14:22+00:00,"@GallineroBlau Para mi es un perfil Vuskovic, muy fuerte pero le falta cadera para jugar en la defensa de Flick.",True,GallineroBlau,2082025191790518627,False,0,0,es,2082031900730753525,0,https://x.com/ScarFace2824/status/2082031900730753525,reply-archive,
2082031754647687258,2026-07-28 09:13:47+00:00,"@BrianHerrera08 Es la tendencia. Julián va para abajo, 8 goles en Liga, 1 en el mundial tiene a Messi al lado, tener que infiltrarse por lesión, no recuperar su estado físico. 

La muestra de Kroupi es pequeña, obviamente es un riesgo pero para mi no mayor a fichar a Julián estando como está.",True,BrianHerrera08,2081830913533472899,False,0,0,es,2082031754647687258,0,https://x.com/ScarFace2824/status/2082031754647687258,reply-archive,
2082017315906871302,2026-07-28 08:16:24+00:00,"@SwerveSr77 Julián viniendo de su mundial y de marcar 8 goles en liga, de no recuperarse de su lesión y de infiltrarse también es una apuesta. Como venga aquí y marque 8 goles, sin recuperar su estado físico y teniendo 26 años, Kroupi con 20 tiene más margen de mejora y de recuperar dinero.",True,Iceey_77,2081774817632473206,False,0,0,es,2082017315906871302,0,https://x.com/ScarFace2824/status/2082017315906871302,reply-archive,
2082008952976634247,2026-07-28 07:43:10+00:00,"@Observer_fb Y cual es tu solución, malgastar los últimos años de Flick con Ferran de 9? Hay que arriesgar si quieres un 9 elite. Porque Kane, Haaland, Mbappé que serian las jugadas seguras no salen de sus equipos.",True,Observer_fb,2081988380867318166,False,0,0,es,2082008952976634247,0,https://x.com/ScarFace2824/status/2082008952976634247,reply-archive,
2082007771952681025,2026-07-28 07:38:29+00:00,@elitelliZN Ni una temporada de oportunidad. A día de hoy ya sabemos que con los fichajes hay que tener paciencia.,True,elitelliZN,2081740072542491098,False,1,0,es,2082007771952681025,0,https://x.com/ScarFace2824/status/2082007771952681025,reply-archive,
2081998065171644611,2026-07-28 06:59:55+00:00,@dembelismo99_ Asllani debe venir si sale Ferran. Kee Smit te esperas al siguiente verano que solo le faltará un año de contrato,True,dembelismo99_,2081796869605249149,False,0,0,es,2081998065171644611,0,https://x.com/ScarFace2824/status/2081998065171644611,reply-archive,
2081982762496438603,2026-07-28 05:59:06+00:00,@ShadowMonarch23 @bxrca1899 Dios te oiga,True,ShadowMonarch23,2081851219564515377,False,0,0,es,2081982762496438603,0,https://x.com/ScarFace2824/status/2081982762496438603,reply-archive,
2081982460854980610,2026-07-28 05:57:54+00:00,"@NerriCancelado Lo del riesgo es discutible
https://t.co/p8yZZtqMH7",True,NerriCancelado,2081828979699249163,False,0,0,es,2081982460854980610,0,https://x.com/ScarFace2824/status/2081982460854980610,reply-archive,
2081873066498597062,2026-07-27 22:43:13+00:00,@ThierryEnric14 Sigues viendo los partidos de la Fiore. Ponte los de la Juve.,True,ThierryEnric14,2081848342649451007,False,0,0,es,2081873066498597062,0,https://x.com/ScarFace2824/status/2081873066498597062,reply-archive,
2081872363847659720,2026-07-27 22:40:25+00:00,@Somhiseremfcb Basta usar videos literalmente con el campo vacío. Ahí todos los jugadores profesionales son megaestrellas. Solo hace falta ver los de Rashford.,True,Somhiseremfcb,2081850264538042516,False,0,0,es,2081872363847659720,0,https://x.com/ScarFace2824/status/2081872363847659720,reply-archive,
2081824268711837703,2026-07-27 19:29:18+00:00,"@UCulemas @FCBarcelona @Atleti De verdad veis más riesgo en un jugador 6 años más joven que en uno que lleva temporada + mundial más propio de un jugador de 40M que de uno de 130, que no se recupera de su lesión y que se ha estado infiltrando? Pregunto",True,UCulemas,2081776792218558639,False,0,0,es,2081824268711837703,0,https://x.com/ScarFace2824/status/2081824268711837703,reply-archive,
2081823244626370879,2026-07-27 19:25:14+00:00,"@gxldeadam Más arriesgado que Julián tras infiltrarse, que no se recupera de su lesión y que ha hecho una temporada y un mundial más cercanos de un jugador de 60M como mucho que uno de 130 y encima tiene SEIS años más? Solo pregunto",True,gxldeadam,2081767166957785518,False,0,0,es,2081823244626370879,0,https://x.com/ScarFace2824/status/2081823244626370879,reply-archive,
2081822772146082123,2026-07-27 19:23:21+00:00,@dembelismo99_ Gracias,True,dembelismo99_,2081768408215916764,False,0,0,es,2081822772146082123,0,https://x.com/ScarFace2824/status/2081822772146082123,reply-archive,
2081821315007389933,2026-07-27 19:17:34+00:00,@jaumemarcet Al Barça de Flick la parella de Cuba es Gariba no Cortés,True,jaumemarcet,2081809243284398349,False,0,0,es,2081821315007389933,0,https://x.com/ScarFace2824/status/2081821315007389933,reply-archive,
2081820738240299318,2026-07-27 19:15:17+00:00,"@BlxckNews Basta de sacar videos suyos fuera de partidos, ahí cualquier jugador profesional es buenísimo.",True,BlxckNews,2081815638331261424,False,0,0,es,2081820738240299318,0,https://x.com/ScarFace2824/status/2081820738240299318,reply-archive,
2081816701189177504,2026-07-27 18:59:14+00:00,@DiegoDav07 Tu crees? No se le ve con personalidad de que le pueda la presión.,True,DiegoDav07,2081814289501888887,False,0,0,es,2081816701189177504,0,https://x.com/ScarFace2824/status/2081816701189177504,reply-archive,
2081761053709304218,2026-07-27 15:18:07+00:00,"@Somhiseremfcb @La_SER Es un riesgo más a tomar pensar que un lateral del Cornellá en 2 años pueda mantener o incluso mejorar el nivel que ha mostrado esta temporada. Pero si alguien no para de sorprendernos son Flick y Gerard Martin.
https://t.co/usjXtxXdhm",True,Somhiseremfcb,2081734157047042400,False,0,0,es,2081761053709304218,0,https://x.com/ScarFace2824/status/2081761053709304218,reply-archive,
2081760480285131178,2026-07-27 15:15:50+00:00,"@MisterCruyff14 Por la pasta de Julián puedes sacar a Kroupi + Asllani? 

https://t.co/p8yZZtqeRz",True,MisterCruyff14,2081755168895279170,False,0,0,es,2081760480285131178,0,https://x.com/ScarFace2824/status/2081760480285131178,reply-archive,
2081760177754087902,2026-07-27 15:14:38+00:00,"@CuentaMister @Deco20oficial Porque el 9 del Barça no solo debe acabar jugadas, debe mejorarlas y potenciar a sus compañeros. 

https://t.co/1v1EoNelHE",True,CuentaMister,2081751165956391187,False,0,0,es,2081760177754087902,0,https://x.com/ScarFace2824/status/2081760177754087902,reply-archive,
2081759872710742159,2026-07-27 15:13:25+00:00,"@dembelismo99_ Más garantias? Yo pensaba lo mismo pero con su rendimiento en la temporada (que se podía llegar a justificar por contexto) lo que más me preocupa es su lesión y que jugara con infiltraciones. 
Eso para mí ya lo pone en el nivel de riesgo de Kroupi. 
https://t.co/p8yZZtqeRz",True,dembelismo99_,2081748293919420609,False,0,0,es,2081759872710742159,0,https://x.com/ScarFace2824/status/2081759872710742159,reply-archive,
2081759505855988073,2026-07-27 15:11:58+00:00,"@_Futbolero_ Hay que empezar a pensar si está incluso por delante del argentino.
https://t.co/p8yZZtqeRz",True,_Futbolero_,2081753229440758235,False,0,0,es,2081759505855988073,0,https://x.com/ScarFace2824/status/2081759505855988073,reply-archive,
2081759148702683380,2026-07-27 15:10:32+00:00,@dembelismo99_ A mi me intriga más el papel de Fort y Espart,True,dembelismo99_,2081725030870773856,False,0,0,es,2081759148702683380,0,https://x.com/ScarFace2824/status/2081759148702683380,reply-archive,
2081751729104646280,2026-07-27 14:41:03+00:00,"@BlxckNews El problema es que Flick quiere un central experimentado no? 
Tendrias a Salinas, Gerard Martín, Cortés, Gariba...",True,BlxckNews,2081724825576350163,False,0,0,es,2081751729104646280,0,https://x.com/ScarFace2824/status/2081751729104646280,reply-archive,
2081751519121002802,2026-07-27 14:40:13+00:00,"@Somhiseremfcb @santiovalle Por 130 no tienes a Kroupi + Asllani?
https://t.co/usjXtxXdhm",True,Somhiseremfcb,2081734722342789576,False,0,0,in,2081751519121002802,0,https://x.com/ScarFace2824/status/2081751519121002802,reply-archive,
2081751357866803634,2026-07-27 14:39:35+00:00,"Para cerrar el mercado no hay que fichar por fichar.
✅ Kroupi
✅ Asllani
✅ Lukeba (o confiar en Gerard)
❌ Vlahović
Explico por qué.
#FCBarcelona #Barça #MercatoBarça #Vlahovic #Kroupi #Asllani https://t.co/6NUGQ1c1Ym",False,,,False,2,1,ca,2081751357866803634,1,https://x.com/ScarFace2824/status/2081751357866803634,used-in-web-article,cerrar-mercado
2081749780099748204,2026-07-27 14:33:19+00:00,"@BlxckNews Por cuánto sale Kroupi? 
Por 130 no tienes a Kroupi + Asllani? 
Y encima te sacas 50 por Ferran al PSG",True,BlxckNews,2081742919300505752,False,0,0,es,2081749780099748204,0,https://x.com/ScarFace2824/status/2081749780099748204,reply-archive,
2097284828215271687,2026-09-08 11:24:03+00:00,@Somhiseremfcb Que no hubiera renovado,True,Somhiseremfcb,2097280420630950361,False,7,0,es,2097284828215271687,0,https://x.com/ScarFace2824/status/2097284828215271687,reply-archive,
2097281746702127476,2026-09-08 11:11:48+00:00,"@Kosobets Si se tratara de futbol, pero lamentablemente ya sabemos que no es así. Ya se vió la temporada pasada.",True,Kosobets,2097277272247927118,False,0,0,es,2097281746702127476,0,https://x.com/ScarFace2824/status/2097281746702127476,reply-archive,
2097271187499811140,2026-09-08 10:29:51+00:00,"@dembelismo99_ Yo le daba el BdO a Cubarsí, y 0 hate a Lamine obviamnete. Simplemente sigo un criterio que parecía ya establecido de darle casi importancia total en año de Mundial, que casualmente parece haberse olvivado este año.",True,dembelismo99_,2097267553923895739,False,3,0,es,2097271187499811140,0,https://x.com/ScarFace2824/status/2097271187499811140,reply-archive,
2097228303048286374,2026-09-08 07:39:26+00:00,"@GallineroBlau En un principio efecto a la altura de Ronaldinho, ahora ya al nivel de los grandes entrenadores de este club.",True,GallineroBlau,2097222079015698475,False,1,0,es,2097228303048286374,0,https://x.com/ScarFace2824/status/2097228303048286374,reply-archive,
2097219979686936830,2026-09-08 07:06:22+00:00,"@Padremany1 Dembelé? 

1 Cubarsí
2 Kane
3 Lamine
4 Messi
5 Kvara
6 Rodri
7 Olise
8 Mbappé
9 Fabián
10 Pedri/Rice",True,Padremany1,2097098272229969974,False,0,0,und,2097219979686936830,0,https://x.com/ScarFace2824/status/2097219979686936830,reply-archive,
2097020795428208780,2026-09-07 17:54:53+00:00,@AlberttFCB Se parece más a la de Natan con Vinicius y esa si la pitaron,True,AlberttFCB,2097004517392826488,False,0,0,es,2097020795428208780,0,https://x.com/ScarFace2824/status/2097020795428208780,reply-archive,
2096855579490664701,2026-09-07 06:58:22+00:00,@dembelismo99_ Ni un Cubarsí,True,dembelismo99_,2096702584257966212,False,0,0,es,2096855579490664701,0,https://x.com/ScarFace2824/status/2096855579490664701,reply-archive,
2096671518725988617,2026-09-06 18:46:58+00:00,@Kosobets Sin ganarla ya es 3,True,Kosobets,2096645500757782529,False,103,0,es,2096671518725988617,0,https://x.com/ScarFace2824/status/2096671518725988617,reply-archive,
2096663870891085978,2026-09-06 18:16:35+00:00,"@Padremany1 Que pereza, dame 10 ligas seguidas a este nivel antes que una champions.",True,Padremany1,2096660616391860603,False,0,0,es,2096663870891085978,0,https://x.com/ScarFace2824/status/2096663870891085978,reply-archive,
2096623482159218738,2026-09-06 15:36:06+00:00,@DjMaRiiO Jugar contra el Madrid,True,DjMaRiiO,2096623166575489244,False,0,0,es,2096623482159218738,0,https://x.com/ScarFace2824/status/2096623482159218738,reply-archive,
2096623343067648249,2026-09-06 15:35:33+00:00,@sirfcb_ Balde tiene 2 por delante,True,sirfcb_,2096621182728454554,False,0,0,es,2096623343067648249,0,https://x.com/ScarFace2824/status/2096623343067648249,reply-archive,
2096616099349409931,2026-09-06 15:06:45+00:00,@Somhiseremfcb 1,True,Somhiseremfcb,2096614238684938651,False,1,0,und,2096616099349409931,0,https://x.com/ScarFace2824/status/2096616099349409931,reply-archive,
2096561370934255648,2026-09-06 11:29:17+00:00,@M4rshallfcb2 Porque la temporada de Isak en Liverpool significa que en verdad era malísimo,True,M4rshallfcb2,2096545072221213045,False,0,0,es,2096561370934255648,0,https://x.com/ScarFace2824/status/2096561370934255648,reply-archive,
2096013692303462763,2026-09-04 23:13:00+00:00,@PPeruanito @SzoboszlaiEnjoy @ShadowMonarch23 Lamine solo ha ganado el mejor jugador de la Liga y Cubarsí ha hecho mejor mundial que por al que Cannavaro le dieron un balón de oro,True,PPeruanito,2096012049981595745,False,0,0,es,2096013692303462763,0,https://x.com/ScarFace2824/status/2096013692303462763,reply-archive,
2095879906609488142,2026-09-04 14:21:23+00:00,@Kosobets Los chillé más que los del clásico días después,True,Kosobets,2095873391592952051,False,1,0,es,2095879906609488142,0,https://x.com/ScarFace2824/status/2095879906609488142,reply-archive,
2095846280438095985,2026-09-04 12:07:46+00:00,@DjMaRiiO Celebras los suyos pero no los del equipo,True,DjMaRiiO,2095844184544481407,False,0,0,es,2095846280438095985,0,https://x.com/ScarFace2824/status/2095846280438095985,reply-archive,
2095815578044797372,2026-09-04 10:05:46+00:00,@SzoboszlaiEnjoy @PPeruanito @ShadowMonarch23 Lo de sin dudas no tiene cabida,True,SzoboszlaiEnjoy,2095809952669384880,False,0,0,es,2095815578044797372,0,https://x.com/ScarFace2824/status/2095815578044797372,reply-archive,
2095815455734710500,2026-09-04 10:05:17+00:00,"@SzoboszlaiEnjoy @ShadowMonarch23 Simplificar a Lamine en solo regates es no entender el fútbol: 2 titulos nacionales con club + Mundial. Por titulos ha ganado más que Kane, y por rendimiento ha ganado el mejor jugador de la Liga.
No es un debate cerrado está claro pero no puedes quitar a Lamine de la ecuación",True,SzoboszlaiEnjoy,2095809657570816493,False,0,0,es,2095815455734710500,0,https://x.com/ScarFace2824/status/2095815455734710500,reply-archive,
2095597924742803476,2026-09-03 19:40:54+00:00,"RT @ToIkienverse: ¿Tanto le costaba a HBO poner a Ewan Mitchell como Severus Snape?

Digo, si su excusa para hacer esta serie era ser mas f…",False,,,True,0,0,es,2095597924742803476,0,https://x.com/ScarFace2824/status/2095597924742803476,retweet-archive,
2095577099251679465,2026-09-03 18:18:09+00:00,@Padremany1 @PedriEra__ Lo dices como si fueran pocos,True,Padremany1,2095570575855144980,False,0,0,es,2095577099251679465,0,https://x.com/ScarFace2824/status/2095577099251679465,reply-archive,
2081726797385761210,2026-07-27 13:01:59+00:00,@nela_VDG Donde mejor juega es por derecha,True,FCB_vdg,2081503844542849388,False,0,0,es,2081726797385761210,0,https://x.com/ScarFace2824/status/2081726797385761210,reply-archive,
2081672587164160028,2026-07-27 09:26:35+00:00,"@Torren__ 1 Recordemos quien hace las normas del fairplay
2 el discurso era el mismo cuando venían de ganar Liga y champions y ficharon a Mbappe",True,Torren__,2081648540854456334,False,0,0,es,2081672587164160028,0,https://x.com/ScarFace2824/status/2081672587164160028,reply-archive,
2081666674525175961,2026-07-27 09:03:05+00:00,@FCBarcelona_es El mejor,True,FCBarcelona_es,2081650807901225073,False,0,0,es,2081666674525175961,0,https://x.com/ScarFace2824/status/2081666674525175961,reply-archive,
2081651564394029401,2026-07-27 08:03:02+00:00,@elitelliZN Entonces hay que tener 1 jugador por posición?,True,elitelliZN,2081642516697186777,False,0,0,es,2081651564394029401,0,https://x.com/ScarFace2824/status/2081651564394029401,reply-archive,
2081647463065166008,2026-07-27 07:46:44+00:00,@Alex33Mora Dedicate al Bayern,True,Alex33Mora,2081504737673810228,False,0,0,es,2081647463065166008,0,https://x.com/ScarFace2824/status/2081647463065166008,reply-archive,
2081580015292965088,2026-07-27 03:18:44+00:00,"@Somhiseremfcb Koupri
Bernal
Lukeba
Eric",True,Somhiseremfcb,2080981662284841242,False,0,0,ro,2081580015292965088,0,https://x.com/ScarFace2824/status/2081580015292965088,reply-archive,
2081499343081648134,2026-07-26 21:58:10+00:00,@bronxsfcb Donde esta la gracia?,True,bronxsfcb,2081497542643126753,False,0,0,es,2081499343081648134,0,https://x.com/ScarFace2824/status/2081499343081648134,reply-archive,
2081467047549051065,2026-07-26 19:49:50+00:00,@gxldeadam https://t.co/p8yZZtqeRz,True,gxldeadam,2081448282581016975,False,0,0,qme,2081467047549051065,0,https://x.com/ScarFace2824/status/2081467047549051065,reply-archive,
2081465861257220505,2026-07-26 19:45:07+00:00,@MisterCruyff14 https://t.co/p8yZZtqeRz,True,MisterCruyff14,2081381732499017916,False,0,0,qme,2081465861257220505,0,https://x.com/ScarFace2824/status/2081465861257220505,reply-archive,
2081465800842793013,2026-07-26 19:44:53+00:00,@los_nintendos https://t.co/p8yZZtqMH7,True,los_nintendos,2081386432560570646,False,0,0,qme,2081465800842793013,0,https://x.com/ScarFace2824/status/2081465800842793013,reply-archive,
2081446452597862876,2026-07-26 18:28:00+00:00,@ShadowMonarch23 @ReshadRahman https://t.co/p8yZZtqeRz,True,ShadowMonarch23,2081437428061991273,False,0,0,qme,2081446452597862876,0,https://x.com/ScarFace2824/status/2081446452597862876,reply-archive,
2081427982917267718,2026-07-26 17:14:36+00:00,@RiquiSalmon11 Exacto,True,RiquiSalmon11,2081427612396618114,False,0,0,es,2081427982917267718,0,https://x.com/ScarFace2824/status/2081427982917267718,reply-archive,
2081426699288232188,2026-07-26 17:09:30+00:00,"@bronxsfcb Literalmente, Laporta salió a decir que si no era Julián había otro 9 preparado",True,bronxsfcb,2081366032271155621,False,0,0,es,2081426699288232188,0,https://x.com/ScarFace2824/status/2081426699288232188,reply-archive,
2081417119854399655,2026-07-26 16:31:26+00:00,@dembelismo99_ https://t.co/kTEvwOqPIX,True,dembelismo99_,2081390248802582937,False,0,0,qme,2081417119854399655,0,https://x.com/ScarFace2824/status/2081417119854399655,reply-archive,
2081417038136758516,2026-07-26 16:31:07+00:00,"¿Tiene más riesgo un talento de 20 años... o un crack que viene de una lesión y un año muy por debajo de su nivel?

#FCBarcelona
#Barça
#MercatoBarça
#JuliánÁlvarez
#Kroupi https://t.co/hH6xTjynCu",False,,,False,0,0,es,2081417038136758516,1,https://x.com/ScarFace2824/status/2081417038136758516,used-in-web-article,tomar-riesgos
2081412954377908610,2026-07-26 16:14:53+00:00,@10InfoBlaugrana Luego nos quejamos de que el Barça no ficha lo que quieren los entrenadores,True,10InfoBlaugrana,2081379013763768491,False,0,0,es,2081412954377908610,0,https://x.com/ScarFace2824/status/2081412954377908610,reply-archive,
2081408724065792392,2026-07-26 15:58:05+00:00,"@1899DanielFCB Se comenta, Flick no ve necesario ni un central ya que confía en Gerard Martín, el que podría servir para dar tiempo a Baba a crecer; y tampoco quiere un medio, espero que para dar espacio a Espart mientras Fort es suplente del lateral. 
Prioridad: Koupri + Asllani/Tresoldi",True,1899DanielFCB,2081406312391311486,False,0,0,es,2081408724065792392,0,https://x.com/ScarFace2824/status/2081408724065792392,reply-archive,
2081398591155753115,2026-07-26 15:17:49+00:00,@BarcaGiants Como Bellingham en su dia,True,BarcaGiants,2081364765545247061,False,0,0,in,2081398591155753115,0,https://x.com/ScarFace2824/status/2081398591155753115,reply-archive,
2081337666633629973,2026-07-26 11:15:43+00:00,@ShadowMonarch23 @ActuFoot_ @Ramon_AlvarezMM Como si Bellingham no hubiera hecho lo mismo que Diomande. Una temporada en la Bundes.,True,ShadowMonarch23,2081317849432240565,False,0,0,es,2081337666633629973,0,https://x.com/ScarFace2824/status/2081337666633629973,reply-archive,
2081312142410563623,2026-07-26 09:34:18+00:00,"@BlxckNews Bisiwu 18 años juvenil del brujas
Diomande 18 años primera division española",True,BlxckNews,2081300539728343165,False,0,0,es,2081312142410563623,0,https://x.com/ScarFace2824/status/2081312142410563623,reply-archive,
2081163051739369957,2026-07-25 23:41:52+00:00,@RiquiSalmon11 @charlyplanter Es goretzka,True,RiquiSalmon11,2081088003196264505,False,0,0,de,2081163051739369957,0,https://x.com/ScarFace2824/status/2081163051739369957,reply-archive,
2081163029555597397,2026-07-25 23:41:47+00:00,@ShadowMonarch23 @charlyplanter Goretzka,True,ShadowMonarch23,2081089091857174577,False,0,0,und,2081163029555597397,0,https://x.com/ScarFace2824/status/2081163029555597397,reply-archive,
2081057826500149415,2026-07-25 16:43:44+00:00,"@gxldeadam Lo realmente importante es que con esa edad lleve esa cantidad de partidos en la elite, igual que Cubarsí",True,gxldeadam,2081049099000742175,False,0,0,es,2081057826500149415,0,https://x.com/ScarFace2824/status/2081057826500149415,reply-archive,
2081007555820576784,2026-07-25 13:23:59+00:00,"@Plettigoal @philipphinze24 Por favor, juntarlo con Haaland y Cherki",True,Plettigoal,2080985151698341950,False,0,0,es,2081007555820576784,0,https://x.com/ScarFace2824/status/2081007555820576784,reply-archive,
2081006116301918385,2026-07-25 13:18:16+00:00,"@Somhiseremfcb Lamine de falso 9. 
Diomande por derecha
Bernal
Lukeba/Van de Ven
Eric o Kounde si está al nivel del mundial",True,Somhiseremfcb,2080981662284841242,False,0,0,es,2081006116301918385,0,https://x.com/ScarFace2824/status/2081006116301918385,reply-archive,
2080981378129178803,2026-07-25 11:39:57+00:00,"@dembelismo99_ El problema no es Gordon. Ya hemos visto la importancia de tener un Raphinha en el campo. Y Gordon viene a eso. Donde estamos haciendo el tonto es con Julián. 

Gordon - Lamine - Diomande",True,dembelismo99_,2080977468576452766,False,0,0,es,2080981378129178803,0,https://x.com/ScarFace2824/status/2080981378129178803,reply-archive,
2080979377626505508,2026-07-25 11:32:01+00:00,"@1899DanielFCB Sobretodo salidas. Salinas + central top es fichar por fichar: tienes a Gerard y Cortés + lo que viene de la Masía. Para traer otro pivote te quedas con Casadó, si se va es porque ya hay overbooking 0 sentido traer otro. Te quedas a Yaako. En lugar de 9
Gordon - Lamine - Diomande",True,1899DanielFCB,2080978005975859696,False,0,0,es,2080979377626505508,0,https://x.com/ScarFace2824/status/2080979377626505508,reply-archive,
2080978598907826536,2026-07-25 11:28:55+00:00,"@Somhiseremfcb @sport No deberían ser excluyentes, el problema es Julián. 
Gordon - Lamine - Diomande",True,Somhiseremfcb,2080973851492532228,False,0,0,es,2080978598907826536,0,https://x.com/ScarFace2824/status/2080978598907826536,reply-archive,
2080943396441526637,2026-07-25 09:09:02+00:00,@BlxckNews 🤦🏼‍♂️,True,BlxckNews,2080652374322864377,False,0,0,qme,2080943396441526637,0,https://x.com/ScarFace2824/status/2080943396441526637,reply-archive,
2080943019776188609,2026-07-25 09:07:32+00:00,@Mhoni_Hiyst Rm Newmann,True,Mhoni_Hiyst,2080657686488621270,False,0,0,en,2080943019776188609,0,https://x.com/ScarFace2824/status/2080943019776188609,reply-archive,
2080942801311723953,2026-07-25 09:06:40+00:00,@Somhiseremfcb Ahora que lo quiere el Madrid nos damos cuenta de lo buenos que es... Bravo. Pero nosotros estancados en un culebrón con los acomplejados del patético de Madrid que le hacen la vida fácil a su vecino de la capital,True,Somhiseremfcb,2080942310238400885,False,0,0,es,2080942801311723953,0,https://x.com/ScarFace2824/status/2080942801311723953,reply-archive,
2080914485254971621,2026-07-25 07:14:09+00:00,@abreu_de97904 @apmbonmati14 Raphinha? Ese que se pierde la parte más importante de la temporada por un amistoso?,True,abreu_de97904,2080522268619190688,False,0,0,es,2080914485254971621,0,https://x.com/ScarFace2824/status/2080914485254971621,reply-archive,
2080912331651809441,2026-07-25 07:05:36+00:00,"@MisterCruyff14 Justo, ser un Sevilla, un Dormunt, un Brighton, es lo que queremos para el Barça...",True,MisterCruyff14,2080767182607208578,False,0,0,es,2080912331651809441,0,https://x.com/ScarFace2824/status/2080912331651809441,reply-archive,
2080901588021895552,2026-07-25 06:22:54+00:00,@Somhiseremfcb Como Mourinho en Champions,True,Somhiseremfcb,2080799233465073984,False,0,0,pt,2080901588021895552,0,https://x.com/ScarFace2824/status/2080901588021895552,reply-archive,
2080901371016909073,2026-07-25 06:22:02+00:00,"@Somhiseremfcb Los huevos que no tenemos nosotros lo tienen, ellos. Y no hablemos de pasta porque para Julián hay la misma que para Diomande.",True,Somhiseremfcb,2080779402963530083,False,0,0,es,2080901371016909073,0,https://x.com/ScarFace2824/status/2080901371016909073,reply-archive,
2080772096876056999,2026-07-24 21:48:21+00:00,@gorkaerviti Q lo fiche ya el liverpool,True,gorkaerviti,2080761139277774955,False,0,0,es,2080772096876056999,0,https://x.com/ScarFace2824/status/2080772096876056999,reply-archive,
2080771903053353204,2026-07-24 21:47:35+00:00,RT @byViruZz: si mañana gano la velada sorteo 500€ entre todos los que hagan RT a este tuit,False,,,True,0,0,es,2080771903053353204,0,https://x.com/ScarFace2824/status/2080771903053353204,retweet-archive,
2080735842184601612,2026-07-24 19:24:17+00:00,"@1899DanielFCB @FCBarcelona Menos Koné, y Tresoldi solo si Asllani no aguanta hasta que se vaya Ferran",True,1899DanielFCB,2080669663227232272,False,1,0,es,2080735842184601612,0,https://x.com/ScarFace2824/status/2080735842184601612,reply-archive,
2080532316837892295,2026-07-24 05:55:33+00:00,@trovewho Nunca han funcionado en el Barça.,True,trovewho,2080344692324192552,False,0,0,es,2080532316837892295,0,https://x.com/ScarFace2824/status/2080532316837892295,reply-archive,
2080384181859655855,2026-07-23 20:06:55+00:00,"@RevenRV Mediocampista? A confiar en Gavi/Bernal y la cantera que luego vamos de aladides de la Masía... 
Y de urgencia encima tienes a Olmo y Eric que ya han jugado ahí esta temporada",True,RevenRV,2080344883726897526,False,0,0,es,2080384181859655855,0,https://x.com/ScarFace2824/status/2080384181859655855,reply-archive,
2080379465658507745,2026-07-23 19:48:10+00:00,@BlxckNews Y menos mal,True,BlxckNews,2080264795031212334,False,0,0,es,2080379465658507745,0,https://x.com/ScarFace2824/status/2080379465658507745,reply-archive,
2080379395252875282,2026-07-23 19:47:54+00:00,@BlxckNews Y que haces con Gerard Martin y Cortés?,True,BlxckNews,2080328034062626949,False,0,0,es,2080379395252875282,0,https://x.com/ScarFace2824/status/2080379395252875282,reply-archive,
2080368191038017763,2026-07-23 19:03:22+00:00,@BlxckNews 7,True,BlxckNews,2080294657473323127,False,0,0,und,2080368191038017763,0,https://x.com/ScarFace2824/status/2080368191038017763,reply-archive,
2080291290340548785,2026-07-23 13:57:48+00:00,@GallineroBlau No sabeis lo malo que es Vlahovic...,True,GallineroBlau,2080260327766159441,False,0,0,es,2080291290340548785,0,https://x.com/ScarFace2824/status/2080291290340548785,reply-archive,
2080195435986075987,2026-07-23 07:36:54+00:00,"@sport Lo que hace el Madrid acomplejado porque lleva dos años siendo humillado por niños de 19 años, que es ir a por los fichajes que se interesa el Barça, este supuesto culer quiere que lo haga nuestro club como si fueramos un equipo pequeño que lleva dos temporadas sin ganar nada...",True,sport,2079929456265699613,False,1,0,es,2080195435986075987,0,https://x.com/ScarFace2824/status/2080195435986075987,reply-archive,
2080183712193343707,2026-07-23 06:50:19+00:00,@GxlDeManutinho Lo mismo que las dos últimas temporadas,True,GxlDeManutinho,2079875032172421355,False,0,0,es,2080183712193343707,0,https://x.com/ScarFace2824/status/2080183712193343707,reply-archive,
2080183478222479366,2026-07-23 06:49:23+00:00,"@_rogerFCB Venimos de dos años destrozando al Madrid de Mbappe, Bellingham, Vinicius... El mercado inicia el Julio y hasta hace dos días se estaba jugando el Mundial y ya llevamos 3 fichajes, contando a Cancelo 4, y vas y dices preocupante?",True,_rogerFCB,2079903397470146998,False,15,0,es,2080183478222479366,0,https://x.com/ScarFace2824/status/2080183478222479366,reply-archive,
2079817692865798150,2026-07-22 06:35:53+00:00,"@UNIVERSO_1899 Tengamos claro que corriendo hacia atrás no está ni cerca de Iñigo, lo mismo con Cuti.",True,UNIVERSO_1899,2079548390484910564,False,0,0,es,2079817692865798150,0,https://x.com/ScarFace2824/status/2079817692865798150,reply-archive,
2079816837450154293,2026-07-22 06:32:29+00:00,@eldelfcb Toda la temporada teniendo clarísimo que lo único que necesitaba este Barça era un 9 y ahora todo menos el 9 por 6 partidos. Así nos va...,True,eldelfcb,2079644404940165276,False,2,0,es,2079816837450154293,0,https://x.com/ScarFace2824/status/2079816837450154293,reply-archive,
2079619087752192182,2026-07-21 17:26:42+00:00,@BlxckNews Luego vamos de adalides de la Masía...,True,BlxckNews,2079458358902259864,False,0,0,es,2079619087752192182,0,https://x.com/ScarFace2824/status/2079619087752192182,reply-archive,
2079265136510939591,2026-07-20 18:00:14+00:00,@Mancuer91 https://t.co/x9Rm07LZne,True,Mancuer91,2079196588077912359,False,0,0,qme,2079265136510939591,1,https://x.com/ScarFace2824/status/2079265136510939591,reply-archive,
2079265049957290129,2026-07-20 17:59:53+00:00,@ToIkienverse Bien?,True,ToIkienverse,2079264131836751916,False,0,0,es,2079265049957290129,0,https://x.com/ScarFace2824/status/2079265049957290129,reply-archive,
2079244633490723042,2026-07-20 16:38:45+00:00,"@dembelismo99_ Cubarsí ha hecho todos los partidos top, Rodri empezó fatal.",True,dembelismo99_,2079204662842908865,False,0,0,es,2079244633490723042,0,https://x.com/ScarFace2824/status/2079244633490723042,reply-archive,
2079244052902314104,2026-07-20 16:36:27+00:00,@RevenRV Faltan meses aún y ya sabemos que los últimos son lo más importantes,True,RevenRV,2079206904824512709,False,0,0,es,2079244052902314104,0,https://x.com/ScarFace2824/status/2079244052902314104,reply-archive,
2079243840364401141,2026-07-20 16:35:36+00:00,"@BlxckNews Soy yo, o no está ni don Carles Puyol?",True,BlxckNews,2079233983154442601,False,12,0,es,2079243840364401141,0,https://x.com/ScarFace2824/status/2079243840364401141,reply-archive,
2079243397697769911,2026-07-20 16:33:51+00:00,@jgermantr3 Todo el año pidiendo un 9. Ahora por 8 partidos cambiamos todo. Así nos vam,True,jgermantr3,2079186869246636124,False,0,0,es,2079243397697769911,0,https://x.com/ScarFace2824/status/2079243397697769911,reply-archive,
2079216601128173856,2026-07-20 14:47:22+00:00,@BlxckNews A quien prefieres a Julian o Diomande + Asllani + Lukeba?,True,BlxckNews,2079209663988408323,False,1,0,es,2079216601128173856,0,https://x.com/ScarFace2824/status/2079216601128173856,reply-archive,
2079192297061724663,2026-07-20 13:10:47+00:00,@los_nintendos https://t.co/gppcJqKFuN,True,los_nintendos,2079149291688321434,False,1,0,qme,2079192297061724663,0,https://x.com/ScarFace2824/status/2079192297061724663,reply-archive,
2079190216049611040,2026-07-20 13:02:31+00:00,@BlxckNews https://t.co/Hhn5MWm5Ux,True,BlxckNews,2079154451248484692,False,0,0,qme,2079190216049611040,0,https://x.com/ScarFace2824/status/2079190216049611040,reply-archive,
2079168685483397260,2026-07-20 11:36:58+00:00,@JeffFcb14 El que pitó ayer,True,JeffFcb14,2078978360768688534,False,0,0,es,2079168685483397260,0,https://x.com/ScarFace2824/status/2079168685483397260,reply-archive,
2079167857200402688,2026-07-20 11:33:40+00:00,"@ShadowMonarch23 Oju
https://t.co/cdxM4Pn0UC",True,ShadowMonarch23,2079164930226557134,False,0,0,und,2079167857200402688,0,https://x.com/ScarFace2824/status/2079167857200402688,reply-archive,
2079167089034805291,2026-07-20 11:30:37+00:00,"@BlxckNews Te traes a uno de 30 teniendo a Gavi + Bernal para tener minutos con la lesión de De Jong, otro central zurdo de 32 para que se te vaya en un año como Iñigo y tener el mismo problema que ahora, cambiar el discurso de Ferran de toda la temporada por un gol en la final...",True,BlxckNews,2079158370297151651,False,1,0,es,2079167089034805291,0,https://x.com/ScarFace2824/status/2079167089034805291,reply-archive,
2079159064609628329,2026-07-20 10:58:44+00:00,"@Padremany1 No, el balón de oro.",True,Padremany1,2079039547619303535,False,1,0,es,2079159064609628329,0,https://x.com/ScarFace2824/status/2079159064609628329,reply-archive,
2079158842995155263,2026-07-20 10:57:51+00:00,"@Padremany1 Gavi, Bernal, Espart, Tommy incluso Olmo y Eric que han jugado esta temporada ahí. Fichar por fichar.",True,Padremany1,2079046981389865124,False,0,0,es,2079158842995155263,0,https://x.com/ScarFace2824/status/2079158842995155263,reply-archive,
2079156667082518565,2026-07-20 10:49:12+00:00,@FCBInformatiu @jbatalla7 Hamza?,True,FCBInformatiu,2079132857537061152,False,2,0,en,2079156667082518565,0,https://x.com/ScarFace2824/status/2079156667082518565,reply-archive,
2079152122084368828,2026-07-20 10:31:09+00:00,"@gxldeadam No
https://t.co/1v1EoNelHE",True,gxldeadam,2079143543315018018,False,2,0,und,2079152122084368828,0,https://x.com/ScarFace2824/status/2079152122084368828,reply-archive,
2079151749848592466,2026-07-20 10:29:40+00:00,"@ShadowMonarch23 🤞🤞
https://t.co/1v1EoNeTxc",True,ShadowMonarch23,2079151049084948537,False,3,0,qme,2079151749848592466,0,https://x.com/ScarFace2824/status/2079151749848592466,reply-archive,
2079144290031174005,2026-07-20 10:00:02+00:00,@talento20Espano https://t.co/P0gkvVvJh4,True,talento20Espano,2079003317011612135,False,55,0,qme,2079144290031174005,1,https://x.com/ScarFace2824/status/2079144290031174005,reply-archive,
2079140499106005366,2026-07-20 09:44:58+00:00,@andresweiss_ https://t.co/KqPPVegrFC,True,andresweiss_,2079129720940044452,False,228,0,qme,2079140499106005366,1,https://x.com/ScarFace2824/status/2079140499106005366,reply-archive,
2079140423541391371,2026-07-20 09:44:40+00:00,"@ShadowMonarch23 Cagada, como se va a dejar llevar el club por el hype",True,ShadowMonarch23,2079128238690124164,False,0,0,es,2079140423541391371,0,https://x.com/ScarFace2824/status/2079140423541391371,reply-archive,
2079127193926447317,2026-07-20 08:52:06+00:00,@ShadowMonarch23 No se puede ser más tonto,True,ShadowMonarch23,2079125811110543683,False,0,0,es,2079127193926447317,0,https://x.com/ScarFace2824/status/2079127193926447317,reply-archive,
2079119787834110148,2026-07-20 08:22:40+00:00,@BlxckNews Super necesario,True,BlxckNews,2078981985075175499,False,0,0,es,2079119787834110148,0,https://x.com/ScarFace2824/status/2079119787834110148,reply-archive,
2079119727503249551,2026-07-20 08:22:25+00:00,"@ShadowMonarch23 Julian
Asllani
Lukeba
Cancelo",True,ShadowMonarch23,2079116799359197663,False,1,0,in,2079119727503249551,0,https://x.com/ScarFace2824/status/2079119727503249551,reply-archive,
2079103826335068571,2026-07-20 07:19:14+00:00,@Futdonk https://t.co/THVE7MIKey,True,Futdonk,2078976110272839722,False,0,0,qme,2079103826335068571,1,https://x.com/ScarFace2824/status/2079103826335068571,reply-archive,
2079096710975180962,2026-07-20 06:50:58+00:00,"@BlxckNews Y Baena, Unai Simón, Porro, Fabián, De la Fuente, Louzán...",True,BlxckNews,2078977596771971123,False,0,0,es,2079096710975180962,0,https://x.com/ScarFace2824/status/2079096710975180962,reply-archive,
2079095502021230955,2026-07-20 06:46:10+00:00,@BlxckNews Fichar por fichar,True,BlxckNews,2078974393019957250,False,0,0,pt,2079095502021230955,0,https://x.com/ScarFace2824/status/2079095502021230955,reply-archive,
2078894192374210901,2026-07-19 17:26:14+00:00,@ShadowMonarch23 Como Baena con Messi,True,ShadowMonarch23,2078889566531186889,False,0,0,es,2078894192374210901,0,https://x.com/ScarFace2824/status/2078894192374210901,reply-archive,
2078868028297810006,2026-07-19 15:42:16+00:00,"@Kosobets Demasiadas prisas en año de Mundial, ni vacaciones tendrá el pobre Ferran.",True,Kosobets,2078858523983704332,False,0,0,es,2078868028297810006,0,https://x.com/ScarFace2824/status/2078868028297810006,reply-archive,
2078840949031965157,2026-07-19 13:54:39+00:00,@comuflauta Papá estado...,True,comuflauta,2077854366179131690,False,0,0,es,2078840949031965157,0,https://x.com/ScarFace2824/status/2078840949031965157,reply-archive,
2078839660592394280,2026-07-19 13:49:32+00:00,"@ShadowMonarch23 Pues si en un partido necesitas a Baena es este para marcar a Messi, como hizo contra Francia.",True,ShadowMonarch23,2078829569293922613,False,0,0,es,2078839660592394280,0,https://x.com/ScarFace2824/status/2078839660592394280,reply-archive,
2078758055680897452,2026-07-19 08:25:16+00:00,@Mhoni_Hiyst RM Newmann,True,Mhoni_Hiyst,2078581834212921699,False,0,0,en,2078758055680897452,0,https://x.com/ScarFace2824/status/2078758055680897452,reply-archive,
2078754027056304324,2026-07-19 08:09:16+00:00,@ShadowMonarch23 https://t.co/Hhn5MWm5Ux,True,ShadowMonarch23,2078748777175978270,False,1,0,qme,2078754027056304324,0,https://x.com/ScarFace2824/status/2078754027056304324,reply-archive,
2078566924003295649,2026-07-18 19:45:47+00:00,@Kosobets Si su sueño es acabar en el Barça no hay club peor que el ATM para ir.,True,Kosobets,2078542627364807026,False,3,0,es,2078566924003295649,0,https://x.com/ScarFace2824/status/2078566924003295649,reply-archive,
2078520515829055937,2026-07-18 16:41:22+00:00,"@gusfop Asllani
Eric Garcia
Schloterbeck/Lukeba",True,gusfop,2078511056218186224,False,0,0,in,2078520515829055937,0,https://x.com/ScarFace2824/status/2078520515829055937,reply-archive,
2078475297381319074,2026-07-18 13:41:41+00:00,@ShadowMonarch23 https://t.co/HOmZYphhfQ,True,ShadowMonarch23,2078418345557217507,False,0,0,qme,2078475297381319074,0,https://x.com/ScarFace2824/status/2078475297381319074,reply-archive,
2078404719630770454,2026-07-18 09:01:14+00:00,@ShadowMonarch23 Quizás justo porque el Barça no ha contactado con él,True,ShadowMonarch23,2078399408647888957,False,0,0,es,2078404719630770454,0,https://x.com/ScarFace2824/status/2078404719630770454,reply-archive,
2078394907530522770,2026-07-18 08:22:15+00:00,"@sirfcb_ Para mi es lo mismo que con Xavi e Iniesta, por mucho que no se retiraron aquí, siempre serán del Barça.",True,sirfcb_,2078127768194170935,False,1,0,es,2078394907530522770,0,https://x.com/ScarFace2824/status/2078394907530522770,reply-archive,
2078393192727130221,2026-07-18 08:15:26+00:00,@ShadowMonarch23 https://t.co/cdxM4Pn0UC,True,ShadowMonarch23,2078119155392262632,False,0,0,qme,2078393192727130221,0,https://x.com/ScarFace2824/status/2078393192727130221,reply-archive,
2078392830284730624,2026-07-18 08:14:00+00:00,@ShadowMonarch23 https://t.co/cdxM4Pn0UC,True,ShadowMonarch23,2078386521116144053,False,0,0,qme,2078392830284730624,0,https://x.com/ScarFace2824/status/2078392830284730624,reply-archive,
2078155808232153109,2026-07-17 16:32:09+00:00,@trovewho I'd rather put Asllani straight into the starting XI,True,trovewho,2078138373404041713,False,0,0,en,2078155808232153109,0,https://x.com/ScarFace2824/status/2078155808232153109,reply-archive,
2078104808062386649,2026-07-17 13:09:30+00:00,@Observer_fb https://t.co/cdxM4Pn0UC,True,Observer_fb,2078074631995453920,False,0,0,qme,2078104808062386649,0,https://x.com/ScarFace2824/status/2078104808062386649,reply-archive,
2078099703787405477,2026-07-17 12:49:13+00:00,@gutiifcb https://t.co/cdxM4Pn0UC,True,gutiifcb,2078033202040463444,False,0,0,qme,2078099703787405477,0,https://x.com/ScarFace2824/status/2078099703787405477,reply-archive,
2078099383271231556,2026-07-17 12:47:56+00:00,@BlxckNews https://t.co/cdxM4Pn0UC,True,BlxckNews,2078087651521925630,False,0,0,qme,2078099383271231556,0,https://x.com/ScarFace2824/status/2078099383271231556,reply-archive,
2078098812837445817,2026-07-17 12:45:40+00:00,@RiquiSalmon11 https://t.co/cdxM4Pn0UC,True,RiquiSalmon11,2078071724868792750,False,0,0,qme,2078098812837445817,0,https://x.com/ScarFace2824/status/2078098812837445817,reply-archive,
2078098599716536467,2026-07-17 12:44:50+00:00,Lamine puede vivir su evolución “Messi 2.0”. El Atlético corre el riesgo de convertir a Julián en su nuevo caso João Félix. Y la combinación de ambos escenarios podría terminar regalándole al Barça una MSN 2.0: Diomande–Julián–Lamine. https://t.co/aABfaR2ylZ,False,,,False,1,0,es,2078098599716536467,3,https://x.com/ScarFace2824/status/2078098599716536467,standalone-archive,
2078094371149226276,2026-07-17 12:28:01+00:00,"@BlxckNews Con el dinero de Julián, ve a por Diomande. Lamine de falso 9, Asllani si sale Ferran, Gordon y Adeyemi como puñales, y Fermín atacando los espacios. Y cuando Flick se vaya, que el siguiente míster tenga su propia MSN: Diomande-Julián-Lamine. https://t.co/y2JLhuOx87",True,BlxckNews,2078065094815011096,False,2,0,es,2078094371149226276,1,https://x.com/ScarFace2824/status/2078094371149226276,reply-archive,
2078075200780853309,2026-07-17 11:11:51+00:00,@trovewho Cuando valga eso ya no lo podrás sacar de su club.,True,trovewho,2078072889757327861,False,1,0,es,2078075200780853309,0,https://x.com/ScarFace2824/status/2078075200780853309,reply-archive,
2078071127121744040,2026-07-17 10:55:40+00:00,"@_Futbolero_ Diomande y reubicar a Lamine como falso 9. Esto permitiría a Fermín atacar los espacios generados por Lamine y Diomande, complementando el ataque con puñales por la banda izquierda, como Gordon o Adeyemi.",True,_Futbolero_,2078067649372688404,False,0,0,es,2078071127121744040,0,https://x.com/ScarFace2824/status/2078071127121744040,reply-archive,
2078070229540671794,2026-07-17 10:52:06+00:00,@Mhoni_Hiyst What do you think about spending that money on Diomande and playing Lamine as a false 9? Leaving Fermín to attack the spaces left by Lamine and Diomande. Along with speedsters on the left wing like Gordon and Adeyemi.,True,Mhoni_Hiyst,2077895103918596368,False,0,0,en,2078070229540671794,0,https://x.com/ScarFace2824/status/2078070229540671794,reply-archive,
2078070073449709976,2026-07-17 10:51:28+00:00,@trovewho The amount we were prepared to pay for Julian,True,trovewho,2078069337622196640,False,0,0,en,2078070073449709976,0,https://x.com/ScarFace2824/status/2078070073449709976,reply-archive,
2078069583034900526,2026-07-17 10:49:31+00:00,"@GallineroBlau @JoanLaportaFCB Lo que yo haría sería invertir ese dinero en Diomande y reubicar a Lamine como falso 9. Esto permitiría a Fermín atacar los espacios generados por Lamine y Diomande, complementando el ataque con puñales por la banda izquierda, como Gordon o Adeyemi.",True,GallineroBlau,2078063363142148099,False,3,0,es,2078069583034900526,0,https://x.com/ScarFace2824/status/2078069583034900526,reply-archive,
2078068967457825149,2026-07-17 10:47:05+00:00,"@trovewho What do you think about spending that money on Diomande and playing Lamine as a false 9? Leaving Fermín to attack the spaces left by Lamine and Diomande. Along with speedsters on the left wing like Gordon and Adeyemi.""",True,trovewho,2078066438305362322,False,2,0,en,2078068967457825149,0,https://x.com/ScarFace2824/status/2078068967457825149,reply-archive,
2078032641882734746,2026-07-17 08:22:44+00:00,"@Kosobets Siendo Kane imposible, yo esa pasta la ponía en Diomande y llevaba a Lamine al ""falso 9"".",True,Kosobets,2078031422762160635,False,0,0,es,2078032641882734746,0,https://x.com/ScarFace2824/status/2078032641882734746,reply-archive,
2077878228207956207,2026-07-16 22:09:09+00:00,@Mario___RM Imaginate lo que pudimos ver los que vemos los partidos con la tele encendida.,True,Mario___RM,2077828566679437761,False,0,0,es,2077878228207956207,0,https://x.com/ScarFace2824/status/2077878228207956207,reply-archive,
2077760363232121125,2026-07-16 14:20:48+00:00,@BlxckNews Por,True,BlxckNews,2077741661132669272,False,0,0,und,2077760363232121125,0,https://x.com/ScarFace2824/status/2077760363232121125,reply-archive,
2077679572594626579,2026-07-16 08:59:46+00:00,"@BlxckNews No hace falta odiar a España, solo querer que el fútbol le de una décima parte de lo que Messi nos ha dado a los culers.",True,BlxckNews,2077664037798645979,False,3,0,es,2077679572594626579,0,https://x.com/ScarFace2824/status/2077679572594626579,reply-archive,
2077539691784487091,2026-07-15 23:43:55+00:00,@mbafraaude Pero si el relato era que todos eran mejores que los del Barça...,True,mbafraaude,2077412791686762678,False,1,0,es,2077539691784487091,0,https://x.com/ScarFace2824/status/2077539691784487091,reply-archive,
2077484582501278054,2026-07-15 20:04:56+00:00,@Blayasensat Flick teniendo a Eric prime prefirió reconvertir a un lateral solo por aer zurdo,True,Blayasensat,2077480531688583345,False,0,0,es,2077484582501278054,0,https://x.com/ScarFace2824/status/2077484582501278054,reply-archive,
2077484160147443722,2026-07-15 20:03:16+00:00,@BlxckNews Y te olvidas de Gerard Martin y Alvaro Cortés también,True,BlxckNews,2077434875515195771,False,0,0,es,2077484160147443722,0,https://x.com/ScarFace2824/status/2077484160147443722,reply-archive,
2077466810966843867,2026-07-15 18:54:19+00:00,"@ShadowMonarch23 A Lamine se permite que le defiendan con faltas, ya va cogiendo aroma de Messi",True,ShadowMonarch23,2077466207792325116,False,6,0,es,2077466810966843867,0,https://x.com/ScarFace2824/status/2077466810966843867,reply-archive,
2077439192225702085,2026-07-15 17:04:35+00:00,@mohammadiq49116 @Johnsmithgvvqb @trovewho @gerardromero They are talking 15 or less,True,drifter49116,2077436972570661064,False,1,0,en,2077439192225702085,0,https://x.com/ScarFace2824/status/2077439192225702085,reply-archive,
2077434176316289448,2026-07-15 16:44:39+00:00,"@BlxckNews Es el momento de Gavi y Bernal, para que traer a otro? Podemos sobrevivir 6 meses sin De Jong",True,BlxckNews,2077419916823560453,False,1,0,es,2077434176316289448,0,https://x.com/ScarFace2824/status/2077434176316289448,reply-archive,
2077429005578391693,2026-07-15 16:24:06+00:00,@Johnsmithgvvqb @mohammadiq49116 @trovewho @gerardromero said that is much lower than what we expect,True,Johnsmithgvvqb,2077420311633412163,False,1,0,en,2077429005578391693,0,https://x.com/ScarFace2824/status/2077429005578391693,reply-archive,
2077428756755444124,2026-07-15 16:23:07+00:00,"@trovewho We can survive 6 months with Gavi, Pedri, Bernal + Tommy and Espart. Even in an emergency we still have Olmo and Eric who played many matches at that position this season.",True,trovewho,2077366932152684925,False,0,0,en,2077428756755444124,0,https://x.com/ScarFace2824/status/2077428756755444124,reply-archive,
2077412729388744866,2026-07-15 15:19:25+00:00,@trovewho I've heard he actually has a release clause,True,trovewho,2077411907229892728,False,0,0,en,2077412729388744866,0,https://x.com/ScarFace2824/status/2077412729388744866,reply-archive,
2077412246234317228,2026-07-15 15:17:30+00:00,@1899DanielFCB Yo tampoco veo otra opción. A lo mejor nos sorprenden con alguien en que no esté cayendo como han hecho con Gordon y Adeyemi.,True,1899DanielFCB,2077411899247886427,False,1,0,es,2077412246234317228,0,https://x.com/ScarFace2824/status/2077412246234317228,reply-archive,
2077411661405733309,2026-07-15 15:15:11+00:00,@gxldeadam El hype de traer a toda la selección al Barça... Como con Porro y Rodri.,True,gxldeadam,2077407973068988496,False,30,0,es,2077411661405733309,0,https://x.com/ScarFace2824/status/2077411661405733309,reply-archive,
2077411436964233319,2026-07-15 15:14:17+00:00,@1899DanielFCB Se trata del hype de ahora de ver que funciona bien la selección y querer traer a todos como con Porro o Rodri. Por lo menos es zurdo no como el Cuti. Como última alternativa si no te queda margen para otro TOP joven y a un precio adecuado es buena opción. Lo único el bilbado.,True,1899DanielFCB,2077410443409178850,False,1,0,es,2077411436964233319,0,https://x.com/ScarFace2824/status/2077411436964233319,reply-archive,
2077409961903091956,2026-07-15 15:08:25+00:00,@1899DanielFCB Imposible. Con Gerard Martin y Cortés no puede venir de suplente.,True,1899DanielFCB,2077409208325022079,False,2,0,es,2077409961903091956,0,https://x.com/ScarFace2824/status/2077409961903091956,reply-archive,
2077409806436950259,2026-07-15 15:07:48+00:00,@FCBInformatiu @martinezferran Como debe ser,True,FCBInformatiu,2077402508612247773,False,0,0,es,2077409806436950259,0,https://x.com/ScarFace2824/status/2077409806436950259,reply-archive,
2077407060010885460,2026-07-15 14:56:54+00:00,@ShadowMonarch23 Que por lo menos sea zurdo,True,ShadowMonarch23,2077394784042221928,False,0,0,es,2077407060010885460,0,https://x.com/ScarFace2824/status/2077407060010885460,reply-archive,
2077379743972794577,2026-07-15 13:08:21+00:00,@FutSheriff 👨‍🦯,True,FutSheriff,2077374365188939923,False,0,0,qme,2077379743972794577,0,https://x.com/ScarFace2824/status/2077379743972794577,reply-archive,
2077318904087482583,2026-07-15 09:06:36+00:00,@ShadowMonarch23 @IkeerrGSW Y la clausula de Laporte?,True,ShadowMonarch23,2077305672295739688,False,0,0,es,2077318904087482583,0,https://x.com/ScarFace2824/status/2077318904087482583,reply-archive,
2077318729654833507,2026-07-15 09:05:54+00:00,@ShadowMonarch23 Se confirma el miedo que tenía,True,ShadowMonarch23,2077318120247615914,False,0,0,es,2077318729654833507,0,https://x.com/ScarFace2824/status/2077318729654833507,reply-archive,
2077318239973994974,2026-07-15 09:03:57+00:00,@UCulemas No supera ni a Dani Olmo,True,UCulemas,2077155769187770683,False,0,0,es,2077318239973994974,0,https://x.com/ScarFace2824/status/2077318239973994974,reply-archive,
2077285274858451156,2026-07-15 06:52:58+00:00,@trunksRM7 Quizás porque no supera ni a Dani Olmo,True,trunksRM7,2077149214279152098,False,0,0,es,2077285274858451156,0,https://x.com/ScarFace2824/status/2077285274858451156,reply-archive,
2077285095103242324,2026-07-15 06:52:15+00:00,@sir_lucho Todos fuera,True,sir_lucho,2077041563419500730,False,0,0,es,2077285095103242324,0,https://x.com/ScarFace2824/status/2077285095103242324,reply-archive,
2077284640830718363,2026-07-15 06:50:27+00:00,@JaqueMarquez7 Ahora toca Inglaterra,True,JaqueMarquez7,2077151543334215851,False,1,0,es,2077284640830718363,0,https://x.com/ScarFace2824/status/2077284640830718363,reply-archive,
2077284205340307735,2026-07-15 06:48:43+00:00,"@ThierryEnric14 Para que se fueran Araujo y Frenkie, si. Ojo con Araujo en operación Julián. Pero no hace falta hacer la selección en el Barça. Porro acaba de renovar y recordemos que Iñigo llegó gratis, por cuanto saldria Laporte? Otro culebrón con el bilbado? Pereza.",True,ThierryEnric14,2077161260794224800,False,1,0,es,2077284205340307735,0,https://x.com/ScarFace2824/status/2077284205340307735,reply-archive,
2077166892393865429,2026-07-14 23:02:33+00:00,@Somhiseremfcb No,True,Somhiseremfcb,2077166324824838145,False,0,0,und,2077166892393865429,0,https://x.com/ScarFace2824/status/2077166892393865429,reply-archive,
2077150841551700121,2026-07-14 21:58:46+00:00,@Baptistaooo Aún les queda inglaterra,True,Baptistaooo,2077135838991810627,False,0,0,es,2077150841551700121,0,https://x.com/ScarFace2824/status/2077150841551700121,reply-archive,
2077150765706068158,2026-07-14 21:58:28+00:00,@BlxckNews 🇦🇷,True,BlxckNews,2077139537386414195,False,0,0,qme,2077150765706068158,0,https://x.com/ScarFace2824/status/2077150765706068158,reply-archive,
2077146364455039377,2026-07-14 21:40:59+00:00,@JaqueMarquez7 Depende del peso,True,JaqueMarquez7,2077124410704621815,False,0,0,es,2077146364455039377,0,https://x.com/ScarFace2824/status/2077146364455039377,reply-archive,
2077144619364528270,2026-07-14 21:34:03+00:00,"@AxeelFCB Recordemos que Iñigo vino gratis, a saber lo que quieren sablar por Laporte.",True,AxeelFCB,2077137081197859239,False,0,0,es,2077144619364528270,0,https://x.com/ScarFace2824/status/2077144619364528270,reply-archive,
2077141047335870569,2026-07-14 21:19:51+00:00,@Somhiseremfcb Recital. Lo que hubiera sido desde el inicio,True,Somhiseremfcb,2077140793379221777,False,0,0,es,2077141047335870569,0,https://x.com/ScarFace2824/status/2077141047335870569,reply-archive,
2077139380091650097,2026-07-14 21:13:14+00:00,@FutSheriff Pero no era mejor que Lamine?,True,FutSheriff,2077137467304464880,False,0,0,es,2077139380091650097,0,https://x.com/ScarFace2824/status/2077139380091650097,reply-archive,
2077129059918631312,2026-07-14 20:32:13+00:00,@AxeelFCB @victor_nahe Otra vez con el bilbado no por favor,True,AxeelFCB,2077122227443544290,False,3,0,es,2077129059918631312,0,https://x.com/ScarFace2824/status/2077129059918631312,reply-archive,
2077128922743845161,2026-07-14 20:31:41+00:00,@DiegoDav07 Luego hay que oir que es mejor que Lamine,True,DiegoDav07,2077128371931328900,False,1,0,es,2077128922743845161,0,https://x.com/ScarFace2824/status/2077128922743845161,reply-archive,
2077127823601406057,2026-07-14 20:27:18+00:00,@Somhiseremfcb Y que bien sube,True,Somhiseremfcb,2077126276838510639,False,0,0,es,2077127823601406057,0,https://x.com/ScarFace2824/status/2077127823601406057,reply-archive,
2077127766621761658,2026-07-14 20:27:05+00:00,@Somhiseremfcb Que bien ha subido el...,True,Somhiseremfcb,2077126081069424855,False,0,0,es,2077127766621761658,0,https://x.com/ScarFace2824/status/2077127766621761658,reply-archive,
2077127721092538566,2026-07-14 20:26:54+00:00,@andresweiss_ Que bien ha subido el Porro,True,andresweiss_,2077126068352241717,False,1,0,es,2077127721092538566,0,https://x.com/ScarFace2824/status/2077127721092538566,reply-archive,
2077125300068946198,2026-07-14 20:17:17+00:00,"@sirfcb_ Yo pensando que era el Cholo que desaprovechaba a Baena, pero no, es que es malo con ganas.",True,sirfcb_,2077120981676503395,False,0,0,es,2077125300068946198,0,https://x.com/ScarFace2824/status/2077125300068946198,reply-archive,
2077124280790192618,2026-07-14 20:13:14+00:00,@Blayasensat Que Lamine reciba como el más adelantado y que nunca tenga a nadie a quien filtrar para poner en ventaja por delante es criminal,True,Blayasensat,2077119164779495866,False,0,0,es,2077124280790192618,0,https://x.com/ScarFace2824/status/2077124280790192618,reply-archive,
2077119051176800613,2026-07-14 19:52:27+00:00,@UNIVERSO_1899 Se tiene que confirmar?,True,UNIVERSO_1899,2077029893708140712,False,0,0,es,2077119051176800613,0,https://x.com/ScarFace2824/status/2077119051176800613,reply-archive,
2077116944981921913,2026-07-14 19:44:05+00:00,"@DiegoDav07 Pedri lo marca, Fabián no usa la diestra ni para subir al bus",True,DiegoDav07,2077116432907985188,False,1,0,es,2077116944981921913,0,https://x.com/ScarFace2824/status/2077116944981921913,reply-archive,
2077114693273969149,2026-07-14 19:35:08+00:00,@TheMavericK_YT Raphinha ha hecho lo mismo,True,TheMavericK_YT,2077027969755717903,False,0,0,es,2077114693273969149,0,https://x.com/ScarFace2824/status/2077114693273969149,reply-archive,
2077111197602549803,2026-07-14 19:21:15+00:00,@TheMavericK_YT Pero con Pedri se le manda al banquillo,True,TheMavericK_YT,2077107539003465915,False,0,0,es,2077111197602549803,0,https://x.com/ScarFace2824/status/2077111197602549803,reply-archive,
2077107539716538541,2026-07-14 19:06:42+00:00,@AxeelFCB @FabrizioRomano No lo entiendo,True,AxeelFCB,2077097613254398263,False,0,0,es,2077107539716538541,0,https://x.com/ScarFace2824/status/2077107539716538541,reply-archive,
2077107368244940984,2026-07-14 19:06:02+00:00,@ShadowMonarch23 A Baena perdiendo cada balón que toca le dirás algo?,True,ShadowMonarch23,2077081233826168930,False,0,0,es,2077107368244940984,0,https://x.com/ScarFace2824/status/2077107368244940984,reply-archive,
2077106028919853425,2026-07-14 19:00:42+00:00,"@sirfcb_ Es diestro, Flick ya ha dejado claro que quiere a un zurdo. Sino hubiera puesto a Eric en su prime y no hubiera tenido la paciencia de convertir a Gerard a central.",True,sirfcb_,2077104626709438783,False,1,0,es,2077106028919853425,0,https://x.com/ScarFace2824/status/2077106028919853425,reply-archive,
2077103701211206020,2026-07-14 18:51:27+00:00,@Somhiseremfcb @FabrizioRomano No entiendo el interés,True,Somhiseremfcb,2077101670392025576,False,0,0,es,2077103701211206020,0,https://x.com/ScarFace2824/status/2077103701211206020,reply-archive,
2077100841769562333,2026-07-14 18:40:06+00:00,@Blayasensat @norival1805 3 partidos...,True,Blayasensat,2077085534699110874,False,0,0,es,2077100841769562333,0,https://x.com/ScarFace2824/status/2077100841769562333,reply-archive,
2077091537641505063,2026-07-14 18:03:07+00:00,@Somhiseremfcb Ni una salida bien,True,Somhiseremfcb,2077091010799140997,False,1,0,es,2077091537641505063,0,https://x.com/ScarFace2824/status/2077091537641505063,reply-archive,
2077086184237396139,2026-07-14 17:41:51+00:00,@ZigaZagaFCB 4*,True,ZigaZagaFCB,2077079235630391335,False,0,0,und,2077086184237396139,0,https://x.com/ScarFace2824/status/2077086184237396139,reply-archive,
2077084314135580694,2026-07-14 17:34:25+00:00,"@ShadowMonarch23 Por esa regla de 3 Oyarzabal no debe jugar por perdonar 1 gol cantado en el minuto 1. Cucurella por romper el fuera de juego. Rodri también ha perdido balones... Pero ahora el foco está en Pedri, la moda. El único capaz de mantener la posesión frente a Francia.",True,ShadowMonarch23,2077081233826168930,False,2,0,es,2077084314135580694,0,https://x.com/ScarFace2824/status/2077084314135580694,reply-archive,
2077083734386311251,2026-07-14 17:32:07+00:00,"@UCulemas Él, Raphinha, Araujo y Ter Stegen. Los peores capitanes y los que más cobran.",True,UCulemas,2077061202060988483,False,0,0,es,2077083734386311251,0,https://x.com/ScarFace2824/status/2077083734386311251,reply-archive,
2077083542434074876,2026-07-14 17:31:21+00:00,"@GxlToniFdz 100% y aún teniendo todo eso, aún te queda Olmo y Eric como ya se ha hecho toda esta temporada.",True,GxlToniFdz,2077060154135134712,False,0,0,es,2077083542434074876,0,https://x.com/ScarFace2824/status/2077083542434074876,reply-archive,
2077083383276961884,2026-07-14 17:30:43+00:00,@ShadowMonarch23 Y Rodri no? Y Cucurella rompiendo el fuera de juego? Y Oyarzabal fallando un gol cantado en el minuto uno?,True,ShadowMonarch23,2077081861654769827,False,3,0,es,2077083383276961884,0,https://x.com/ScarFace2824/status/2077083383276961884,reply-archive,
2077080964224663927,2026-07-14 17:21:06+00:00,"@10InfoBlaugrana Porque la inflación solo afecta al café... 

https://t.co/6ymXBzZICI",True,10InfoBlaugrana,2077075657570607126,False,1,0,es,2077080964224663927,0,https://x.com/ScarFace2824/status/2077080964224663927,reply-archive,
2077080003204825529,2026-07-14 17:17:17+00:00,"@ShadowMonarch23 Lo vemos todos, pero lo que no se ve es que la única manera de ganarle a esta Francia es quitarle el balón y es solo pasa con Pedri. Por eso pienso que es mejor jugartela a tener un mal Pedri pero tener la oportunidad de que te haga un buen partido que poner a Fabián.",True,ShadowMonarch23,2077079242609692918,False,2,0,es,2077080003204825529,0,https://x.com/ScarFace2824/status/2077080003204825529,reply-archive,
2077078635350024629,2026-07-14 17:11:51+00:00,"@IndioyLeon @AxeelFCB Tranqui, que 100 + Ferran es demasiado. Ferran + 70 max. Tu estrella suplica en público salir del club. Ese es el nivel.",True,IndioyLeon,2077077864952811923,False,1,0,es,2077078635350024629,0,https://x.com/ScarFace2824/status/2077078635350024629,reply-archive,
2077076943233544647,2026-07-14 17:05:08+00:00,@ShadowMonarch23 Miedo me da,True,ShadowMonarch23,2077076665574789407,False,1,0,es,2077076943233544647,0,https://x.com/ScarFace2824/status/2077076943233544647,reply-archive,
2077076714367111536,2026-07-14 17:04:13+00:00,"@trovewho No hace falta Remiro, que se quede Yaako y listo.",True,trovewho,2076972452257858009,False,0,0,es,2077076714367111536,0,https://x.com/ScarFace2824/status/2077076714367111536,reply-archive,
2077076513707491449,2026-07-14 17:03:25+00:00,@AxeelFCB Ferran + 100 es demasiado. 70 y ya me parece mucho,True,AxeelFCB,2077065474001547742,False,0,0,es,2077076513707491449,0,https://x.com/ScarFace2824/status/2077076513707491449,reply-archive,
2077076393901310204,2026-07-14 17:02:57+00:00,@IndioyLeon @AxeelFCB Barcola ni sabe lo que es Atletico de Madrid,True,IndioyLeon,2077073726848262468,False,1,0,es,2077076393901310204,0,https://x.com/ScarFace2824/status/2077076393901310204,reply-archive,
2077063027841499355,2026-07-14 16:09:50+00:00,@ShadowMonarch23 Y los que más cobran...,True,ShadowMonarch23,2077061913700130864,False,0,0,es,2077063027841499355,0,https://x.com/ScarFace2824/status/2077063027841499355,reply-archive,
2077061668094312939,2026-07-14 16:04:26+00:00,"@RevenRV Como el resto de capitanes, Ter Stegen, Araujo y Raphinha",True,RevenRV,2077030708816617762,False,0,0,es,2077061668094312939,0,https://x.com/ScarFace2824/status/2077061668094312939,reply-archive,
2077061502352101723,2026-07-14 16:03:46+00:00,@ShadowMonarch23 Zzz,True,ShadowMonarch23,2077061206657929640,False,0,0,und,2077061502352101723,0,https://x.com/ScarFace2824/status/2077061502352101723,reply-archive,
2077058545715978340,2026-07-14 15:52:01+00:00,@GxlDePaulinho 4,True,GxlDePaulinho,2077052012202430731,False,0,0,und,2077058545715978340,0,https://x.com/ScarFace2824/status/2077058545715978340,reply-archive,
2077057086110732362,2026-07-14 15:46:13+00:00,"@RodriATM__ Cuando salga suplicando salir, empezamos a hablar.",True,RodriATM__,2076990536729157725,False,0,0,es,2077057086110732362,0,https://x.com/ScarFace2824/status/2077057086110732362,reply-archive,
2077056143554138317,2026-07-14 15:42:29+00:00,@trovewho Olmo is not on that table,True,trovewho,2077033315077632312,False,0,0,en,2077056143554138317,0,https://x.com/ScarFace2824/status/2077056143554138317,reply-archive,
2077050352050778216,2026-07-14 15:19:28+00:00,"@TheMavericK_YT Lo mismo con Raphinha, vaya capitanes. Araujo, Ter Stegen, De Jong. Hay que sacarlos del Barça.",True,TheMavericK_YT,2077040394315989403,False,0,0,es,2077050352050778216,0,https://x.com/ScarFace2824/status/2077050352050778216,reply-archive,
2077050122542735844,2026-07-14 15:18:33+00:00,@BarcelonaValor No hace falta este año. Esperate uno y te sale a mitad de precio.,True,BarcelonaValor,2077028740639412578,False,0,0,es,2077050122542735844,0,https://x.com/ScarFace2824/status/2077050122542735844,reply-archive,
2077049990187229452,2026-07-14 15:18:02+00:00,@ShadowMonarch23 Diomande &gt; Kane &gt; Kroupi,True,ShadowMonarch23,2077047913411133802,False,1,0,und,2077049990187229452,0,https://x.com/ScarFace2824/status/2077049990187229452,reply-archive,
2077047266469159199,2026-07-14 15:07:12+00:00,"@1899DanielFCB Vale, pero es rotación de la rotación. Para eso vas a gastar en un fichaje cuando hay otros por hacer?",True,1899DanielFCB,2077045392227586528,False,2,0,es,2077047266469159199,0,https://x.com/ScarFace2824/status/2077047266469159199,reply-archive,
2077045059828985917,2026-07-14 14:58:26+00:00,@BlxckNews Exacto oportunidades para la cantera. Ojo que Frenkie se encuentre sin sitio cuando vuelva porque como se afiancen Gavi o Bernal junta a Pedri no hay quien los quite. Por eso FDJ y Raphinha eran ventas claras.,True,BlxckNews,2077038405460893730,False,0,0,es,2077045059828985917,0,https://x.com/ScarFace2824/status/2077045059828985917,reply-archive,
2077044644538450127,2026-07-14 14:56:47+00:00,@1899DanielFCB + Espart y Tommy. También recordemos que la temporada pasado ha jugado muchos partidos ahí Olmo y no nos ha ido tan mal.,True,1899DanielFCB,2077043251782037719,False,2,0,es,2077044644538450127,0,https://x.com/ScarFace2824/status/2077044644538450127,reply-archive,
2077043091337359631,2026-07-14 14:50:37+00:00,@1899DanielFCB No hace falta nadie. Kees Smit te esperas un año y lo sacas a buen precio porque le faltará solo uno de contrato.,True,1899DanielFCB,2077040333196525955,False,3,0,es,2077043091337359631,0,https://x.com/ScarFace2824/status/2077043091337359631,reply-archive,
2077038441716445315,2026-07-14 14:32:08+00:00,"@ShadowMonarch23 Kees Smit sin duda, pero esperaria un año porque le faltará uno solo de contrato y él puede esperar si le prometes que acabará en el Barça.",True,ShadowMonarch23,2077033937960939840,False,4,0,es,2077038441716445315,0,https://x.com/ScarFace2824/status/2077038441716445315,reply-archive,
2077029816298017168,2026-07-14 13:57:52+00:00,@Mancuer91 No se podía prever,True,Mancuer91,2077024716632522820,False,0,0,es,2077029816298017168,0,https://x.com/ScarFace2824/status/2077029816298017168,reply-archive,
2077024559157412292,2026-07-14 13:36:58+00:00,@Somhiseremfcb @marca Fuera ya! Como Raphinha,True,Somhiseremfcb,2077023615761920159,False,1,0,es,2077024559157412292,0,https://x.com/ScarFace2824/status/2077024559157412292,reply-archive,
2077024430614626565,2026-07-14 13:36:28+00:00,@RiquiSalmon11 Ni de lejos,True,RiquiSalmon11,2077023557096206677,False,0,0,es,2077024430614626565,0,https://x.com/ScarFace2824/status/2077024430614626565,reply-archive,
2077023120997642334,2026-07-14 13:31:15+00:00,@Somhiseremfcb @MatteMoretto Venta clara como Raphinha.,True,Somhiseremfcb,2077022999253807558,False,10,0,pt,2077023120997642334,0,https://x.com/ScarFace2824/status/2077023120997642334,reply-archive,
2077011745323860127,2026-07-14 12:46:03+00:00,@comuflauta @SrIbericoo Ahora al anuncio de la loteria de la navidad no le dirás nada. Como lo hace tu papá el estado...,True,comuflauta,2076739177664655607,False,1,0,es,2077011745323860127,0,https://x.com/ScarFace2824/status/2077011745323860127,reply-archive,
2077010623569805635,2026-07-14 12:41:36+00:00,@Jacksonsrule Lo que diría un niño de 6 años,True,Jacksonsrule,2076686704925384971,False,0,0,es,2077010623569805635,0,https://x.com/ScarFace2824/status/2077010623569805635,reply-archive,
2077009290657722516,2026-07-14 12:36:18+00:00,@gxldeadam Con 19 años,True,gxldeadam,2076997225943556433,False,0,0,es,2077009290657722516,0,https://x.com/ScarFace2824/status/2077009290657722516,reply-archive,
2077009182641754621,2026-07-14 12:35:52+00:00,"@Kosobets Buena notícia, para que Asllani acabe en el Barça y para que el propio Tresoldi no vaya al ATM.",True,Kosobets,2077005973684707499,False,4,0,es,2077009182641754621,0,https://x.com/ScarFace2824/status/2077009182641754621,reply-archive,
2076976465258651872,2026-07-14 10:25:52+00:00,@Kosobets Aguantaaa!,True,Kosobets,2076975955948560648,False,1,0,es,2076976465258651872,0,https://x.com/ScarFace2824/status/2076976465258651872,reply-archive,
2076974775780434325,2026-07-14 10:19:09+00:00,@Planeta_Wrest Pueden quitar al inútil de Triple H y poner al putísimo Undertaker,True,Planeta_Wrest,2076566320263450750,False,0,0,es,2076974775780434325,0,https://x.com/ScarFace2824/status/2076974775780434325,reply-archive,
2076946656927383569,2026-07-14 08:27:25+00:00,"RT @ScarFace2824: El 9 del Barça no puede limitarse a esperar el remate: debe participar, dar continuidad, mejorar cada jugada y potenciar…",False,,,True,0,0,es,2076946656927383569,0,https://x.com/ScarFace2824/status/2076946656927383569,retweet-archive,
2076924154066940317,2026-07-14 06:58:00+00:00,@__ElBicho7 Que poco os gusta el futbol,True,__ElBicho7,2076755080988999846,False,0,0,es,2076924154066940317,0,https://x.com/ScarFace2824/status/2076924154066940317,reply-archive,
2076918172574175701,2026-07-14 06:34:14+00:00,"@ShadowMonarch23 Como se la va a jugar todo con 19 años, cuando otros ni han o habían empezado su carrera a esa edad?",True,ShadowMonarch23,2076875730571469227,False,2,0,es,2076918172574175701,0,https://x.com/ScarFace2824/status/2076918172574175701,reply-archive,
2076815269171810758,2026-07-13 23:45:20+00:00,@ZoK3R Por eso es importante ver fútbol. Si lo que importa es el resultado id a ver ajedrez y sed fan de Magnus. Ibra es el espectáculo hecho futbolista.,True,ZoK3R,2076715997994643845,False,0,0,es,2076815269171810758,0,https://x.com/ScarFace2824/status/2076815269171810758,reply-archive,
2076813943578787856,2026-07-13 23:40:04+00:00,"@trovewho El Barça de Flick es atacado sobretodo en transición por eso es más importante un corrector con velocidad, capaz de defender fuera de zona y con 60 metros a su espalda, más que un perfil defensor del area o de centros como podría ser Vuskovic que brilla en bloque bajo.",True,trovewho,2076739346099835168,False,0,0,es,2076813943578787856,0,https://x.com/ScarFace2824/status/2076813943578787856,reply-archive,
2076808072748564540,2026-07-13 23:16:44+00:00,"@elitelliZN Que poco memoria, lo que hacen 3 partidos del mundial. Sin Eric, sin Pedri, sin Fermín...",True,elitelliZN,2076804072372376003,False,52,0,es,2076808072748564540,0,https://x.com/ScarFace2824/status/2076808072748564540,reply-archive,
2076774102971383941,2026-07-13 21:01:45+00:00,@JijantesFC @eumd https://t.co/Hhn5MWly4Z,True,JijantesFC,2076626362140361121,False,0,0,qme,2076774102971383941,0,https://x.com/ScarFace2824/status/2076774102971383941,reply-archive,
2076759635093029006,2026-07-13 20:04:15+00:00,@RevenRV Piensa que estaba tomando el sol con Llorente y compañía.,True,RevenRV,2076420328251588763,False,2,1,es,2076759635093029006,0,https://x.com/ScarFace2824/status/2076759635093029006,reply-archive,
2076757388560937375,2026-07-13 19:55:20+00:00,"@GallineroBlau Para coleccionar cromos? Ya tenemos el mediocampo cubierto y hay que ir planificando como iremos subiendo a Orian Goren, Pedro Rodríguez, Ebrima, Juan H...",True,GallineroBlau,2076727789978329193,False,3,0,es,2076757388560937375,0,https://x.com/ScarFace2824/status/2076757388560937375,reply-archive,
2076756284095738361,2026-07-13 19:50:57+00:00,@LaNuevaEraFCB_ Tanto él como Musiala acaban contrato en el 2030. Del alemán es sonado que su sueño es jugar en el Barça pero de Yildiz no tenía esa información. Habrá que ver cuando se acerque el momento quien está mejor y más predispuesto.,True,LaNuevaEraFCB_,2076652867830612342,False,0,0,es,2076756284095738361,0,https://x.com/ScarFace2824/status/2076756284095738361,reply-archive,
2076755110936354987,2026-07-13 19:46:17+00:00,@Somhiseremfcb Porque tanto marrón?,True,Somhiseremfcb,2076753662047617332,False,1,0,es,2076755110936354987,0,https://x.com/ScarFace2824/status/2076755110936354987,reply-archive,
2095554040151076900,2026-09-03 16:46:31+00:00,"@SzoboszlaiEnjoy @ShadowMonarch23 Lamine es el mejor jugador del mundo y es a lo que se le debería dar el balón de oro
Si quieres darlo a temporada Kane pero es año de mundial
Cuba tiene mundial y rendimiento con el club lo que Rodri no tiene
Highlights verás tú para ver algo de calidad
Yo veo 90 minutos cada 3d",True,SzoboszlaiEnjoy,2095552653908480252,False,2,0,es,2095554040151076900,0,https://x.com/ScarFace2824/status/2095554040151076900,reply-archive,
2095514221609885881,2026-09-03 14:08:17+00:00,"@UCulemas @EndaraLazarte @FCBarcelona El lateral derecho actúa como tercer central, no puedes mandar ahí a Cancelo.",True,UCulemas,2095482590744465662,False,1,0,es,2095514221609885881,0,https://x.com/ScarFace2824/status/2095514221609885881,reply-archive,
2095514101426340027,2026-09-03 14:07:49+00:00,@UCulemas @FCBarcelona Dimarco + Cancelo + Espart y estando por ahí Pesquer? Como encaja todo? Ya sabemos que el lateral derecho actúa como tercer central. Sigue siendo prioritario salida de Koundé y llegada de un Pubill y que se reparta los minutos con Cuba y Eric.,True,UCulemas,2095453527581540629,False,0,0,es,2095514101426340027,0,https://x.com/ScarFace2824/status/2095514101426340027,reply-archive,
2095481602071572852,2026-09-03 11:58:40+00:00,"@ShadowMonarch23 Pudiendo estar de acuerdo, esa decisión sigue sumando incertidumbre a los criterios para escoger ganador. Ahora en año de mundial el mundial no cuenta no es decisivo cuando siempre lo ha sido? Hacen lo que quieren. Mientras esté entre Kane, Cubarsí, Lamine, todo bien.",True,ShadowMonarch23,2095480533211849096,False,3,0,es,2095481602071572852,0,https://x.com/ScarFace2824/status/2095481602071572852,reply-archive,
2095479684578398311,2026-09-03 11:51:03+00:00,@ShadowMonarch23 Argumento pobre,True,ShadowMonarch23,2095479425693286697,False,1,0,es,2095479684578398311,0,https://x.com/ScarFace2824/status/2095479684578398311,reply-archive,
2095456803001659745,2026-09-03 10:20:08+00:00,"@1899DanielFCB Dimarco gratis, lo que hace falta es un suplente de Eric y Cuba. Con lo que sacas de Koundé, clausulas a Pubill.",True,1899DanielFCB,2095448505544220999,False,2,0,es,2095456803001659745,0,https://x.com/ScarFace2824/status/2095456803001659745,reply-archive,
2095218041437188271,2026-09-02 18:31:23+00:00,"@Padremany1 @dembele7_ Hahaha te ha dado con Casadó.
Llevas todo el día con lo mismo. No tiene porque estar reñido pensar que el club debe tratar mejor a sus canteranos cuando la Masía es lo que nos hace ser como somos, con pensar que si ni los culers ayudan al Barça porque lo iban a hacer los de fuera",True,Padremany1,2095216641487352288,False,1,0,es,2095218041437188271,0,https://x.com/ScarFace2824/status/2095218041437188271,reply-archive,
2095196460191031709,2026-09-02 17:05:37+00:00,"@dembelismo99_ Laterales
Suplente de Cuba
Central zurdo
9",True,dembelismo99_,2095185938737438981,False,0,0,es,2095196460191031709,0,https://x.com/ScarFace2824/status/2095196460191031709,reply-archive,
2095142597417169233,2026-09-02 13:31:35+00:00,@patriotacule Entiendo que es por la sobrada de lo del dorsal,True,patriotacule,2095141967025877135,False,1,0,es,2095142597417169233,0,https://x.com/ScarFace2824/status/2095142597417169233,reply-archive,
2095137268860072402,2026-09-02 13:10:25+00:00,@patriotacule Cuando es el jugador que se quiere ir el club le pide que busque una oferta que le satisfaga al vendedor. Pero en este caso es el club quien quiere vender y no ha encontrado un club que le parezca bien a ambas partes.,True,patriotacule,2095115766236422284,False,2,0,es,2095137268860072402,0,https://x.com/ScarFace2824/status/2095137268860072402,reply-archive,
2095133077051723876,2026-09-02 12:53:45+00:00,"@Padremany1 Este era el guión y les dabamos la rivalidad que se quieren invertar artificialmente. Menos Tresoldi, que me hubiera gustado en lugar de GJ o por lo menos Woltemade cedido, aún se puede hacer. https://t.co/x9t89zwNr8",True,Padremany1,2095131356942491955,False,2,0,es,2095133077051723876,1,https://x.com/ScarFace2824/status/2095133077051723876,reply-archive,
2095127329949290711,2026-09-02 12:30:55+00:00,@_Edeb @DiegoDav07 Y como vamos a fichar dentro con la que nos lian. A parte entre equipos premier hay mucho movimiento por reglas de jugadores que se hayan formado en clubes nacionales. Jugadores que están muy valorados por eso la operación de Gordon tiene mucho merito.,True,_Edeb,2095124894639968622,False,0,0,es,2095127329949290711,0,https://x.com/ScarFace2824/status/2095127329949290711,reply-archive,
2095122380494459138,2026-09-02 12:11:15+00:00,"@IntheghettoX10 @Padremany1 Si él no ha cerrado las puertas a salir, no han llegado ofertas que satisfagan tanto a club como a jugador. A un chaval de la cantera que nunca ha puesto mala cara pese a no jugar y que nos dio el rendimiento cuando le necesitabamos, sobraba quitarle el dorsal",True,IntheghettoX10,2095121357314912266,False,0,0,es,2095122380494459138,0,https://x.com/ScarFace2824/status/2095122380494459138,reply-archive,
2095119720059920820,2026-09-02 12:00:41+00:00,@Padremany1 Si quieres dice que le parece bien que le hayan quitado el dorsal,True,Padremany1,2095118579775484000,False,16,0,es,2095119720059920820,0,https://x.com/ScarFace2824/status/2095119720059920820,reply-archive,
2095082926647972179,2026-09-02 09:34:29+00:00,"@DiegoDav07 Cuando sale un distinto no hay que escogerlo, es él el que tira la puerta abajo.",True,DiegoDav07,2095049477539209377,False,0,0,es,2095082926647972179,0,https://x.com/ScarFace2824/status/2095082926647972179,reply-archive,
2095045346619502673,2026-09-02 07:05:09+00:00,"@DiegoDav07 Será que el precio que te cobra movistar por no está inflado. Hay que exigir mejores estrategias para conseguir más dinero por derechos y volver a ser lo que fue. Y quitar fair play, ya sabrá cada club que hace, que se suponia que era para protegerlos y están peor que nunca.",True,DiegoDav07,2095043855569522880,False,0,0,es,2095045346619502673,0,https://x.com/ScarFace2824/status/2095045346619502673,reply-archive,
2095044334269682071,2026-09-02 07:01:07+00:00,"@Reysimeonecholo Ya sabes que se tendria que haber hecho, no? 
Ahora vienen los lloros. 
Ya lo dijimos, vosotros sabreis que haceis con un tio por el que os daban 100M en el banquillo.",True,Reysimeonecholo,2094912491893436810,False,2,0,es,2095044334269682071,0,https://x.com/ScarFace2824/status/2095044334269682071,reply-archive,
2095043689802346541,2026-09-02 06:58:34+00:00,@shidokageno Necesitas? A quien quitas? A Lamine? A Gordon? A Raphinha?,True,shidokageno,2094734263165825108,False,0,0,es,2095043689802346541,0,https://x.com/ScarFace2824/status/2095043689802346541,reply-archive,
2095043028788367492,2026-09-02 06:55:56+00:00,@gorkaerviti Para querer esto para uno di noi hay que ser peor que los pateticos con Julián,True,gorkaerviti,2095009937118109986,False,0,0,es,2095043028788367492,0,https://x.com/ScarFace2824/status/2095043028788367492,reply-archive,
2095042394404126971,2026-09-02 06:53:25+00:00,@ShadowMonarch23 Libre?,True,ShadowMonarch23,2094912232354185611,False,0,0,en,2095042394404126971,0,https://x.com/ScarFace2824/status/2095042394404126971,reply-archive,
2076746114766614910,2026-07-13 19:10:32+00:00,"@GallineroBlau Con clausula y Asllani deseando venir, no hay prisa, solo la nuestra para verlo ya de blaugrana. Ferran ya sabe que jugara poco y que no le pagarán lo que quiere. Solo falta negociar con el PSG por cuánto ha de salir.",True,GallineroBlau,2076731425768747152,False,0,0,es,2076746114766614910,0,https://x.com/ScarFace2824/status/2076746114766614910,reply-archive,
2076740913661927668,2026-07-13 18:49:52+00:00,@Somhiseremfcb https://t.co/Hhn5MWly4Z https://t.co/0l6n7ypY65,True,Somhiseremfcb,2076740291059388524,False,4,0,qme,2076740913661927668,1,https://x.com/ScarFace2824/status/2076740913661927668,reply-archive,
2076737572722684364,2026-07-13 18:36:35+00:00,"@1899DanielFCB Este año ha sido Eric pero si sale Koundé y Eric va a lateral hay que tener a alguien como suplente de Cubarsí, yo no confiaria una temporada entera con Christensen y Araujo. Se resfria alguien en defensa y me da una taquicardia",True,1899DanielFCB,2076733247866781909,False,7,0,es,2076737572722684364,0,https://x.com/ScarFace2824/status/2076737572722684364,reply-archive,
2076732436126277887,2026-07-13 18:16:11+00:00,@1899DanielFCB Un lateral antes que un suplente de Cuba en condiciones y Eric al lateral?,True,1899DanielFCB,2076724674717770167,False,1,0,es,2076732436126277887,0,https://x.com/ScarFace2824/status/2076732436126277887,reply-archive,
2076723689698001029,2026-07-13 17:41:25+00:00,@1899DanielFCB Cuales serian las salidas?,True,1899DanielFCB,2076723173467259032,False,3,0,es,2076723689698001029,0,https://x.com/ScarFace2824/status/2076723689698001029,reply-archive,
2076722261378105627,2026-07-13 17:35:45+00:00,@ShadowMonarch23 Pues a demostrar que es verdad y denuncia,True,ShadowMonarch23,2076721337737822706,False,2,0,es,2076722261378105627,0,https://x.com/ScarFace2824/status/2076722261378105627,reply-archive,
2076721803427217460,2026-07-13 17:33:56+00:00,@ShadowMonarch23 Al psg por 20M,True,ShadowMonarch23,2076721337737822706,False,0,0,in,2076721803427217460,0,https://x.com/ScarFace2824/status/2076721803427217460,reply-archive,
2076720855766151527,2026-07-13 17:30:10+00:00,@Somhiseremfcb Esperando a que los madridistas vengan a dudar de su edad...,True,Somhiseremfcb,2076720330211484101,False,91,0,es,2076720855766151527,0,https://x.com/ScarFace2824/status/2076720855766151527,reply-archive,
2076720731187036652,2026-07-13 17:29:40+00:00,@FCBInformatiu ¿Como que hermonito?!,True,FCBInformatiu,2076720204772438452,False,0,0,es,2076720731187036652,0,https://x.com/ScarFace2824/status/2076720731187036652,reply-archive,
2076711340345827398,2026-07-13 16:52:21+00:00,@ShadowMonarch23 Cuidado con jugarsela con este,True,ShadowMonarch23,2076708057556333020,False,4,0,es,2076711340345827398,0,https://x.com/ScarFace2824/status/2076711340345827398,reply-archive,
2076705289701642683,2026-07-13 16:28:19+00:00,@ShadowMonarch23 8'5,True,ShadowMonarch23,2076704702914293925,False,1,0,und,2076705289701642683,0,https://x.com/ScarFace2824/status/2076705289701642683,reply-archive,
2076699975501684749,2026-07-13 16:07:12+00:00,"@carpetasFCB @QueThiJugues A entrenar con el filial, así me gusta, a ver si ahí da el nivel.",True,carpetasFCB,2076659318124904546,False,4,0,es,2076699975501684749,0,https://x.com/ScarFace2824/status/2076699975501684749,reply-archive,
2076684860836511809,2026-07-13 15:07:08+00:00,"@ZigaZagaFCB Raro lo de Jofre, poca confianza y a ver que pasa con Koundé porque en el lateral derecho hay que sumarle al francés a Eric + Fort + Espart",True,ZigaZagaFCB,2076647235056550231,False,2,0,es,2076684860836511809,0,https://x.com/ScarFace2824/status/2076684860836511809,reply-archive,
2076684251374796871,2026-07-13 15:04:43+00:00,@KilianAlba Hay que quedarse con Yaako y que siga el fumador no es ningún problema. https://t.co/kXZhLgg0SW,True,KilianAlba,2076564856883261525,False,1,0,es,2076684251374796871,1,https://x.com/ScarFace2824/status/2076684251374796871,reply-archive,
2076683742182047894,2026-07-13 15:02:41+00:00,@10InfoBlaugrana Faltan 2 A. 🇦🇷🇽🇰 https://t.co/2nesIg36It,True,10InfoBlaugrana,2076350878273966431,False,1,0,es,2076683742182047894,1,https://x.com/ScarFace2824/status/2076683742182047894,reply-archive,
2076678539261186138,2026-07-13 14:42:01+00:00,@_Edeb @FabrizioRomano @FCBarcelona Si se busca un central zurdo titular nos estamos quedando sin opciones que den un paso adelante a Gerard. Puede pasar que encuentren una opción de mercado como con Adeyemi pero todos los fichajes no pueden ser sorpresas.,True,_Edeb,2076673336579330292,False,0,0,es,2076678539261186138,0,https://x.com/ScarFace2824/status/2076678539261186138,reply-archive,
2076671672954896401,2026-07-13 14:14:44+00:00,"@BlxckNews Cuando en 6 años se junten Lamine, Ebrima y David Moreno... 🔥🔥",True,BlxckNews,2076657298601070717,False,5,0,es,2076671672954896401,0,https://x.com/ScarFace2824/status/2076671672954896401,reply-archive,
2076666191880262046,2026-07-13 13:52:57+00:00,@DjMaRiiO Creo que se nos olvida algo... 🧐🤔,True,DjMaRiiO,2076647374957518975,False,0,0,es,2076666191880262046,0,https://x.com/ScarFace2824/status/2076666191880262046,reply-archive,
2076665915664421204,2026-07-13 13:51:51+00:00,"@AxeelFCB A falta de las salidas correctas, mercado perfecto.",True,AxeelFCB,2076648268994343304,False,0,0,es,2076665915664421204,0,https://x.com/ScarFace2824/status/2076665915664421204,reply-archive,
2076665627574440186,2026-07-13 13:50:42+00:00,@SoldadoCule_ Cuando se enteren que tiene 16...,True,SoldadoCule_,2076631357548089787,False,3,0,es,2076665627574440186,0,https://x.com/ScarFace2824/status/2076665627574440186,reply-archive,
2076665478076850536,2026-07-13 13:50:07+00:00,@DiegoDav07 Esos 3 + Gistau,True,DiegoDav07,2076664036435832836,False,1,0,es,2076665478076850536,0,https://x.com/ScarFace2824/status/2076665478076850536,reply-archive,
2076635697847373977,2026-07-13 11:51:47+00:00,@DiegoDav07 Hay algún problema con la renovación de Pedro?,True,DiegoDav07,2076634297151209521,False,0,0,es,2076635697847373977,0,https://x.com/ScarFace2824/status/2076635697847373977,reply-archive,
2076634063817867576,2026-07-13 11:45:17+00:00,@andresweiss_ Podría dejar salir a Lukeba o tienen pensado mantenerlo?,True,andresweiss_,2076633867658670404,False,3,0,es,2076634063817867576,0,https://x.com/ScarFace2824/status/2076634063817867576,reply-archive,
2076629061338554482,2026-07-13 11:25:24+00:00,@MartinMinan_ Que le falta a Pedro Rodríguez para que Flick no lo quiera ver en la pretemporada,True,MartinMinan_,2076620504081764804,False,18,0,es,2076629061338554482,0,https://x.com/ScarFace2824/status/2076629061338554482,reply-archive,
2076624047555719606,2026-07-13 11:05:29+00:00,@FabrizioRomano 👀👀 Lukeba🇫🇷 -&gt; @FCBarcelona,True,FabrizioRomano,2076622308450377879,False,0,0,in,2076624047555719606,0,https://x.com/ScarFace2824/status/2076624047555719606,reply-archive,
2076599799432843586,2026-07-13 09:29:08+00:00,@UCulemas @FCBarcelona https://t.co/1v1EoNelHE,True,UCulemas,2076561961240736034,False,1,0,qme,2076599799432843586,0,https://x.com/ScarFace2824/status/2076599799432843586,reply-archive,
2076594471848837411,2026-07-13 09:07:58+00:00,@FCBInformatiu @SocBlaugranaFC Que se quede. No podemos estar una temporada con el fumador de suplente. Como se resfrie Joan nos da algo.,True,FCBInformatiu,2076587369646428505,False,0,0,es,2076594471848837411,0,https://x.com/ScarFace2824/status/2076594471848837411,reply-archive,
2076454350990254405,2026-07-12 23:51:10+00:00,"@BlxckNews A ver si vuelven por Abde y nos llevamos tajada, recompramos a Virgili y se lo vendemos al Betis. Al final Gordon sale por 50.",True,BlxckNews,2076401320093708623,False,0,0,es,2076454350990254405,0,https://x.com/ScarFace2824/status/2076454350990254405,reply-archive,
2076454103278838066,2026-07-12 23:50:11+00:00,@MisterCruyff14 Debería el club ser más transparente con esto? O se deberían guardar para ellos estos detalles?,True,MisterCruyff14,2076447222607008107,False,0,0,es,2076454103278838066,0,https://x.com/ScarFace2824/status/2076454103278838066,reply-archive,
2076453247900905615,2026-07-12 23:46:47+00:00,@mundodeportivo https://t.co/Hhn5MWly4Z,True,mundodeportivo,2076413382664581508,False,1,0,qme,2076453247900905615,0,https://x.com/ScarFace2824/status/2076453247900905615,reply-archive,
2076452882237235363,2026-07-12 23:45:20+00:00,@NealGardner_ Un resfriado de Joan,True,NealGardner_,2076430988717031531,False,0,0,es,2076452882237235363,0,https://x.com/ScarFace2824/status/2076452882237235363,reply-archive,
2076451649686544844,2026-07-12 23:40:26+00:00,@BlxckNews https://t.co/81HXrEcOOA,True,BlxckNews,2076400927808930225,False,0,0,qme,2076451649686544844,0,https://x.com/ScarFace2824/status/2076451649686544844,reply-archive,
2076443301385785424,2026-07-12 23:07:16+00:00,@Kosobets Destinados a vestir juntos la blaugrana https://t.co/sSeu6qx1pI,True,Kosobets,2076432134940532772,False,3,0,es,2076443301385785424,3,https://x.com/ScarFace2824/status/2076443301385785424,reply-archive,
2076442742574506439,2026-07-12 23:05:02+00:00,"El 9 del Barça no puede limitarse a esperar el remate: debe participar, dar continuidad, mejorar cada jugada y potenciar a quienes le rodean. Por eso Julián y Asllani son opciones TOP: perfiles distintos, pero ambos hacen mejor al equipo
#JulianAlvarez #FisnikAsllani #FCBarcelona https://t.co/mRbtIgqF7w",False,,,False,2,1,es,2076442742574506439,1,https://x.com/ScarFace2824/status/2076442742574506439,standalone-archive,
2076392243519254894,2026-07-12 19:44:23+00:00,"@ShadowMonarch23 Caso parecido a Rashford en producción han generado lo mismo pero ves los partidos y no encajan en el juego, la jugada se estanca o acaba en ellos, pierden balones... 
El delantero del Barça más siendo suplente debe mejorar las jugadas y a sus compañeros. Julián + Asllani",True,ShadowMonarch23,2076371414655877485,False,1,0,es,2076392243519254894,0,https://x.com/ScarFace2824/status/2076392243519254894,reply-archive,
2076390997450162279,2026-07-12 19:39:25+00:00,@ShadowMonarch23 👨‍🦯,True,ShadowMonarch23,2076377302384919004,False,0,0,qme,2076390997450162279,0,https://x.com/ScarFace2824/status/2076390997450162279,reply-archive,
2076343032337588278,2026-07-12 16:28:50+00:00,@SirRuben30 Me veo en marzo con Joan Garcia lesionado teniendo que poner al fumador porque se ha querido volver a ceder a Yaako y con un resfriado de Cubarsí a confiar en Araújo y don huesos de cristal porque Eric tiene que hacer de lateral tras vender a Koundé.,True,SirRuben30,2076317036263727363,False,0,0,es,2076343032337588278,0,https://x.com/ScarFace2824/status/2076343032337588278,reply-archive,
2076335784307691812,2026-07-12 16:00:02+00:00,"@culersgrasroot_ @MatteMoretto Al ATM la clausula o nada, 1000M. Al PSG por 40M.",True,culersgrasroot_,2076319479655502092,False,0,0,pt,2076335784307691812,0,https://x.com/ScarFace2824/status/2076335784307691812,reply-archive,
2076335391297110209,2026-07-12 15:58:28+00:00,@RodrigoFaez Definición de mala educación. Con lo humilde que es Puyol había que ponerle a un soberbio así al lado?,True,RodrigoFaez,2076320508249878656,False,0,0,es,2076335391297110209,0,https://x.com/ScarFace2824/status/2076335391297110209,reply-archive,
2076334672611586262,2026-07-12 15:55:37+00:00,@totalBarca @gerardromero No nos pongamos tontos,True,totalBarca,2076286580768031209,False,0,0,es,2076334672611586262,0,https://x.com/ScarFace2824/status/2076334672611586262,reply-archive,
2076320855009767516,2026-07-12 15:00:42+00:00,@gxldeadam @Atleti Y eso que Ferran tiene clausula de 1000M y Julián solo de 500M,True,gxldeadam,2076313635882704966,False,4,0,es,2076320855009767516,0,https://x.com/ScarFace2824/status/2076320855009767516,reply-archive,
2076302990000980385,2026-07-12 13:49:43+00:00,@ShadowMonarch23 Siempre tendrá la vieja confiable de que era ragebait,True,ShadowMonarch23,2076299548457054228,False,1,0,es,2076302990000980385,0,https://x.com/ScarFace2824/status/2076302990000980385,reply-archive,
2076269029895942280,2026-07-12 11:34:46+00:00,"@Guillembp01 Deja de ser una urgencia cuando el rebelo de Ferran tiene una clausula de salida de menos 30M 

https://t.co/Hhn5MWly4Z",True,Guillembp01,2076266537271386450,False,0,0,es,2076269029895942280,0,https://x.com/ScarFace2824/status/2076269029895942280,reply-archive,
2076258707847962883,2026-07-12 10:53:45+00:00,"@gusfop Vaya tonteria, si hay un tio andando en el campo, que juega mal o que hace subnormalidades como las de Araújo me tengo que callar. Es así?",True,gusfop,2076236494784639158,False,0,0,es,2076258707847962883,0,https://x.com/ScarFace2824/status/2076258707847962883,reply-archive,
2076235881841627402,2026-07-12 09:23:03+00:00,"@trovewho 1 gol Jordania
2 goles Cabo Verde
2 goles Egipto
1 gol Suiza

A Laporte - Cubarsí 
1 gol Bélgica
Y no precisamente gracias al portero",True,trovewho,2076127545100283929,False,0,0,es,2076235881841627402,0,https://x.com/ScarFace2824/status/2076235881841627402,reply-archive,
2076235278218330380,2026-07-12 09:20:39+00:00,"@Guillembp01 Hombre, espero que en el Barça no haga 6 partidos de mierda para marcar un golazo. En el Barça no le perdono eso.",True,Guillembp01,2076148944241922258,False,0,0,es,2076235278218330380,0,https://x.com/ScarFace2824/status/2076235278218330380,reply-archive,
2076228721606889944,2026-07-12 08:54:36+00:00,"@javipucela_ Bueno si ven que a Vinicius y a Mbappe no les sacan amarilla y encima consiguen penaltis... 
Embolo había conseguido amarilla para Paredes.",True,javipucela_,2076141174163705991,False,0,0,es,2076228721606889944,0,https://x.com/ScarFace2824/status/2076228721606889944,reply-archive,
2076228459097964835,2026-07-12 08:53:33+00:00,@FCBInformatiu No fotem,True,FCBInformatiu,2076228229027782961,False,0,0,pt,2076228459097964835,0,https://x.com/ScarFace2824/status/2076228459097964835,reply-archive,
2076228356966638001,2026-07-12 08:53:09+00:00,"@YihiRM Que la pelota de en un cable y se siga jugando: no pasa nada. 

Que se aplique el reglamento: el mayor escandalo.",True,YihiRM,2076132840962400706,False,0,0,es,2076228356966638001,0,https://x.com/ScarFace2824/status/2076228356966638001,reply-archive,
2076228098383630782,2026-07-12 08:52:07+00:00,@DiiegoCobo Pero si el arbitro lo hace bien lo expulsa de primeras por doble amarilla por simular.,True,DiiegoCobo,2076138184778350968,False,0,0,es,2076228098383630782,0,https://x.com/ScarFace2824/status/2076228098383630782,reply-archive,
2076227468436832435,2026-07-12 08:49:37+00:00,@AdriRM33 https://t.co/2NSGmWPkVx,True,AdriRM33,2076137588654506187,False,0,0,qme,2076227468436832435,0,https://x.com/ScarFace2824/status/2076227468436832435,reply-archive,
2076227100256661538,2026-07-12 08:48:09+00:00,"@RodrigoFaez Cuando te podías tirar para conseguir que sacaran amarilla al rival y estaba bien? No, no recuerdo ese fútbol.",True,RodrigoFaez,2076133008944292344,False,0,0,es,2076227100256661538,0,https://x.com/ScarFace2824/status/2076227100256661538,reply-archive,
2076226861323968841,2026-07-12 08:47:12+00:00,@andresweiss_ Si no se come el piscinazo lo expulsa igual porque ve la simulación y es amarilla,True,andresweiss_,2076134903482094018,False,0,0,es,2076226861323968841,0,https://x.com/ScarFace2824/status/2076226861323968841,reply-archive,
2076226624366792918,2026-07-12 08:46:16+00:00,"@_Floper Que escandalo? Que se aplique el reglamento? 
https://t.co/2NSGmWPkVx",True,_Floper,2076133387639673084,False,0,0,es,2076226624366792918,0,https://x.com/ScarFace2824/status/2076226624366792918,reply-archive,
2076226405709275485,2026-07-12 08:45:24+00:00,@j4virw_ https://t.co/2NSGmWPkVx,True,j4virw_,2076162464853491796,False,0,0,qme,2076226405709275485,0,https://x.com/ScarFace2824/status/2076226405709275485,reply-archive,
2076226395462647826,2026-07-12 08:45:21+00:00,@j4virw_ El que se carga el fútbol es el que hace trampas tirandose y consiguiendo que al que le saquen amarilla sea a Paredes.,True,j4virw_,2076189259958984948,False,0,0,es,2076226395462647826,0,https://x.com/ScarFace2824/status/2076226395462647826,reply-archive,
2076225942003896553,2026-07-12 08:43:33+00:00,@finallyxpablo No es piscinazo?,True,finallyxpablo,2076133415120716263,False,0,0,es,2076225942003896553,0,https://x.com/ScarFace2824/status/2076225942003896553,reply-archive,
2076225855932477542,2026-07-12 08:43:13+00:00,"@trunksRM7 Inglaterra marca por que la pelota da al cable de la cámara y es gol ilegal, todos calladitos. 

Embolo hace trampas para que sancionen a Paredes y lo consigue, entra el VAR para arreglar el error y aplicar el reglamento, NO OS CALLEIS.
🤯👏",True,trunksRM7,2076133730201042964,False,0,0,es,2076225855932477542,0,https://x.com/ScarFace2824/status/2076225855932477542,reply-archive,
2076223872446177335,2026-07-12 08:35:20+00:00,@YihiRM Que al Madrid no se le aplique el reglamento no quiere decir que al resto tampoco,True,YihiRM,2076133647128707434,False,0,0,es,2076223872446177335,0,https://x.com/ScarFace2824/status/2076223872446177335,reply-archive,
2076222093293740369,2026-07-12 08:28:16+00:00,"@UCulemas Tranquilos, parece que no hayáis visto las películas. Le pasa en la segunda que pierde los poderes y luego los recupera. Incluso viste de negro. https://t.co/tFTESZP7eZ",True,UCulemas,2076136337653031182,False,0,0,es,2076222093293740369,1,https://x.com/ScarFace2824/status/2076222093293740369,reply-archive,
2076220724176412715,2026-07-12 08:22:49+00:00,@YihiRM Si quieres se pasan el reglamento por el forro,True,YihiRM,2076138442031849526,False,0,0,es,2076220724176412715,0,https://x.com/ScarFace2824/status/2076220724176412715,reply-archive,
2076218310304145479,2026-07-12 08:13:14+00:00,"@Dark9810 @aPartidoUnico Claro, ahora el Barça con más 125 años de historia, solo podrá tener entrenadores tipo Flick por haberlo tenido 3 años. Que se vayan olvidando los Cesc o Sarabria de entrenar al Barça.",True,Dark9810,2076144652520931338,False,0,0,es,2076218310304145479,0,https://x.com/ScarFace2824/status/2076218310304145479,reply-archive,
2076217688708296891,2026-07-12 08:10:45+00:00,"@ShadowMonarch23 Claro, por un gol van a pasar de venderlo a no venderlo. Porque, obviamente, antes del gol no sabían que Julián era capaz de meter estos golazos.",True,ShadowMonarch23,2076201359494324656,False,0,0,es,2076217688708296891,0,https://x.com/ScarFace2824/status/2076217688708296891,reply-archive,
2076099550486397402,2026-07-12 00:21:19+00:00,@Mancuer91 https://t.co/TRCSXF8BdX,True,Mancuer91,2076086418867167671,False,0,0,qme,2076099550486397402,0,https://x.com/ScarFace2824/status/2076099550486397402,reply-archive,
2076099461185519655,2026-07-12 00:20:58+00:00,@LxoMessismoFCB https://t.co/TRCSXF8BdX,True,LxoMessismoFCB,2076086814142607784,False,0,0,qme,2076099461185519655,0,https://x.com/ScarFace2824/status/2076099461185519655,reply-archive,
2076099184751456298,2026-07-12 00:19:52+00:00,"@frabigol Como Mastantuono? 
De acuerdo que su precio en España seria 60 pero como es inglés se tiene que aplicar una prima por ser Homegrown que lo hace más valioso para equipos premier. 
Y te da el coste real del fichaje 70M y 10 en variables que aún no han pagado, no 90.",True,frabigol,2076073960593318387,False,2,0,es,2076099184751456298,0,https://x.com/ScarFace2824/status/2076099184751456298,reply-archive,
2076089768505401828,2026-07-11 23:42:27+00:00,@DBR8 https://t.co/kffgLmlTc8,True,DBR8,2076087406571213159,False,0,0,qme,2076089768505401828,0,https://x.com/ScarFace2824/status/2076089768505401828,reply-archive,
2076089354628301233,2026-07-11 23:40:48+00:00,@JeffFcb14 https://t.co/kffgLmlTc8,True,JeffFcb14,2076086973408677898,False,0,0,qme,2076089354628301233,0,https://x.com/ScarFace2824/status/2076089354628301233,reply-archive,
2076089266325582273,2026-07-11 23:40:27+00:00,@Mancuer91 https://t.co/kffgLmlTc8,True,Mancuer91,2076060393412121083,False,0,0,qme,2076089266325582273,0,https://x.com/ScarFace2824/status/2076089266325582273,reply-archive,
2076088440022618433,2026-07-11 23:37:10+00:00,"Los que piden a Haaland que dicen del partido de hoy? Porque Lewandowski ha tenido partidos así de no tocar un balón y le ha caído de todo. Los delanteros del Barça deben participar, mejorar las jugadas y hacer mejores a sus compañeros. Por eso Julián y Asllani son opciones TOP https://t.co/osZyIUYLlD",False,,,False,3,0,es,2076088440022618433,3,https://x.com/ScarFace2824/status/2076088440022618433,standalone-archive,
2076070657423495333,2026-07-11 22:26:30+00:00,@ShadowMonarch23 Y Haaland se quiere meter ahí,True,ShadowMonarch23,2076069753446150351,False,0,0,es,2076070657423495333,0,https://x.com/ScarFace2824/status/2076070657423495333,reply-archive,
2076067199454707796,2026-07-11 22:12:46+00:00,"@UCulemas Al final era Adeyemi

https://t.co/MiJetpht1R",True,UCulemas,2076059059170447737,False,0,0,tr,2076067199454707796,0,https://x.com/ScarFace2824/status/2076067199454707796,reply-archive,
2076066925587624383,2026-07-11 22:11:41+00:00,"@ToIkienverse A mis enemigos, si.",True,ToIkienverse,2076065767875915813,False,0,0,es,2076066925587624383,0,https://x.com/ScarFace2824/status/2076066925587624383,reply-archive,
2076066542131826892,2026-07-11 22:10:09+00:00,"@ArmadilloNavid1 Totalment d'acord, però cadascú posa la línia on vol. Per exemple, a algú li semblarà imperdonable que hagin condemnat l'Adeyemi per tinença d'armes i l'hem ""fitxat"".",True,ArmadilloNavid1,2076062436629627356,False,0,0,ca,2076066542131826892,0,https://x.com/ScarFace2824/status/2076066542131826892,reply-archive,
2076065546081017963,2026-07-11 22:06:12+00:00,"@DiegoDav07 Entiendo que se quejan porque no se fichó en su momento como opción lowcost por 20M que es lo que pedía el Benfica. Si tu ahora le pones el 90 es otra cosa.

https://t.co/Syn2Iwmd2m https://t.co/ooi8Hgk2jk",True,DiegoDav07,2076062078637658393,False,0,0,es,2076065546081017963,2,https://x.com/ScarFace2824/status/2076065546081017963,reply-archive,
2076061306633826427,2026-07-11 21:49:21+00:00,@DiegoDav07 90 de que,True,DiegoDav07,2076061101146669309,False,0,0,fr,2076061306633826427,0,https://x.com/ScarFace2824/status/2076061306633826427,reply-archive,
2076060614145745280,2026-07-11 21:46:36+00:00,@ShadowMonarch23 https://t.co/YIiASh0uld,True,ShadowMonarch23,2075911764974149696,False,0,0,qme,2076060614145745280,0,https://x.com/ScarFace2824/status/2076060614145745280,reply-archive,
2076060481941332373,2026-07-11 21:46:04+00:00,@AxeelFCB @kosovanfooty_EN https://t.co/YIiASh0uld,True,AxeelFCB,2075964053378269358,False,0,0,qme,2076060481941332373,0,https://x.com/ScarFace2824/status/2076060481941332373,reply-archive,
2076060435690684853,2026-07-11 21:45:53+00:00,@_AdrianSnchz https://t.co/YIiASh0uld,True,_AdrianSnchz,2075979914835108158,False,0,0,qme,2076060435690684853,0,https://x.com/ScarFace2824/status/2076060435690684853,reply-archive,
2076060393865187629,2026-07-11 21:45:43+00:00,@DiegoDav07 https://t.co/YIiASh0uld,True,DiegoDav07,2075991098355306675,False,0,0,qme,2076060393865187629,0,https://x.com/ScarFace2824/status/2076060393865187629,reply-archive,
2076060283517145099,2026-07-11 21:45:17+00:00,@GallineroBlau https://t.co/YIiASh0uld,True,GallineroBlau,2075978545696825729,False,0,0,qme,2076060283517145099,0,https://x.com/ScarFace2824/status/2076060283517145099,reply-archive,
2076060067573493904,2026-07-11 21:44:26+00:00,@forcabarca_ar https://t.co/YIiASh0uld,True,Forca_Fcb,2076044973904921029,False,0,0,qme,2076060067573493904,0,https://x.com/ScarFace2824/status/2076060067573493904,reply-archive,
2076059960828432810,2026-07-11 21:44:00+00:00,@elitelliZN https://t.co/YIiASh0uld,True,elitelliZN,2076052352847454408,False,0,0,qme,2076059960828432810,0,https://x.com/ScarFace2824/status/2076059960828432810,reply-archive,
2076059759807971768,2026-07-11 21:43:12+00:00,"RT @ScarFace2824: No todo arriba puede ser ruptura, presión y espacio. Si Gordon te da el puñal, Schjelderup puede darte el bisturí: recibi…",False,,,True,0,0,es,2076059759807971768,0,https://x.com/ScarFace2824/status/2076059759807971768,retweet-archive,
2076059648768045527,2026-07-11 21:42:46+00:00,"@Somhiseremfcb Al final el tapado era Adeyemi. 

https://t.co/MiJetpht1R",True,Somhiseremfcb,2076059141567557822,False,0,0,ht,2076059648768045527,0,https://x.com/ScarFace2824/status/2076059648768045527,reply-archive,
2076059513820516629,2026-07-11 21:42:14+00:00,"@Blayasensat Al final el tapat era Adeyemi pero Schjelderup ens hagués donat un perfil alternatiu. 

https://t.co/MiJetpht1R",True,Blayasensat,2076058647147299089,False,0,0,ca,2076059513820516629,0,https://x.com/ScarFace2824/status/2076059513820516629,reply-archive,
2076023367069495515,2026-07-11 19:18:36+00:00,@Padremany1 Mi lectura es que le traen a Flick a Gordon y a Adeyemi para que deje salir a Raphinha. Bisiwu tendrá los minutos de Roony y puede jugar en el Barça atletic. Julián x Lewandowski y Asllani x Ferran.,True,Padremany1,2076011929030558099,False,0,0,es,2076023367069495515,0,https://x.com/ScarFace2824/status/2076023367069495515,reply-archive,
2076021165374550505,2026-07-11 19:09:51+00:00,@nocontextfooty With Alvarez and Asllani we can make the meme: https://t.co/TldTSittbW,True,nocontextfooty,2075998888880755047,False,17,0,en,2076021165374550505,1,https://x.com/ScarFace2824/status/2076021165374550505,reply-archive,
2076020487365267761,2026-07-11 19:07:09+00:00,@deshumanizado_ Cambia a Raphinha por Bisiwu y ese es el uno con menos minutos.,True,deshumanizado_,2075976716124586210,False,0,0,es,2076020487365267761,0,https://x.com/ScarFace2824/status/2076020487365267761,reply-archive,
2076020206195941541,2026-07-11 19:06:02+00:00,@gutiifcb Yo ya no sé que es ser realista,True,gutiifcb,2075985577275478270,False,1,0,es,2076020206195941541,0,https://x.com/ScarFace2824/status/2076020206195941541,reply-archive,
2076019552815550552,2026-07-11 19:03:26+00:00,@GxlToniFdz Pienso igual. No le veo ese potencial que le debe ver Deco para pagar tanto por un jugador del juvenil del Brujas que queda libre en 6 meses. Esperemos que nos calle la boca.,True,GxlToniFdz,2075963973590024554,False,1,0,es,2076019552815550552,0,https://x.com/ScarFace2824/status/2076019552815550552,reply-archive,
2076016861087473747,2026-07-11 18:52:44+00:00,@NealGardner_ Al único zurdo,True,NealGardner_,2076003013299147087,False,0,0,es,2076016861087473747,0,https://x.com/ScarFace2824/status/2076016861087473747,reply-archive,
2076016288577524133,2026-07-11 18:50:28+00:00,"@BarcaSpaces @The_Stat_Guy_10 Si lo fichamos y ya con Gordon, Adeyemi + un posible Julián; podriamos tener un ataque a lo PSG y un ataque a lo Bayern con Kane.",True,BarcaSpaces,2075981994811355516,False,0,0,es,2076016288577524133,0,https://x.com/ScarFace2824/status/2076016288577524133,reply-archive,
2076015955226894537,2026-07-11 18:49:08+00:00,@90MinBreaking @TEAMtalk https://t.co/KFsCvfljyo,True,90MinBreaking,2075672172010385665,False,0,0,qme,2076015955226894537,0,https://x.com/ScarFace2824/status/2076015955226894537,reply-archive,
2076015411296874688,2026-07-11 18:46:59+00:00,@Baptistaooo La libertad avanza!,True,Baptistaooo,2075997866909126767,False,0,0,es,2076015411296874688,0,https://x.com/ScarFace2824/status/2076015411296874688,reply-archive,
2076014878007930996,2026-07-11 18:44:52+00:00,"@Hala_Madrid86 @UNIVERSO_1899 A ver, sabemos que os tenemos que tratar con cuidado y explicaros las cosas con paciencia. A ver si así lo entiendes. 
Entre Madrid y Barça solo nosotros contamos con la cantera. 
Que es diferente a contar solo con la cantera. 
Se que es complicado pero confiamos en vosotros.",True,Hala_Madrid86,2076000541339983953,False,58,1,es,2076014878007930996,0,https://x.com/ScarFace2824/status/2076014878007930996,reply-archive,
2076013275016262077,2026-07-11 18:38:29+00:00,@TFRHQ5 @benayadachraf2 Spurs will ask for way too much money. We probably can't afford him right now,True,TFRHQ5,2075988039961067687,False,8,0,en,2076013275016262077,0,https://x.com/ScarFace2824/status/2076013275016262077,reply-archive,
2076011837896745168,2026-07-11 18:32:47+00:00,@Somhiseremfcb No lo entiendo es como comparar a Kane con Lukaku,True,Somhiseremfcb,2075997251986481632,False,0,0,es,2076011837896745168,0,https://x.com/ScarFace2824/status/2076011837896745168,reply-archive,
2076011550842757594,2026-07-11 18:31:38+00:00,@_AdrianSnchz Y lo ves probable?,True,_AdrianSnchz,2075979914835108158,False,0,0,es,2076011550842757594,0,https://x.com/ScarFace2824/status/2076011550842757594,reply-archive,
2075982915754709304,2026-07-11 16:37:51+00:00,"@10InfoBlaugrana Ni se ha fichado a Salinas cuando estabas a tiempo de que su clausula fuera 8M
Ni Flick ha demostrado confianza en Jofre en ningún momento",True,10InfoBlaugrana,2075973388946841774,False,3,0,es,2075982915754709304,0,https://x.com/ScarFace2824/status/2075982915754709304,reply-archive,
2075981712966766874,2026-07-11 16:33:04+00:00,"@AxeelFCB @Soso9zb Hay esto y que el Leipzig está fichando a un central zurdo Maxime Esteve:
https://t.co/lGG0oG1tUM",True,AxeelFCB,2075976485056192848,False,4,0,es,2075981712966766874,0,https://x.com/ScarFace2824/status/2075981712966766874,reply-archive,
2075981401195782537,2026-07-11 16:31:50+00:00,"@AxeelFCB A ver si con los extremos ya fichados, empiezan a trabajar en la defensa. 
Central zurdo: Lukeba es de las pocas opciones que quedan. 
Si sale Koundé y se apuesta con Eric como lateral, Cubarsí necesita un suplente fiable. 
Un portero suplente si no se confía aún en Yaako.",True,AxeelFCB,2075975976270385418,False,0,0,es,2075981401195782537,0,https://x.com/ScarFace2824/status/2075981401195782537,reply-archive,
2075979581115248838,2026-07-11 16:24:36+00:00,"@ReshadRahman @Benayadachraf Left centre-back: Lukeba?
If Koundé leaves, a backup for Cubarsí is needed.
Backup goalkeeper if Yaako is loaned.",True,ReshadRahman,2075977729548398612,False,0,0,en,2075979581115248838,0,https://x.com/ScarFace2824/status/2075979581115248838,reply-archive,
2075977945177366846,2026-07-11 16:18:06+00:00,@AATI_02 Más les vale porque el precio es desorbitado,True,AATI_02,2075948776875753591,False,0,0,es,2075977945177366846,0,https://x.com/ScarFace2824/status/2075977945177366846,reply-archive,
2075976485567856829,2026-07-11 16:12:18+00:00,"@escabellat Que cada secció es pagui el que és seu, o com a mínim, si es parasita, que no hi hagi queixes",True,escabellat,2075622913999274437,False,0,0,ca,2075976485567856829,0,https://x.com/ScarFace2824/status/2075976485567856829,reply-archive,
2075974677915193818,2026-07-11 16:05:07+00:00,@nchama60997 @Somhiseremfcb @sport Entonces no hubiera habido puja,True,nchama60997,2075973675006792003,False,0,0,es,2075974677915193818,0,https://x.com/ScarFace2824/status/2075974677915193818,reply-archive,
2075972312214491289,2026-07-11 15:55:43+00:00,@nchama60997 @Somhiseremfcb @sport https://t.co/M62XDflpKF,True,nchama60997,2075971802195435687,False,0,0,qme,2075972312214491289,1,https://x.com/ScarFace2824/status/2075972312214491289,reply-archive,
2075970664217858480,2026-07-11 15:49:10+00:00,"@nchama60997 @Somhiseremfcb @sport No es mucho dinero para un jugador no del Brujas, del Brujas juvenil!! Y encima cuando en un año sale gratis? Si ya no se puede decir esto sin que te llamen toxico apaga y vamonos.",True,nchama60997,2075969598503977043,False,1,0,es,2075970664217858480,0,https://x.com/ScarFace2824/status/2075970664217858480,reply-archive,
2075966697219948650,2026-07-11 15:33:24+00:00,"@AxeelFCB Pinta muy bien pero falta mucho por hacer, por suerte aún queda verano. Salidas y refuerzos en la defensa sobretodo si sale Koundé. Y veremos que pasa con el suplente de Joan, yo me quedaba con Yaako pero si lo vuelven a ceder cuidado con tener otra temporada más al polaco.",True,AxeelFCB,2075960395894755476,False,0,0,es,2075966697219948650,0,https://x.com/ScarFace2824/status/2075966697219948650,reply-archive,
2075964332194607398,2026-07-11 15:24:01+00:00,@Geezyefughi No has visto la serie A desde que Vlahovic dejó la Fiore,True,Geezyefughi,2075884464484360641,False,0,0,es,2075964332194607398,0,https://x.com/ScarFace2824/status/2075964332194607398,reply-archive,
2075963985812242518,2026-07-11 15:22:38+00:00,@Somhiseremfcb @sport Le veo muy verde para pagar tanto por un jugador del segundo equipo del Brujas quedandole un año de contrato. Ojalá sorprenda.,True,Somhiseremfcb,2075962902947729913,False,4,0,es,2075963985812242518,0,https://x.com/ScarFace2824/status/2075963985812242518,reply-archive,
2075963665619075365,2026-07-11 15:21:22+00:00,"@bronxsfcb Fort titular cuando no convenció a Flick en su día? 
Firmo esto pero con un suplente de Cubarsí si Kounde sale y Eric pasa al lateral. Toda una temporada con Christensen o Araújo como suplentes es un suicidio. Se rompe alguien en defensa y te da una taquicardia.",True,bronxsfcb,2075732026368426032,False,0,0,es,2075963665619075365,0,https://x.com/ScarFace2824/status/2075963665619075365,reply-archive,
2075962550496207015,2026-07-11 15:16:56+00:00,"@dembelismo99_ Gordon y Adeyemi son para que Flick acepte dejar salir a Raphinha. 

Lewandowski -&gt; Julian
Roony -&gt; Bisiwu
Ferran -&gt; Asllani",True,dembelismo99_,2075864142502596856,False,1,0,in,2075962550496207015,0,https://x.com/ScarFace2824/status/2075962550496207015,reply-archive,
2075956748649673176,2026-07-11 14:53:52+00:00,@gorkaerviti A ver cuando empiezan las salidas...,True,gorkaerviti,2075952896294666666,False,0,0,es,2075956748649673176,0,https://x.com/ScarFace2824/status/2075956748649673176,reply-archive,
2075950882315800757,2026-07-11 14:30:34+00:00,@gxldeadam Llevan toda la temporada deseando que el que estuviera en el Madrid sea Pedri y no Bellingham. El inglés hace 3 partidos buenos con la selección y no con ellos y ya vuelve a ser mejor que el español. Así les va.,True,gxldeadam,2075896245759918504,False,4,1,es,2075950882315800757,0,https://x.com/ScarFace2824/status/2075950882315800757,reply-archive,
2075946096971460771,2026-07-11 14:11:33+00:00,"@Kosobets Lo que le da opciones es que el Barça está trayendo los fichajes antes de las posibles ventas de Ferran, Rapha, Roony.. Pero con el 9 suplente si saben que Ferran se va a ir, no lo traen. Quizás porque el que quieren tiene clausula y el club vendedor no puede jugar con el precio?",True,Kosobets,2075935955928633538,False,14,0,es,2075946096971460771,0,https://x.com/ScarFace2824/status/2075946096971460771,reply-archive,
2075940087385231417,2026-07-11 13:47:40+00:00,@BlxckNews Para traer a Vlahovic apuesto por Hamza y Gistau.,True,BlxckNews,2075938308010447198,False,0,0,cy,2075940087385231417,0,https://x.com/ScarFace2824/status/2075940087385231417,reply-archive,
2075933702429852157,2026-07-11 13:22:18+00:00,@akangyou @damirr_12 18 vs 27 🤯 https://t.co/1qfO6TzcMH,True,akangyou,2075797385046044878,False,2,0,und,2075933702429852157,2,https://x.com/ScarFace2824/status/2075933702429852157,reply-archive,
2075932505442558013,2026-07-11 13:17:32+00:00,@BlxckNews Y más nivel. Los que piden al serbio no lo han visto desde que jugaba en la Fiore.,True,BlxckNews,2075919944223474107,False,3,0,es,2075932505442558013,0,https://x.com/ScarFace2824/status/2075932505442558013,reply-archive,
2075932208179642661,2026-07-11 13:16:22+00:00,"@dembelismo99_ Al Bayern, 80 para arriba o le das la oportunidad de demostrar que ha recuperado su nivel y no tienes que preocuparte por el suplente de Cubarsí. Más con lo pesados que son los bávaros con nosotros.",True,dembelismo99_,2075926117349814354,False,5,0,es,2075932208179642661,0,https://x.com/ScarFace2824/status/2075932208179642661,reply-archive,
2075931741756256553,2026-07-11 13:14:30+00:00,"@GxlToniFdz La cosa es que con el mejor Fabián no ganas a Francia, necesitas a Pedri para quitarles el balón todo el partido.",True,GxlToniFdz,2075573811466949018,False,0,0,es,2075931741756256553,0,https://x.com/ScarFace2824/status/2075931741756256553,reply-archive,
2075931358241714498,2026-07-11 13:12:59+00:00,@marcasademunt Ahora se va a poner Laporta a negociar otra vez con el Madrid B del norte.,True,marcasademunt,2075913002247717238,False,0,0,es,2075931358241714498,0,https://x.com/ScarFace2824/status/2075931358241714498,reply-archive,
2075931051675832713,2026-07-11 13:11:46+00:00,@MisterCruyff14 Mi triple es que le han traido a Gordon y Adeyemi los primeros para que acepte dejar salir a Raphinha. Es una gran oportunidad tanto para el club como para él.,True,MisterCruyff14,2075854400837353656,False,0,0,es,2075931051675832713,0,https://x.com/ScarFace2824/status/2075931051675832713,reply-archive,
2075930674725282120,2026-07-11 13:10:16+00:00,@Falbak_ Por qué no la podían tener sin que ganara Sami? Ya es cansino que Cody esté siempre entorno al mismo campeonato.,True,Falbak_,2075925239117001004,False,1,0,es,2075930674725282120,0,https://x.com/ScarFace2824/status/2075930674725282120,reply-archive,
2075929988625219703,2026-07-11 13:07:32+00:00,@gusfop No se con que es peor compararlo si en un acuerdo entre clubes premier con intercambio de jugadores Van Hecke - Vuskovic o comparar a Ferran con Lewandowski.,True,gusfop,2075929015353782510,False,1,0,es,2075929988625219703,0,https://x.com/ScarFace2824/status/2075929988625219703,reply-archive,
2075919890360217856,2026-07-11 12:27:25+00:00,@aPartidoUnico Pero los contratos de los jugadores no son de 1 o 2 años que es lo que Flick no para de repetir que le queda en el Barça. Y los fichajes no pueden ser más Flick. Peligroso planificar entorno a un entrenador que te dice que en 1 o 2 años se va.,True,aPartidoUnico,2075918599173120186,False,0,0,es,2075919890360217856,0,https://x.com/ScarFace2824/status/2075919890360217856,reply-archive,
2075916770251059440,2026-07-11 12:15:01+00:00,"@AxeelFCB Nadie se ha fijado en su muñequera, este tio es un visionario. https://t.co/rqSkiyzjhq",True,AxeelFCB,2075908641912189278,False,10,0,es,2075916770251059440,1,https://x.com/ScarFace2824/status/2075916770251059440,reply-archive,
2075915001576005810,2026-07-11 12:07:59+00:00,@trovewho Julian + Asllani?,True,trovewho,2075911291689181675,False,0,0,in,2075915001576005810,0,https://x.com/ScarFace2824/status/2075915001576005810,reply-archive,
2075900701046198620,2026-07-11 11:11:10+00:00,@gusfop Acabamos de fichar a Adeyemi por 22M porque acababa contrato en un año y tu quieres que venda a Ferran por más de lo que lo fichamos nosotros. Sin presión.,True,gusfop,2075870732450406849,False,1,0,es,2075900701046198620,0,https://x.com/ScarFace2824/status/2075900701046198620,reply-archive,
2075888685636063308,2026-07-11 10:23:25+00:00,@CanteranuFCB Clausula Asllani,True,CanteranuFCB,2075868158167023984,False,0,0,ca,2075888685636063308,0,https://x.com/ScarFace2824/status/2075888685636063308,reply-archive,
2075886863731040603,2026-07-11 10:16:11+00:00,@_AdrianSnchz Si el atm tambien lo quiere un poco de subasta no?,True,_AdrianSnchz,2075861042077295063,False,0,0,es,2075886863731040603,0,https://x.com/ScarFace2824/status/2075886863731040603,reply-archive,
2075833867802489044,2026-07-11 06:45:35+00:00,@Thalii17 Con esa lógica Diomande es el mejor extremo del mundo y Barcola no es tan bueno porque lo quieren vender.,True,Thalii17,2075718101543383175,False,0,0,es,2075833867802489044,0,https://x.com/ScarFace2824/status/2075833867802489044,reply-archive,
2075828561340952579,2026-07-11 06:24:30+00:00,"@GxlToniFdz Raphinha pinta a salida, Sama no va a subir a primer equipo volviendo de lesión, necesita un año como Gistau. No se porque pones a Araújo de central zurdo. Fermín con el Barça es el titular. Yo espero el fichaje de un central zurdo. El resto top.",True,GxlToniFdz,2075743901894209722,False,0,0,es,2075828561340952579,0,https://x.com/ScarFace2824/status/2075828561340952579,reply-archive,
2075827332267245694,2026-07-11 06:19:37+00:00,@Observer_fb Como con Julián,True,Observer_fb,2075621108175299042,False,0,0,es,2075827332267245694,0,https://x.com/ScarFace2824/status/2075827332267245694,reply-archive,
2075826383289266270,2026-07-11 06:15:51+00:00,"@ImNotJowi Puedes traer a Asllani para tener otro perfil como suplente de Julián y dejar que salga Raphinha y completar la delantera con cantera o Virgili, siempre puedes poner a Fermín como urgencia.",True,ImNotJowi,2075790353592987749,False,1,0,es,2075826383289266270,0,https://x.com/ScarFace2824/status/2075826383289266270,reply-archive,
2075823714222972930,2026-07-11 06:05:15+00:00,@FCBGlories Ahora el que se tiene que dosificar es el jugador y no los entrenadores que lo ponen cada partido hasta el 90. Como Flick con la liga ya ganada o en copa contra equipos de segunda.,True,FCBGlories,2075693655940083727,False,0,0,es,2075823714222972930,0,https://x.com/ScarFace2824/status/2075823714222972930,reply-archive,
2075810090334998978,2026-07-11 05:11:06+00:00,@ShadowMonarch23 Canaletas,True,ShadowMonarch23,2075804949707907457,False,0,0,es,2075810090334998978,0,https://x.com/ScarFace2824/status/2075810090334998978,reply-archive,
2075757695680827791,2026-07-11 01:42:55+00:00,"@ShadowMonarch23 Ahora que se va Ferran? Asllani, aguantaaa!!",True,ShadowMonarch23,2075718490829263059,False,1,0,es,2075757695680827791,0,https://x.com/ScarFace2824/status/2075757695680827791,reply-archive,
2075699697415491688,2026-07-10 21:52:27+00:00,@Polyccio8 Otra vez con el bilbado no porfavor,True,Polyccio8,2075691377598312623,False,0,0,es,2075699697415491688,0,https://x.com/ScarFace2824/status/2075699697415491688,reply-archive,
2075694780818821136,2026-07-10 21:32:54+00:00,"@UNIVERSO_1899 Pasó lo mismo la última de Xavi, porque estaba tieso. Le falta unos meses de descanso, sin prisa para sus vacaciones.",True,UNIVERSO_1899,2075687043733065898,False,1,0,es,2075694780818821136,0,https://x.com/ScarFace2824/status/2075694780818821136,reply-archive,
2075689578271215892,2026-07-10 21:12:14+00:00,@Kosobets Antes de eso tendrán el descanso que necesitan,True,Kosobets,2075687211006103810,False,0,0,es,2075689578271215892,0,https://x.com/ScarFace2824/status/2075689578271215892,reply-archive,
2075684410838438284,2026-07-10 20:51:42+00:00,@trovewho Respect,True,trovewho,2075683566789562815,False,0,0,en,2075684410838438284,0,https://x.com/ScarFace2824/status/2075684410838438284,reply-archive,
2075680926483251543,2026-07-10 20:37:51+00:00,@sirfcb_ Silenci,True,sirfcb_,2075680226227450012,False,2,0,es,2075680926483251543,0,https://x.com/ScarFace2824/status/2075680926483251543,reply-archive,
2075678354175332739,2026-07-10 20:27:38+00:00,@andresweiss_ Porque hay un 9 que no está en el area.,True,andresweiss_,2075678058325938507,False,0,0,es,2075678354175332739,0,https://x.com/ScarFace2824/status/2075678354175332739,reply-archive,
2075673992451551670,2026-07-10 20:10:18+00:00,@Clonazepamers Lo rompe Cucurella paleto,True,Clonazepamers,2075667109489652215,False,0,0,it,2075673992451551670,0,https://x.com/ScarFace2824/status/2075673992451551670,reply-archive,
2075657768137007479,2026-07-10 19:05:50+00:00,"@ShadowMonarch23 Se le trae a Gordon y a Adeyemi para que acepte dejar ir a Raphinha, 0 dudas. Sino planificar tanto entorno a un entrenador que él mismo te está diciendo que se va en 1 año o 2 no tiene sentido.",True,ShadowMonarch23,2075647911560401268,False,1,0,es,2075657768137007479,0,https://x.com/ScarFace2824/status/2075657768137007479,reply-archive,
2075645314178994397,2026-07-10 18:16:21+00:00,"@planetabarcaa @SkySports Eso lo pone a nivel Pedri, Araujo, Olmo... Raro si viene a cubrir rol Roony que solo cobra 1M",True,planetabarcaa,2075627186652889102,False,0,0,es,2075645314178994397,0,https://x.com/ScarFace2824/status/2075645314178994397,reply-archive,
2075644995952935218,2026-07-10 18:15:05+00:00,"@jaumemarcet Tranquilitat, quan més descansi Pedri millors pels culers, després ens el trenquen igual que amb Gavi, Olmo, Fermín, Lamine... A aquesta Bélgica li guanyen amb o sense Pedri i sino no crec que sigui per culpa de Fabián.",True,jaumemarcet,2075631794297180169,False,0,0,ca,2075644995952935218,0,https://x.com/ScarFace2824/status/2075644995952935218,reply-archive,
2075644635179868222,2026-07-10 18:13:39+00:00,@elitelliZN 20 de más según Transfermadrid,True,elitelliZN,2075624151113429130,False,0,0,es,2075644635179868222,0,https://x.com/ScarFace2824/status/2075644635179868222,reply-archive,
2075639305884594192,2026-07-10 17:52:28+00:00,"@ShadowMonarch23 Le servirá de descanso que es lo que necesita, no de motivación.",True,ShadowMonarch23,2075637477465854302,False,0,0,es,2075639305884594192,0,https://x.com/ScarFace2824/status/2075639305884594192,reply-archive,
2075633014122450965,2026-07-10 17:27:28+00:00,@trovewho @Kichadmitti Sergi Dominguez clause is like that. If you wanna check.,True,trovewho,2075632257797394866,False,0,0,en,2075633014122450965,0,https://x.com/ScarFace2824/status/2075633014122450965,reply-archive,
2075632572546064701,2026-07-10 17:25:43+00:00,"@andresweiss_ Contra esta Bélgica se gana con Pedri o con Fabián. El canario tiene que descansar. Como culer celebro la notícia, no se vaya a romper como ya han hecho en la selección con él mismo, Gavi, Olmo, Fermín o Lamine.",True,andresweiss_,2075631154632196216,False,8,0,es,2075632572546064701,0,https://x.com/ScarFace2824/status/2075632572546064701,reply-archive,
2075632238478102703,2026-07-10 17:24:23+00:00,"@sirfcb_ Que descanse, el culer debe celebrarlo.",True,sirfcb_,2075631663875342387,False,1,0,es,2075632238478102703,0,https://x.com/ScarFace2824/status/2075632238478102703,reply-archive,
2075631906322809219,2026-07-10 17:23:04+00:00,"@trovewho @Kichadmitti If the sell clause is like how Barça's are, he is right.",True,trovewho,2075631294705439055,False,0,0,en,2075631906322809219,0,https://x.com/ScarFace2824/status/2075631906322809219,reply-archive,
2075628285661241560,2026-07-10 17:08:41+00:00,"@trovewho For 22m, as a fourth or fifth-choice striker, it's not that hard for things to go well. By the time he turns 30, he'll have more than paid for himself. If you end up selling him for 30m (which is what are asking for Rashford, same age) would still end up practically being free",True,trovewho,2075626560519106817,False,0,0,en,2075628285661241560,0,https://x.com/ScarFace2824/status/2075628285661241560,reply-archive,
2075626297246589128,2026-07-10 17:00:47+00:00,"@trovewho If everything goes well, we aren't going to sell it",True,trovewho,2075625923563716688,False,0,0,en,2075626297246589128,0,https://x.com/ScarFace2824/status/2075626297246589128,reply-archive,
2075620941044834732,2026-07-10 16:39:30+00:00,"@gerardromero 22m€ y 6 netos de salario? Así, sí.",True,gerardromero,2075613476735607006,False,0,0,es,2075620941044834732,0,https://x.com/ScarFace2824/status/2075620941044834732,reply-archive,
2075618678830137800,2026-07-10 16:30:30+00:00,"@MisterCruyff14 Precio justo, eso si, cobrará mucho más que Roony.",True,MisterCruyff14,2075614193345048861,False,0,0,es,2075618678830137800,0,https://x.com/ScarFace2824/status/2075618678830137800,reply-archive,
2075614738059309057,2026-07-10 16:14:51+00:00,"@BlxckNews Hay que pensar que no ganan la pasta que se gana el masculino, en el femenino si que está justificado un cambio de equipo por dinero, porque la diferencia entre un salario y otro si es clave.",True,BlxckNews,2075583640315019514,False,0,0,es,2075614738059309057,0,https://x.com/ScarFace2824/status/2075614738059309057,reply-archive,
2075613354148679953,2026-07-10 16:09:21+00:00,@FabrizioRomano 22m it's a fair price,True,FabrizioRomano,2075613070982836258,False,0,0,en,2075613354148679953,0,https://x.com/ScarFace2824/status/2075613354148679953,reply-archive,
2075584354625921472,2026-07-10 14:14:07+00:00,@LaNuevaEraFCB_ Que ganas con esto?,True,LaNuevaEraFCB_,2075565712312017263,False,0,0,es,2075584354625921472,0,https://x.com/ScarFace2824/status/2075584354625921472,reply-archive,
2075584219556831547,2026-07-10 14:13:35+00:00,"@albertmudez Parla per tu. 
Segons el teu argument podriem canviar el nom d'Adeyemi per qualsevol altre i seguiriem sense poder dubtar. Hi ha molts motius per com a mínim tenir dubtes. Si arriba acabará rendint però surgeixen dubtes llegítimes.

https://t.co/L5w2dEsYvs",True,albertmudez,2075141882284212532,False,0,0,ca,2075584219556831547,0,https://x.com/ScarFace2824/status/2075584219556831547,reply-archive,
2075557871463350686,2026-07-10 12:28:53+00:00,@BarcelonistaQle https://t.co/L5w2dEsYvs,True,BarcelonistaQle,2075240347693682736,False,1,0,qme,2075557871463350686,0,https://x.com/ScarFace2824/status/2075557871463350686,reply-archive,
2075550664806047819,2026-07-10 12:00:15+00:00,"@apmbonmati14 Cuando el Barça de la MSN salía sin nervios a la final de la champions: AURA. 

Si Alexia dice que no estaba nerviosa en la final de la champions: que vergüenza!",True,apmbonmati14,2075332973843427783,False,5,0,es,2075550664806047819,0,https://x.com/ScarFace2824/status/2075550664806047819,reply-archive,
2075526733508305357,2026-07-10 10:25:09+00:00,"@fan_mrseitan No, si quieres decimos que Araújo ha jugado de puta madre. Que Christensen ha estado disponible cuando se le necesitaba. Que Ferran no pierde cada balón que pasa por él. Que Koundé ha estado a su nivel. Que Raphinha no se ha lesionadoy Adeyemi es perfecto.
https://t.co/L5w2dEsYvs",True,fan_mrseitan,2075409643363262782,False,2,0,es,2075526733508305357,0,https://x.com/ScarFace2824/status/2075526733508305357,reply-archive,
2075523235366543382,2026-07-10 10:11:15+00:00,"@carpetasFCB @alexpintanel Demasiado, el año que viene te sale gratis.",True,carpetasFCB,2075463127504654631,False,1,0,es,2075523235366543382,0,https://x.com/ScarFace2824/status/2075523235366543382,reply-archive,
2075520575158514034,2026-07-10 10:00:41+00:00,"@AlberCule No, aquí hay un pasador y el resto velocistas. En el PSG son todos autosuficientes, aquí quitas a Lamine y nadie genera nada por él mismo. Por eso no entiendo el fichaje de Adeyemi, se necesitaba otro perfil como Lamine para quitarle marcas y para cuando no esté disponible.",True,AlberCule,2075184546639671669,False,0,0,es,2075520575158514034,0,https://x.com/ScarFace2824/status/2075520575158514034,reply-archive,
2075517539526861192,2026-07-10 09:48:37+00:00,"@dembelismo99_ Luego llega la temporada cubren 5 a Lamine, ningún otro hace nada. Nuestro segundo mejor regateador tiene que ser un lateral como Cancelo y ya verás cuando se lesione el 10 diremos que hay Lamine-dependencia, que no hay desborde... Llega el mercado y se nos olvida.",True,dembelismo99_,2075241725371576754,False,0,0,es,2075517539526861192,0,https://x.com/ScarFace2824/status/2075517539526861192,reply-archive,
2075517010583195741,2026-07-10 09:46:31+00:00,"@cullera5 No pero aquí vendrá y aceptara los minutos de Roony, y Flick lo pondrá firme, y no afectará al vestuario... Y el año que viene haremos lo mismo con Vinicius, porque pedirá perdón... 🤡🤡",True,cullera5,2075509676351922305,False,6,0,es,2075517010583195741,0,https://x.com/ScarFace2824/status/2075517010583195741,reply-archive,
2075503998304403611,2026-07-10 08:54:48+00:00,"@UCulemas Yo a muerte con Flick, pero si él mismo te está diciendo que en 1 año o 2 se va, no se si es lo mejor hacer la planificación deportiva entorno a él.",True,UCulemas,2075318615524397364,False,0,0,es,2075503998304403611,0,https://x.com/ScarFace2824/status/2075503998304403611,reply-archive,
2075503303169818653,2026-07-10 08:52:03+00:00,@ShadowMonarch23 Y los 3,True,ShadowMonarch23,2075498799833759970,False,0,0,es,2075503303169818653,0,https://x.com/ScarFace2824/status/2075503303169818653,reply-archive,
2075502911455408277,2026-07-10 08:50:29+00:00,"@Daniel80846690 @rubnh_ @BlxckNews Por eso mismo, si se lesiona Lamine no buscaria este tipo de perfil velocista. Sino algo más parecido a Lamine, generador, con desborde, último pase etc.",True,Daniel80846690,2075501898002485406,False,0,0,es,2075502911455408277,0,https://x.com/ScarFace2824/status/2075502911455408277,reply-archive,
2075336562401804535,2026-07-09 21:49:29+00:00,"@dembelismo99_ Pero no por lo colectivo, sino por las individualidades",True,dembelismo99_,2075313810601079047,False,0,0,es,2075336562401804535,0,https://x.com/ScarFace2824/status/2075336562401804535,reply-archive,
2075336334403649718,2026-07-09 21:48:34+00:00,@BarcelonaValor El poder que le dais a un streamer sobre operaciones de clubes gigantes donde se mueve tanto dinero es rídiculo.,True,BarcelonaValor,2075306495441309906,False,2,0,es,2075336334403649718,0,https://x.com/ScarFace2824/status/2075336334403649718,reply-archive,
2075291464209154490,2026-07-09 18:50:16+00:00,@ShadowMonarch23 Preocupación 0.,True,ShadowMonarch23,2074936587624870340,False,0,0,es,2075291464209154490,0,https://x.com/ScarFace2824/status/2075291464209154490,reply-archive,
2075287095384346917,2026-07-09 18:32:55+00:00,@AnabellaMarvy 4*,True,AnabellaMarvy,2075253933522489554,False,0,0,und,2075287095384346917,0,https://x.com/ScarFace2824/status/2075287095384346917,reply-archive,
2075285686786097636,2026-07-09 18:27:19+00:00,"@ShadowMonarch23 Es lo correcto, viniendo a ser suplente y quedando libre en un año.",True,ShadowMonarch23,2075272036595728465,False,0,0,es,2075285686786097636,0,https://x.com/ScarFace2824/status/2075285686786097636,reply-archive,
2075260162609135863,2026-07-09 16:45:53+00:00,@ShadowMonarch23 Pues libre el año que viene.,True,ShadowMonarch23,2075255731104723333,False,0,0,es,2075260162609135863,0,https://x.com/ScarFace2824/status/2075260162609135863,reply-archive,
2075219520533241998,2026-07-09 14:04:24+00:00,@10InfoBlaugrana Una temporada de Adeyemi cuesta 33 millones? Porque la temporada que viene sale gratis.,True,10InfoBlaugrana,2075188226487190015,False,0,0,es,2075219520533241998,0,https://x.com/ScarFace2824/status/2075219520533241998,reply-archive,
2075219084547965270,2026-07-09 14:02:40+00:00,@LaNuevaEraFCB_ Se te lesiona Lamine y por ellos mismos no generan nada. Se necesita otro con perfil desborde para que nuestro segundo mejor regateador no sea un lateral.,True,LaNuevaEraFCB_,2075203321871347932,False,0,0,es,2075219084547965270,0,https://x.com/ScarFace2824/status/2075219084547965270,reply-archive,
2075217603241386486,2026-07-09 13:56:46+00:00,"@19Rusbert @MisterCruyff14 Hombre vendiendo a Raphinha, Ferran y Roony se podria haber aspirado perfectamente a Diomande.",True,19Rusbert,2075211358539305119,False,0,0,es,2075217603241386486,0,https://x.com/ScarFace2824/status/2075217603241386486,reply-archive,
2075209232773713935,2026-07-09 13:23:31+00:00,@19Rusbert @MisterCruyff14 Koupri contrastadisimo... Elliot Anderson contrastadísimo... Mbappé del Monaco contrastadísimo...,True,19Rusbert,2075207144723423663,False,0,0,es,2075209232773713935,0,https://x.com/ScarFace2824/status/2075209232773713935,reply-archive,
2075205017078792294,2026-07-09 13:06:46+00:00,"@FCBGlories x15 en coste, x10 en sueldo para cubrir sus minutos? Para eso pon un canterano.",True,FCBGlories,2075109555717955866,False,0,0,es,2075205017078792294,0,https://x.com/ScarFace2824/status/2075205017078792294,reply-archive,
2075203994025136563,2026-07-09 13:02:42+00:00,"Recopilo todos los puntos por los que Adeyemi no me convence para el Barça.

Sí, es largo. Pero confío en que durante unos minutos podamos mantener la concentración. 

#Adeyemi #mercato #FCBacerlona https://t.co/A0dXFJxuDc",False,,,False,0,0,es,2075203994025136563,4,https://x.com/ScarFace2824/status/2075203994025136563,used-in-web-article,por-que-adeyemi-no-me-convence-para-el-barca
2075194432358392229,2026-07-09 12:24:42+00:00,"@ElModelin En un año sale gratis, tanto vale una temporada de Adeyemi?",True,ElModelin,2075137616450625850,False,1,0,es,2075194432358392229,0,https://x.com/ScarFace2824/status/2075194432358392229,reply-archive,
2075194075951616424,2026-07-09 12:23:17+00:00,@rubnh_ @BlxckNews Toni merecía la oportunidad,True,rubeeen21_,2075190858299650408,False,0,0,es,2075194075951616424,0,https://x.com/ScarFace2824/status/2075194075951616424,reply-archive,
2075189192515076465,2026-07-09 12:03:53+00:00,"@rubnh_ @BlxckNews Si es así adelante pero yo hubiera confiado en la cantera. Dudo que Lamine quiera descansar mucho y luego nos quejamos de que Flick no confía en los canteranos y cuando hay un rol para ellos nos gastamos dinero en los de fuera, por no hablar de que un año de sale gratis.",True,rubeeen21_,2075187306009448890,False,0,0,es,2075189192515076465,0,https://x.com/ScarFace2824/status/2075189192515076465,reply-archive,
2075186566830465107,2026-07-09 11:53:27+00:00,@UCulemas Por desgracia hay más gente.,True,UCulemas,2075028235943923733,False,0,0,es,2075186566830465107,0,https://x.com/ScarFace2824/status/2075186566830465107,reply-archive,
2075186291751235742,2026-07-09 11:52:21+00:00,@Kosobets Maravillosa jugada. ♟️,True,Kosobets,2075185000786382851,False,1,0,es,2075186291751235742,0,https://x.com/ScarFace2824/status/2075186291751235742,reply-archive,
2075186130790547551,2026-07-09 11:51:43+00:00,"@EdwinYesid1995 @MisterCruyff14 Bueno sí, pero así con todos. No comentamos nada de ningún fichaje hasta acabar la temporada.",True,EdwinYesid1995,2075184767532757153,False,0,0,es,2075186130790547551,0,https://x.com/ScarFace2824/status/2075186130790547551,reply-archive,
2075185908043637245,2026-07-09 11:50:50+00:00,"@rubnh_ @BlxckNews Vale, pero para cubrir los minutos que te deja Lamine libres no hace falta más.",True,rubeeen21_,2075184489416839397,False,0,0,es,2075185908043637245,0,https://x.com/ScarFace2824/status/2075185908043637245,reply-archive,
2075184855529161168,2026-07-09 11:46:39+00:00,"@_fakedemon_ @Gavi5368744 @C8_H10_N4_O2_ @AdrianMLG10 @BlxckNews 60M por Manzambi por 3 partidos en el mundial 
100M por Koupri por acabar bien la temporada
180M por Mbappé por una temporada buena en el Monaco
130 por Elliot Anderson
Así está el mercado si quieres a la estrella la fichas cuando es promesa o se te adelantan y no la hueles",True,_fakedemon_,2075183486000890218,False,0,0,es,2075184855529161168,0,https://x.com/ScarFace2824/status/2075184855529161168,reply-archive,
2075183438798205415,2026-07-09 11:41:01+00:00,@LuisAlexan54317 @BlxckNews Cuesta menos porque ya ha demostrado en 4 años que no es la estrella que parecía en su momento y ya ha bajado tanto su nivel como para costar 30 y no 100.,True,LuisAlexan54317,2075182616987218201,False,0,0,es,2075183438798205415,0,https://x.com/ScarFace2824/status/2075183438798205415,reply-archive,
2075183210321908212,2026-07-09 11:40:07+00:00,@Gavi5368744 @C8_H10_N4_O2_ @AdrianMLG10 @BlxckNews Pues Cubarsí y Lamine tampoco lo eran.,True,Gavi5368744,2075182594333790310,False,0,0,es,2075183210321908212,0,https://x.com/ScarFace2824/status/2075183210321908212,reply-archive,
2075183119729115337,2026-07-09 11:39:45+00:00,"@rubnh_ @BlxckNews Si viene por Raphinha, si. Pero si viene por Roony que te costó 15 veces menos y que cobra 1M y no 10M, que te acepta jugar tan pocos minutos, cosa que Adeyemi con su personalidad no lo hará, y que ese rol te lo puede cubrir un canterano, es un error. En un año lo tienes gratis.",True,rubeeen21_,2075180976297164839,False,0,0,es,2075183119729115337,0,https://x.com/ScarFace2824/status/2075183119729115337,reply-archive,
2075182522929996282,2026-07-09 11:37:23+00:00,@rubnh_ @BlxckNews Como en la final contra el Madrid no?,True,rubeeen21_,2075180823054070157,False,0,0,es,2075182522929996282,0,https://x.com/ScarFace2824/status/2075182522929996282,reply-archive,
2075182423344632025,2026-07-09 11:36:59+00:00,@EdwinYesid1995 @MisterCruyff14 Adeyemi ha tenido tiempo para abrir el melón y no es ni titular indiscutible en el Dormunt y ni va convocado con Alemania. Que ha preferido llevar a SANÉ!!! No valen lo mismo porque no están al mismo nivel.,True,EdwinYesid1995,2075180595131404320,False,0,0,es,2075182423344632025,0,https://x.com/ScarFace2824/status/2075182423344632025,reply-archive,
2075180633182155187,2026-07-09 11:29:52+00:00,"@Gavi5368744 @C8_H10_N4_O2_ @AdrianMLG10 @BlxckNews Por favor, vigila con los ha*.

Entonces si no los hubieras vendido admites que hubiera sido una buena compra para otro club fichar en su día a Lamine o Cubarsí por 100M.
Igual de bueno que sería para el Barça apostar por Diomande ahora.",True,Gavi5368744,2075179467392090566,False,0,0,es,2075180633182155187,0,https://x.com/ScarFace2824/status/2075180633182155187,reply-archive,
2075179910981620194,2026-07-09 11:27:00+00:00,"@Joan_Font_ @FCBarcelona @FCBbasket @JoanLaportaFCB Pregunto:

Cada secció genera suficient com per mantenirse sense parasitar la del futbol masculí?",True,Joan_Font_,2075119181876350983,False,0,0,es,2075179910981620194,0,https://x.com/ScarFace2824/status/2075179910981620194,reply-archive,
2075179012523978764,2026-07-09 11:23:26+00:00,@BarceLocuras @BlxckNews Ya ves tú lo que me importa,True,BarceLocuras,2075177988153299307,False,0,0,es,2075179012523978764,0,https://x.com/ScarFace2824/status/2075179012523978764,reply-archive,
2095042337374118294,2026-09-02 06:53:11+00:00,@TheMavericK_YT https://t.co/Xs61Q8kADo,True,TheMavericK_YT,2094911028727587044,False,1,0,qme,2095042337374118294,1,https://x.com/ScarFace2824/status/2095042337374118294,reply-archive,
2095042213944107128,2026-09-02 06:52:42+00:00,@Reysimeonecholo Que siga cayendo. Ahora os lo comeis por tontos. Ya vendremos nosotros a rescatarlo.,True,Reysimeonecholo,2094914497224020190,False,0,0,es,2095042213944107128,0,https://x.com/ScarFace2824/status/2095042213944107128,reply-archive,
2095041729615323514,2026-09-02 06:50:46+00:00,@dembelismo99_ Espero que Raphinha descanse que ya sabemos como acaba esto,True,dembelismo99_,2094773132854690077,False,0,0,es,2095041729615323514,0,https://x.com/ScarFace2824/status/2095041729615323514,reply-archive,
2095041518381797381,2026-09-02 06:49:56+00:00,@shidokageno 3 ligas seguidas? Se firma,True,shidokageno,2094853028637466834,False,0,0,pt,2095041518381797381,0,https://x.com/ScarFace2824/status/2095041518381797381,reply-archive,
2095041184066338912,2026-09-02 06:48:36+00:00,"@DiegoDav07 Hay que cambiar ya esa visión, quizás es que realmente tienen ese dinero. 
En lugar de querer bajarlos a nuestra mediocridad hay que pedir a los dirigentes de las otras ligas que consigan los contratos millonarios que consiguen ellos.",True,DiegoDav07,2095036605132091656,False,0,0,es,2095041184066338912,0,https://x.com/ScarFace2824/status/2095041184066338912,reply-archive,
2094912535413793210,2026-09-01 22:17:24+00:00,@_Futbolero_ Es mejor subir a Gariba que mantener a Cortés jugando al fútbol de Flick,True,_Futbolero_,2094886375824748605,False,0,0,es,2094912535413793210,0,https://x.com/ScarFace2824/status/2094912535413793210,reply-archive,
2094912123411271824,2026-09-01 22:15:46+00:00,@FCBarcelona_cat Uno di noi https://t.co/CZgXJA9WPx,True,FCBarcelona_cat,2094908232875512169,False,0,0,it,2094912123411271824,1,https://x.com/ScarFace2824/status/2094912123411271824,reply-archive,
2094911767453327678,2026-09-01 22:14:21+00:00,@alexdelmas10 Y a quins preus. Mentres nosaltres Rodri per 60.,True,alexdelmas10,2094905438001111192,False,0,0,ca,2094911767453327678,0,https://x.com/ScarFace2824/status/2094911767453327678,reply-archive,
2094911586880078001,2026-09-01 22:13:38+00:00,"@Blayasensat Sensato: no fichar por fichar, no sobrepagar y aprovechar oportunidades. Gordon anticipa futura necesidad, Adeyemi eleva el banquillo, Rodri por 60M es una locura y Cancelo gratis. No falta cerrar también 9 de futuro + central zurdo en una sola ventana. Salidas TOP 
8,5/10. https://t.co/SIHQTeC4fq",True,Blayasensat,2094905252080201891,False,8,0,es,2094911586880078001,1,https://x.com/ScarFace2824/status/2094911586880078001,reply-archive,
2094883576353361971,2026-09-01 20:22:20+00:00,"@manel10valle En 15 anys no ha canviat el futbol. 
Será per favoritisme que Flick se la ha jugat reconvertint a Gerard Martin quan ja tenia a Eric en el seu prime y no per ser esquerrà.",True,manel10valle,2094797142170775842,False,0,0,ca,2094883576353361971,0,https://x.com/ScarFace2824/status/2094883576353361971,reply-archive,
2094883052522549291,2026-09-01 20:20:15+00:00,"@UCulemas @FCBarcelona Hablais como si concierais las ofertas, puede que fuera el club que las rechazara por ser inferiores a esos 30M. Puede que hayan querido cederlo para aumentar su valor. Luego no nos quejemos del ATM si nosotros obligamos a un jugador a irse a Turquia o Arabia. 
Ojalá le vaya bien",True,UCulemas,2094845184517324937,False,1,0,es,2094883052522549291,0,https://x.com/ScarFace2824/status/2094883052522549291,reply-archive,
2094881969737769135,2026-09-01 20:15:57+00:00,@Padremany1 @Pizzi_Macanudo Que salga Araújo ya es una mejora,True,Padremany1,2094802381015822623,False,1,0,es,2094881969737769135,0,https://x.com/ScarFace2824/status/2094881969737769135,reply-archive,
2094881018939420843,2026-09-01 20:12:10+00:00,@BARCATHEKING77 Estarás dentro del Barça para saber todo eso...,True,BARCATHEKING77,2094806955709669524,False,0,0,es,2094881018939420843,0,https://x.com/ScarFace2824/status/2094881018939420843,reply-archive,
2094870683272577392,2026-09-01 19:31:06+00:00,@memorabilia1899 La manga zurda parece de camiseta de la selección española,True,memorabilia1899,2094861189213790594,False,1,0,es,2094870683272577392,0,https://x.com/ScarFace2824/status/2094870683272577392,reply-archive,
2094855335135596545,2026-09-01 18:30:07+00:00,@Padremany1 Luego criticamos al ATM...,True,Padremany1,2094853847164301466,False,0,0,es,2094855335135596545,0,https://x.com/ScarFace2824/status/2094855335135596545,reply-archive,
2094845065457762337,2026-09-01 17:49:18+00:00,@wishinguachi @Jrgld00 Seguramente porque no lo seas,True,wishinguachi,2094840674390814836,False,7,0,es,2094845065457762337,0,https://x.com/ScarFace2824/status/2094845065457762337,reply-archive,
2094845030913442070,2026-09-01 17:49:10+00:00,@wishinguachi Otra?,True,wishinguachi,2094830422920171670,False,2,0,es,2094845030913442070,0,https://x.com/ScarFace2824/status/2094845030913442070,reply-archive,
2094844766370578778,2026-09-01 17:48:07+00:00,"@dembelismo99_ Tienes a Gariba, Onstein, Pacifico y Baza. Era de Lukeba para arriba.",True,dembelismo99_,2094832556268986751,False,0,0,es,2094844766370578778,0,https://x.com/ScarFace2824/status/2094844766370578778,reply-archive,
2094796790855827469,2026-09-01 14:37:29+00:00,"@1899DanielFCB Puedes fichar a Salinas para que Espart pueda estar disponible para el lateral derecho cuando se le necesite. 
O que se te vaya la olla y clausular a Pubill si todavía no ha renovado.",True,1899DanielFCB,2094796391511986544,False,1,0,es,2094796790855827469,0,https://x.com/ScarFace2824/status/2094796790855827469,reply-archive,
2094796438844703045,2026-09-01 14:36:05+00:00,"@BlxckNews Ojalá verlo en el Depor con Auba. Se va a lucir. 
Y nos darán más de lo que ofrecen hoy. Win win para todas las partes.",True,BlxckNews,2094791996254634306,False,2,0,es,2094796438844703045,0,https://x.com/ScarFace2824/status/2094796438844703045,reply-archive,
2075178929531363537,2026-07-09 11:23:06+00:00,@rubnh_ @BlxckNews Donde están esos 2/3 años buenos. Que ni es titular indiscutible en el Dormunt ni convocado con la selección?,True,rubeeen21_,2075177899947065531,False,0,0,es,2075178929531363537,0,https://x.com/ScarFace2824/status/2075178929531363537,reply-archive,
2075178615226962226,2026-07-09 11:21:51+00:00,"@EdwinYesid1995 @MisterCruyff14 A ver que no cuesta tanto de entender. No me quejo de que no venga Diomande, obviamente es una operación díficil. Me quejo que los mismos que piden más tiempo para ver si Diomande mantiene el nivel, son los mismos que piden a Adeyemi cuando se ha visto que no mantiene el nivel",True,EdwinYesid1995,2075176701928013909,False,0,0,es,2075178615226962226,0,https://x.com/ScarFace2824/status/2075178615226962226,reply-archive,
2075177642815373686,2026-07-09 11:17:59+00:00,@LordbzB Quizás por que este mismo entrenador no ha parado de repetir que se quiere ir en 1 año o 2,True,LordbzB,2075148605552226614,False,0,0,es,2075177642815373686,0,https://x.com/ScarFace2824/status/2075177642815373686,reply-archive,
2075174661382377639,2026-07-09 11:06:08+00:00,@apmbonmati14 Un upgrade de un x15 en el coste de fichaje y un x10 en el sueldo.,True,apmbonmati14,2075134972428537860,False,1,0,es,2075174661382377639,0,https://x.com/ScarFace2824/status/2075174661382377639,reply-archive,
2075174023651057933,2026-07-09 11:03:36+00:00,@MisterCruyff14 Ojalá,True,MisterCruyff14,2075168704808038582,False,0,0,es,2075174023651057933,0,https://x.com/ScarFace2824/status/2075174023651057933,reply-archive,
2075172847144579525,2026-07-09 10:58:56+00:00,@BarceLocuras @BlxckNews Que consecuencias?,True,BarceLocuras,2075172112000586078,False,0,0,es,2075172847144579525,0,https://x.com/ScarFace2824/status/2075172847144579525,reply-archive,
2075172755675222082,2026-07-09 10:58:34+00:00,"@Gavi5368744 @C8_H10_N4_O2_ @AdrianMLG10 @BlxckNews Entonces en su día, cuando Lamine o Cubarsí solo llevaban una temporada era una locura que los otros equipos los quisieran fichar por más de 100M, tú los hubieras vendido?",True,Gavi5368744,2075171273282289999,False,0,0,es,2075172755675222082,0,https://x.com/ScarFace2824/status/2075172755675222082,reply-archive,
2075172465060311230,2026-07-09 10:57:25+00:00,"@EdwinYesid1995 @MisterCruyff14 1 Adeyemi suple rol Roony cuando el sueco cobra 1M y el alemán pide más de 10M
2 mi punto es que para Diomande un temporada no es suficiente para comprarlo pero cuando la estrella emergente le das 4 años y ves que no da el nivel entonces si es bueno traerla.",True,EdwinYesid1995,2075169683418788091,False,1,0,es,2075172465060311230,0,https://x.com/ScarFace2824/status/2075172465060311230,reply-archive,
2075171709871681693,2026-07-09 10:54:25+00:00,@ShadowMonarch23 @M4rshallfcb2 Pero el suelo mucho más bajo.,True,ShadowMonarch23,2074994285523398958,False,0,0,es,2075171709871681693,0,https://x.com/ScarFace2824/status/2075171709871681693,reply-archive,
2075171411002368037,2026-07-09 10:53:13+00:00,"@BlxckNews Le está pidiendo más de 10M al Dormunt. Aquí lo situa en escala Pedri, Araujo... Viniendo a cubrir rol Roony que cobra 1M",True,BlxckNews,2074994578369736837,False,0,0,es,2075171411002368037,0,https://x.com/ScarFace2824/status/2075171411002368037,reply-archive,
2075171096664363164,2026-07-09 10:51:58+00:00,@dembelismo99_ Lamine necesita un Neymar. No otro Pedrito teniendo ya a Gordon.,True,dembelismo99_,2075156046637564197,False,0,0,es,2075171096664363164,0,https://x.com/ScarFace2824/status/2075171096664363164,reply-archive,
2075170720074617033,2026-07-09 10:50:29+00:00,"@BlxckNews Entonces Bayern vendería a Olise. Me parece bien aprovechar oportunidades de mercado pero gastarte 30M en un tio que sale gratis en un año, que no tiene personalidad para ser rol Roony y que quiere cobrar 10M cuando el sueco cobra 1M, por lo menos permiteme dudar.",True,BlxckNews,2075162480624476537,False,0,0,es,2075170720074617033,0,https://x.com/ScarFace2824/status/2075170720074617033,reply-archive,
2075169194111361428,2026-07-09 10:44:25+00:00,"@Gavi5368744 @C8_H10_N4_O2_ @AdrianMLG10 @BlxckNews Revisa los ha*. 
Pero a que en su día con Lamine y Cubarsí te bastó con una temporada para saber que debían ser titulares y que no los querías vender por 120M. Pues yo veo eso en Diomande y me parece justo que pidan eso, porque yo no vendía a Lamine en su primera temporada por -",True,Gavi5368744,2075168129596940365,False,0,0,es,2075169194111361428,0,https://x.com/ScarFace2824/status/2075169194111361428,reply-archive,
2075168663217283120,2026-07-09 10:42:18+00:00,"@BarceLocuras @BlxckNews Pues desinstalo X hasta el 1 de setiembre, es así?",True,BarceLocuras,2075163308395487643,False,0,0,es,2075168663217283120,0,https://x.com/ScarFace2824/status/2075168663217283120,reply-archive,
2075168491582194143,2026-07-09 10:41:37+00:00,"@10don_dinho @BlxckNews Mi argumento es indiferente al fpf. Se critica un fichaje por que en una temporada no se puede demostrar que mantendrá el nivel y cuando Adeyemi se queda 4 años y se ve que no ha mantenido el nivel de su primera temporada, entonces si hay que traerlo.",True,10don_dinho,2075162559406100606,False,0,0,es,2075168491582194143,0,https://x.com/ScarFace2824/status/2075168491582194143,reply-archive,
2075168088283140552,2026-07-09 10:40:01+00:00,@EdwinYesid1995 @MisterCruyff14 A ver si ahora no podemos no estar seguros de un fichaje apaga y vamonos. Para eso estamos en twitter? Para no opinar?,True,EdwinYesid1995,2075161419369099293,False,0,0,es,2075168088283140552,0,https://x.com/ScarFace2824/status/2075168088283140552,reply-archive,
2075167716638404642,2026-07-09 10:38:33+00:00,"@MisterCruyff14 Obviamente, mi punto es que no entiendo la estrategia de no querer fichar la estrella emergente de la Bundes porque solo lleva una temporada, esperar a ver si mantiene el nivel y cuando se ve que es suficientemente malo como para comprarlo por 30M y no por 100, entonces si.",True,MisterCruyff14,2075166227903795263,False,0,0,es,2075167716638404642,0,https://x.com/ScarFace2824/status/2075167716638404642,reply-archive,
2075166737616494876,2026-07-09 10:34:39+00:00,@Blaugraanalife @MisterCruyff14 Fantasyland los que pedís a un tio que quiere cobrar 10M y con su personalidad conflictiva para cubrir el rol con pocos minutos de Roony el cual cobra 1M y ha aceptado ese rol. Teniendo canteranos por subir. A pagar 30M por una temporada de este tio. Luego nos reimos de Trent.,True,Blaugraanalife,2075161741831336388,False,0,0,es,2075166737616494876,0,https://x.com/ScarFace2824/status/2075166737616494876,reply-archive,
2075162640620437942,2026-07-09 10:18:22+00:00,"@ShadowMonarch23 Casadó o Roony sin dinero de por medio, sino no le veo sentido",True,ShadowMonarch23,2075161125893632145,False,0,0,es,2075162640620437942,0,https://x.com/ScarFace2824/status/2075162640620437942,reply-archive,
2075160874587681089,2026-07-09 10:11:21+00:00,@BlxckNews A muerte con Flick. Para mi a la altura de efecto Ronaldinho. Pero no para de repetir que se va en un año o dos. Y planificar entorno a eso no creo que sea lo mejor.,True,BlxckNews,2075151499697476031,False,1,0,es,2075160874587681089,0,https://x.com/ScarFace2824/status/2075160874587681089,reply-archive,
2075159978835378227,2026-07-09 10:07:48+00:00,@MisterCruyff14 Uno es titular y el Neymar de Lamine y el otro viene a cubrir los minutos de Roony que cobra 1M y podrías subir a un canterano que no te pide 10M y no te tienes que gastar 30/40M en un tio que sale gratis en un año y que ha demostrado ser el bluf que quereis que sea Diomande.,True,MisterCruyff14,2075158639166279914,False,1,0,es,2075159978835378227,0,https://x.com/ScarFace2824/status/2075159978835378227,reply-archive,
2075157640833843338,2026-07-09 09:58:30+00:00,"@Jaumeecuenta2 @ShadowMonarch23 Ya pero se va a fichar a Julián, tienes a Fermín y Olmo. Y los minutos de Roony que cobra 1M los puede suplir uno de la cantera. No un tio por el que pagas 30M saliendo gratis en un año y que está pidiendo 10M. Un techo que en 4 años en una supuesta ""liga menor"" no ha demotrado.",True,Jaumeecuenta2,2075155153481601259,False,0,0,es,2075157640833843338,0,https://x.com/ScarFace2824/status/2075157640833843338,reply-archive,
2075156798185607419,2026-07-09 09:55:09+00:00,"@generacionmeyba @C8_H10_N4_O2_ @BlxckNews Está pidiendo más de 10M un tio que no rinde desde hace 4 años. 
En España lo que lo puede poner a nivel Pedri, Olmo, Araújo.
Y Roony está cobrando 1M bruto.",True,generacionmeyba,2075151022473846960,False,0,0,es,2075156798185607419,0,https://x.com/ScarFace2824/status/2075156798185607419,reply-archive,
2075154185121612050,2026-07-09 09:44:46+00:00,@Jaumeecuenta2 @ShadowMonarch23 Y nosotros para suplir los minutos de Roony,True,Jaumeecuenta2,2075153735999734173,False,0,0,es,2075154185121612050,0,https://x.com/ScarFace2824/status/2075154185121612050,reply-archive,
2075153502989361172,2026-07-09 09:42:04+00:00,@Global_Esferic @C8_H10_N4_O2_ @AdrianMLG10 @BlxckNews Guardo,True,Global_Esferic,2075151067214430682,False,0,0,es,2075153502989361172,0,https://x.com/ScarFace2824/status/2075153502989361172,reply-archive,
2075153254304923918,2026-07-09 09:41:04+00:00,"@ShadowMonarch23 Adeyemi maximo 20 pudiendo venir gratis en un año. De verdad una temporada de este tio cuesta 30M? Nos reíamos de los 10M por Trent. 
100M por Julián o Koupri. 
Venta de Ferran y Raphinha te daba perfectamente para Diomande si no traias a Adeyemi.",True,ShadowMonarch23,2075151760868430088,False,0,0,es,2075153254304923918,0,https://x.com/ScarFace2824/status/2075153254304923918,reply-archive,
2075151663543759214,2026-07-09 09:34:45+00:00,"@ReshadRahman Depende del precio, si lo fichas por lo que puedes conseguir por Roony está bien. Si es más caro es mala operación terminando contrato en un año.",True,ReshadRahman,2075145913597825448,False,0,0,es,2075151663543759214,0,https://x.com/ScarFace2824/status/2075151663543759214,reply-archive,
2075151475571867929,2026-07-09 09:34:00+00:00,"@aPartidoUnico Si lo fichas por lo que entras por Roony, si",True,aPartidoUnico,2075145397605920943,False,0,0,es,2075151475571867929,0,https://x.com/ScarFace2824/status/2075151475571867929,reply-archive,
2075151197581779183,2026-07-09 09:32:54+00:00,"@trovewho @ReshadRahman @berger_pj Too much. You are paying 30M for a season, because next year will be free agent. This summer we were all laughing because RM paid 10M for Arnold to play a tournament.",True,trovewho,2075143653354577951,False,1,0,en,2075151197581779183,0,https://x.com/ScarFace2824/status/2075151197581779183,reply-archive,
2075150832501195255,2026-07-09 09:31:27+00:00,"@sirfcb_ Yo vendía a Ferran pero no para traer a Adeyemi, este te debería costar lo que saques por Roony porque va a tener su rol. Lo de Ferran a Asllani. Y puedes tener el ataque dinámico del PSG y el del Bayern con Kane.",True,sirfcb_,2075141409007374631,False,1,0,es,2075150832501195255,0,https://x.com/ScarFace2824/status/2075150832501195255,reply-archive,
2075150150725505463,2026-07-09 09:28:45+00:00,"@C8_H10_N4_O2_ @generacionmeyba @BlxckNews No se, tenemos un ejemplo muy claro. Rashford cuesta 30 pero no viene porque pide mucho en salario pero Gordon costando más del doble es más rentable porque cobra mucho menos.",True,C8_H10_N4_O2_,2075137508677943752,False,0,0,es,2075150150725505463,0,https://x.com/ScarFace2824/status/2075150150725505463,reply-archive,
2075149741411750215,2026-07-09 09:27:07+00:00,"@trivialqed @BlxckNews Claro la cosa es no pagar 120M por la estrella emergente y esperar a que demuestre que mantiene el nivel y entonces que sea imposible traerla, o que sea la suficientemente malo para traerlo por 30. Esa es la estrategia.",True,trivialqed,2075142042645057745,False,0,0,es,2075149741411750215,0,https://x.com/ScarFace2824/status/2075149741411750215,reply-archive,
2075149398321860755,2026-07-09 09:25:45+00:00,@C8_H10_N4_O2_ @AdrianMLG10 @BlxckNews Ahora si pero en su primera temporada ya veiamos todos que debían ser titulares y en los otros equipos hubieran estado dispuestos a pagar 120M por ellos sin dudarlo y ningún culer los hubiera vendido por esa cantidad. Porque no pagar eso por un Lamine o Cubarsí de otro equipo?,True,C8_H10_N4_O2_,2075142962082640299,False,1,0,es,2075149398321860755,0,https://x.com/ScarFace2824/status/2075149398321860755,reply-archive,
2075149010902397283,2026-07-09 09:24:13+00:00,@BarceLocuras @BlxckNews Y asumimos que Lamine jugará menos?,True,BarceLocuras,2075146078345720067,False,0,0,es,2075149010902397283,0,https://x.com/ScarFace2824/status/2075149010902397283,reply-archive,
2075140501393617148,2026-07-09 08:50:24+00:00,"@C8_H10_N4_O2_ @AdrianMLG10 @BlxckNews Yo es que pienso en como Lamine y Cubarsí siendo jóvenes y que desde fuera del Barça no se conocían, todos teníamos claro con su primera temporada que tenían que ser ya titulares indiscutibles pese a ser su primera temporada. 
Y nosotros no los venderiamos por 120 sino por más.",True,C8_H10_N4_O2_,2075137842267775459,False,1,0,es,2075140501393617148,0,https://x.com/ScarFace2824/status/2075140501393617148,reply-archive,
2075137630992302131,2026-07-09 08:39:00+00:00,@gxldeadam A ver cuánto se paga por un y si... quedando libre en un año,True,gxldeadam,2074981403884769298,False,1,0,es,2075137630992302131,0,https://x.com/ScarFace2824/status/2075137630992302131,reply-archive,
2075137196290445345,2026-07-09 08:37:16+00:00,@Laminista2025 Solo 20 vale Ferran?,True,Laminista2025,2074989206036729980,False,0,0,es,2075137196290445345,0,https://x.com/ScarFace2824/status/2075137196290445345,reply-archive,
2075136978421461310,2026-07-09 08:36:24+00:00,@BlxckNews Se entiende. Lo que no se entiende es que os preocupe no saber si va a mantener en nivel más de una temporada y cuando se ve que no lo mantiene sí lo quereis traer. El peak de Adeyemi nunca ha sido el de Dembele. Y vamos a ver como su personalidad acepta los minutos de Roony.,True,BlxckNews,2075134660024103142,False,3,0,es,2075136978421461310,0,https://x.com/ScarFace2824/status/2075136978421461310,reply-archive,
2075128526093561916,2026-07-09 08:02:49+00:00,"@sirfcb_ Podías cubrir el extremo con Virgili por 7M, entiendo que no se confía en él y se quiere sacar dinero. A ver cuanto te cuesta una temporada del alemán porque en un año te sale gratis. Más de lo que consigues con una venta de Roony es cagada.",True,sirfcb_,2075126236490220027,False,0,0,es,2075128526093561916,0,https://x.com/ScarFace2824/status/2075128526093561916,reply-archive,
2075127929793569043,2026-07-09 08:00:27+00:00,@Banquilleros Mucha fe si pensamos que un tio con la personalidad de Ayedemi se va a tomar bien tener los minutos de Roony,True,Banquilleros,2075113335956062693,False,0,0,es,2075127929793569043,0,https://x.com/ScarFace2824/status/2075127929793569043,reply-archive,
2075127699132027108,2026-07-09 07:59:32+00:00,@planetabarcaa Como no salga por el mismo precio de salida de Roony no lo entiendo,True,planetabarcaa,2074982724574630351,False,0,0,es,2075127699132027108,0,https://x.com/ScarFace2824/status/2075127699132027108,reply-archive,
2075127358248378447,2026-07-09 07:58:10+00:00,@generacionmeyba @BlxckNews Porque no renueva Adeyemi? Porque está pidiendo una pasta. Diomande cobra poco. Y es un perfil que necesitas para quitarle marcas a Lamine y que desborde cuando el 10 no esté. Recordemos que esta temporada el SEGUNDO MEJOR regateador ha sido CANCELO!,True,generacionmeyba,2075126549808877745,False,0,0,es,2075127358248378447,0,https://x.com/ScarFace2824/status/2075127358248378447,reply-archive,
2075126831963832708,2026-07-09 07:56:05+00:00,@CristianJA98 @ShadowMonarch23 Tanto mercado que quedando libre en un año nadie va a por él.,True,CristianJA98,2075123999978197450,False,0,0,es,2075126831963832708,0,https://x.com/ScarFace2824/status/2075126831963832708,reply-archive,
2075126683569418622,2026-07-09 07:55:30+00:00,"@AdrianMLG10 @BlxckNews Vale 40M 1 temporada de este tio que ha sido un bluff, se quejan de su personalidad y tiene problemas con las lesiones? Porque en un año sale gratis. Es más rídiculo que pagar 10M para que Arnold juegue el mundialito.",True,AdrianMLG10,2075125934886207814,False,2,0,es,2075126683569418622,0,https://x.com/ScarFace2824/status/2075126683569418622,reply-archive,
2075126218152698085,2026-07-09 07:53:39+00:00,"Esto me preocupa. Con Gordon todos vimos que su actitud y personalidad encaja con el Barça, con Flick y con el vestuario. De este tio no me fio. https://t.co/g49K1IVEBW",False,,,False,0,0,es,2075126218152698085,0,https://x.com/ScarFace2824/status/2075126218152698085,standalone-archive,
2075125880305643547,2026-07-09 07:52:18+00:00,@ShadowMonarch23 Demasiado. En un año sale gratis. Tanto vale una temporada de este tio?,True,ShadowMonarch23,2075124632655446293,False,4,0,es,2075125880305643547,0,https://x.com/ScarFace2824/status/2075125880305643547,reply-archive,
2075125546149650470,2026-07-09 07:50:58+00:00,@_AdrianSnchz Con Flick a muerte. Para mi a la altura de lo que significó Ronaldinho en su momento. Pero si siempre dice que en 1 temporada o 2 se quiere ir no se puede adaptar tanto la planificación entorno a él. Trayendo ya a Gordon el otro extremo debe tener desborde para cuando falte el 10,True,_AdrianSnchz,2074991084845822303,False,0,0,es,2075125546149650470,0,https://x.com/ScarFace2824/status/2075125546149650470,reply-archive,
2075123381783974331,2026-07-09 07:42:22+00:00,"@BlxckNews Es curioso: con Diomande no vale porque “no hay que fiarse de una estrellita de una temporada en Bundesliga”. Pero con Adeyemi, que explotó joven, se quedó, acumuló años de muestra y dejó bastantes más dudas que certezas, ahí sí hay que confiar. El criterio cambia según el nombre",True,BlxckNews,2075114991959605400,False,17,1,es,2075123381783974331,0,https://x.com/ScarFace2824/status/2075123381783974331,reply-archive,
2075122782006894810,2026-07-09 07:39:59+00:00,"@BlxckNews Sigue faltando desborde, sin Lamine aquí no regatea nadie, otro año con Cancelo siendo el segundo regateador del Barça",True,BlxckNews,2074991349594526176,False,0,0,es,2075122782006894810,0,https://x.com/ScarFace2824/status/2075122782006894810,reply-archive,
2075122388862136339,2026-07-09 07:38:26+00:00,@GallineroBlau Pues quedando libre en un año ya puede llegar por el precio de salida de Roony,True,GallineroBlau,2075092695974813907,False,0,0,es,2075122388862136339,0,https://x.com/ScarFace2824/status/2075122388862136339,reply-archive,
2075121968123158818,2026-07-09 07:36:45+00:00,@sirfcb_ Y Julián,True,sirfcb_,2075117016109736256,False,0,0,es,2075121968123158818,0,https://x.com/ScarFace2824/status/2075121968123158818,reply-archive,
2075121583882903957,2026-07-09 07:35:14+00:00,"@sirfcb_ La clave es el precio. Si viene a por los minutos de Roony y pudoendo llegar gratis en un año, no debe costar mucho más de lo que te deje Roony en caja.",True,sirfcb_,2075108585151824337,False,0,0,es,2075121583882903957,0,https://x.com/ScarFace2824/status/2075121583882903957,reply-archive,
2075121154285604891,2026-07-09 07:33:31+00:00,"@ShadowMonarch23 Pues el precio debe ser acorde a eso, sino porque no esperar a que quede libre? No debe costar mucho más del precio de salida de Roony",True,ShadowMonarch23,2075106527501832469,False,0,0,es,2075121154285604891,0,https://x.com/ScarFace2824/status/2075121154285604891,reply-archive,
2074999993564344735,2026-07-08 23:32:04+00:00,"@Kosobets Luego dicen que no hay que fiarse de las estrellitas de una temporada de la Bundes, pero las que lo son y luego decae su rendimiento a lo largo de los años si los quieren.",True,Kosobets,2074995050681913469,False,0,0,es,2074999993564344735,0,https://x.com/ScarFace2824/status/2074999993564344735,reply-archive,
2074984499209818396,2026-07-08 22:30:30+00:00,@sirfcb_ Espero,True,sirfcb_,2074982515064930524,False,0,0,es,2074984499209818396,0,https://x.com/ScarFace2824/status/2074984499209818396,reply-archive,
2074984445023490429,2026-07-08 22:30:17+00:00,"@Somhiseremfcb No, en un año lo tienes gratis. Hay otras prioridades y encima otras opciones en el extremo.",True,Somhiseremfcb,2074982276106994124,False,4,0,es,2074984445023490429,0,https://x.com/ScarFace2824/status/2074984445023490429,reply-archive,
2074912246514217312,2026-07-08 17:43:24+00:00,@BlxckNews Hubiera preferido a Gordon independientemente de la cantidad. Lo que busca es no quedarse si un Raphinha como le ha pasado esta temporada. La clave es si vendiendo a Raphinha y a Ferran te da para Diomande.,True,BlxckNews,2074894545058218411,False,1,0,es,2074912246514217312,0,https://x.com/ScarFace2824/status/2074912246514217312,reply-archive,
2074848828730065214,2026-07-08 13:31:24+00:00,"RT @ScarFace2824: @JeffFcb14 También pasa en los cómics, tranquilos. Sam Raimi lo reflejó en Spiderman 2. Luego vuelve más fuerte. Y en la…",False,,,True,0,0,es,2074848828730065214,0,https://x.com/ScarFace2824/status/2074848828730065214,retweet-archive,
2074794523280966065,2026-07-08 09:55:36+00:00,"@MarioWrestIing Si Sami le quita el sitio de Chad Gable con historia y push contra Gunther en Wrestlemania no es politiquero, si Sami de la nada le gana a todo un Cody y a todo un Gunther que viene de retirar a leyendas, para convertirse en grand slam, no es politiqueo. Gana Punk politiquero",True,MarioWrestIing,2074583884872683774,False,0,0,es,2074794523280966065,0,https://x.com/ScarFace2824/status/2074794523280966065,reply-archive,
2074761606731329611,2026-07-08 07:44:48+00:00,"@ShadowMonarch23 Si es de futuro, porque no esperar un año y traerlo gratis?",True,ShadowMonarch23,2074758626133127523,False,0,0,es,2074761606731329611,0,https://x.com/ScarFace2824/status/2074761606731329611,reply-archive,
2074755322133070020,2026-07-08 07:19:50+00:00,@annaisculer Los 9 de Argentina nunca van a brillar porque el que tiene que terminar las jugadas no son ellos sino Messi.,True,annaisculer,2074553059141632298,False,1,0,es,2074755322133070020,0,https://x.com/ScarFace2824/status/2074755322133070020,reply-archive,
2074621845299462240,2026-07-07 22:29:27+00:00,@ShadowMonarch23 Ya está Gordon para eso lo que se necesita un 9 que se asocie bien y mejore las jugadas para potenciar a los extremos y Fermín. Que sea autosuficiente y que aproveche lo que te generan Pedri y Lamine. Julián es la mejor opción disponible.,True,ShadowMonarch23,2074617063541199328,False,10,1,es,2074621845299462240,0,https://x.com/ScarFace2824/status/2074621845299462240,reply-archive,
2074591092591177907,2026-07-07 20:27:15+00:00,"@YossiBenYakar Aviso a todos los posibles turistas de Barcelona o España en general, aunque también se podría decir para otros países como Alemania, Italia, Francia, Inglaterra o incluso países Nórdicos. No estamos seguros los propios ciudadanos como para que vengais y seais blanco facil.",True,YossiBenYakar,2074335462991229023,False,0,0,es,2074591092591177907,0,https://x.com/ScarFace2824/status/2074591092591177907,reply-archive,
2074558571425964118,2026-07-07 18:18:01+00:00,"@As_TomasRoncero Croacia en cambio es un país pequeño que si lo merece. 
Modric, leyenda del Madrid:
""El árbitro dijo que tocó el balón en el gol que nos anularon. Hemos visto las repeticiones y en NINGUNA se ve que tocase el balón. Si no lo tocó, NO ES FUERA DE JUEGO"" https://t.co/c6jUNg4Pc5",True,As_TomasRoncero,2074555032221982938,False,0,0,es,2074558571425964118,1,https://x.com/ScarFace2824/status/2074558571425964118,reply-archive,
2074556752826081627,2026-07-07 18:10:47+00:00,"@JeffFcb14 También pasa en los cómics, tranquilos. Sam Raimi lo reflejó en Spiderman 2. Luego vuelve más fuerte. Y en la 3, a parte de azulgrana también viste de negro. https://t.co/jyZs1gDZhM",True,JeffFcb14,2074546123033768023,False,2,1,es,2074556752826081627,1,https://x.com/ScarFace2824/status/2074556752826081627,reply-archive,
2074554916903747808,2026-07-07 18:03:30+00:00,@Mario___RM Decías...,True,Mario___RM,2074547466364436522,False,0,0,es,2074554916903747808,0,https://x.com/ScarFace2824/status/2074554916903747808,reply-archive,
2074554297006624810,2026-07-07 18:01:02+00:00,@Reycholosimeone Ni 60M,True,Reycholosimeone,2074534653801709977,False,0,0,und,2074554297006624810,0,https://x.com/ScarFace2824/status/2074554297006624810,reply-archive,
2074554186390196673,2026-07-07 18:00:36+00:00,@Mancuer91 Y que minutos!!!!,True,Mancuer91,2074548304252195173,False,0,0,es,2074554186390196673,0,https://x.com/ScarFace2824/status/2074554186390196673,reply-archive,
2074551624681336958,2026-07-07 17:50:25+00:00,@Mart1Aarn Raro término bocazas para hablar de fútbol.,True,Mart1Aarn,2074551040788107456,False,0,0,es,2074551624681336958,0,https://x.com/ScarFace2824/status/2074551624681336958,reply-archive,
2074551402672644300,2026-07-07 17:49:32+00:00,@Somhiseremfcb Esto es aparecer en los momentos importantes. Donde estaba Cristiano ayer?,True,Somhiseremfcb,2074551033854939287,False,1,0,es,2074551402672644300,0,https://x.com/ScarFace2824/status/2074551402672644300,reply-archive,
2074550744569586113,2026-07-07 17:46:55+00:00,@Mart1Aarn Vete a Egipto en pareja a ver si los tragas.,True,Mart1Aarn,2074549877866893820,False,0,0,es,2074550744569586113,0,https://x.com/ScarFace2824/status/2074550744569586113,reply-archive,
2074547407602241616,2026-07-07 17:33:39+00:00,@ByDiegoX10 https://t.co/jAohYRpE6a,True,ByDiegoX10,2074529632020283802,False,0,0,qme,2074547407602241616,0,https://x.com/ScarFace2824/status/2074547407602241616,reply-archive,
2074547034804142368,2026-07-07 17:32:10+00:00,@FutSheriff Solo hace falta ver La Liga Española,True,FutSheriff,2074545014382727523,False,0,0,es,2074547034804142368,0,https://x.com/ScarFace2824/status/2074547034804142368,reply-archive,
2074546735301448104,2026-07-07 17:30:59+00:00,@alexdelmas10 No se entiende un 442 sin extremos jugando contra Egipto. A ver ahora si Nico abre el campo.,True,alexdelmas10,2074539613960483283,False,0,0,es,2074546735301448104,0,https://x.com/ScarFace2824/status/2074546735301448104,reply-archive,
2074544352357990869,2026-07-07 17:21:31+00:00,"@Oscar16071 ""Bluck pur fultur ul rusputu puyusu"" 

También @Oscar16071 : Deco es un maldito inútil

Tenemos al enemigo en casa. Contra esto también tenemos que luchar. https://t.co/JwMNS1FYik",False,Oscar16071,,False,0,0,es,2074544352357990869,2,https://x.com/ScarFace2824/status/2074544352357990869,standalone-archive,
2074542508713845146,2026-07-07 17:14:11+00:00,"No puedo llamarle iluminado porque como no quiere argumentar bloquea. 
@RiquiSalmon11 https://t.co/IQp9hlw2iO",False,,,False,1,0,es,2074542508713845146,1,https://x.com/ScarFace2824/status/2074542508713845146,standalone-archive,
2074538005474299966,2026-07-07 16:56:18+00:00,"@Oscar16071 Vaya retrasados. Lewan vino con esa edad costando 5 veces más y se va siendo una leyenda, da igual que luego no se revenda costando 10M. Atontados.",True,Oscar16071,2074437833503220160,False,1,0,es,2074538005474299966,0,https://x.com/ScarFace2824/status/2074538005474299966,reply-archive,
2074536741797580829,2026-07-07 16:51:16+00:00,"@_AdrianSnchz Es porque no puedes poner 99 en todos los atributos, para compensar había que poner 10 en penaltis.",True,_AdrianSnchz,2074530848397783213,False,29,2,es,2074536741797580829,0,https://x.com/ScarFace2824/status/2074536741797580829,reply-archive,
2074484717743685972,2026-07-07 13:24:33+00:00,@RevenRV Como si hubiera estado muy exigido,True,RevenRV,2074246914027991524,False,0,0,es,2074484717743685972,0,https://x.com/ScarFace2824/status/2074484717743685972,reply-archive,
2074473077413404880,2026-07-07 12:38:18+00:00,"@Blayasensat Tenían la ilusión de que acabara una época Messi, cuando ha aparecido de la nada Lamine y ven que la historia se puede repetir. Y por ese miedo quieren ponerle palos en las ruedas metiendole la presión a un niño de tener que ser balón de oro con 18 años. No hay más.",True,Blayasensat,2074468732017991761,False,5,0,es,2074473077413404880,0,https://x.com/ScarFace2824/status/2074473077413404880,reply-archive,
2074440263368368600,2026-07-07 10:27:54+00:00,@Padremany1 Y si dejamos de obsesionarnos con que un niño de 18 años gane un Balón de Oro?,True,Padremany1,2074251505444491551,False,1,0,es,2074440263368368600,0,https://x.com/ScarFace2824/status/2074440263368368600,reply-archive,
2074432928294056116,2026-07-07 09:58:45+00:00,@ArsenKveFCB @scapde_45 Ha trascendido el porque?,True,ArsenKveFCB,2074432001730343026,False,0,0,es,2074432928294056116,0,https://x.com/ScarFace2824/status/2074432928294056116,reply-archive,
2074431345279840510,2026-07-07 09:52:28+00:00,@ToIkienverse Empezaban con las sesiones con audiodescripción,True,ToIkienverse,2074430788066537600,False,0,0,es,2074431345279840510,0,https://x.com/ScarFace2824/status/2074431345279840510,reply-archive,
2074254326877331492,2026-07-06 22:09:03+00:00,@sirfcb_ Necesita vacaciones y largas. Ya se le criticó preFlick donde incluso había gente que pedía venderlo. Esta temporada ha jugado todo y siempre los 90 minutos. Flick no lo cambiaba ni que le pagasen y ha llegado tieso.,True,sirfcb_,2074251988045365412,False,0,0,es,2074254326877331492,0,https://x.com/ScarFace2824/status/2074254326877331492,reply-archive,
2074234463802872113,2026-07-06 20:50:08+00:00,@Blayasensat Pedri necesita 3 meses de vacaciones. Lo ha jugado todo esta temporada y llega tieso. Ya pasó la temporada preFlick donde había culers que pedían su venta. Como ahora no paro de ver críticas de los propios culers.,True,Blayasensat,2074219846590509297,False,0,0,es,2074234463802872113,0,https://x.com/ScarFace2824/status/2074234463802872113,reply-archive,
2074234131332939783,2026-07-06 20:48:48+00:00,"@Blayasensat Lo de De la Fuente es rídiculo, viendo el partido de Olmo y de Oyarzabal no tiene sentido estos cambios. Y que meta a Eric o Llorente a defender a Nuno que está fresco.",True,Blayasensat,2074233865313390786,False,7,0,es,2074234131332939783,0,https://x.com/ScarFace2824/status/2074234131332939783,reply-archive,
2074233909445882110,2026-07-06 20:47:56+00:00,"@dembelismo99_ Se decía lo mismo la temporada antes de Flick, solo necesita descansar que lleva jugando todos los minutos toda la temporada.",True,dembelismo99_,2074209795200995678,False,2,0,es,2074233909445882110,0,https://x.com/ScarFace2824/status/2074233909445882110,reply-archive,
2074233465583677518,2026-07-06 20:46:10+00:00,"@RevenRV El partido en general de Mikel, está haciendo el rídiculo.",True,RevenRV,2074209466820489667,False,0,0,es,2074233465583677518,0,https://x.com/ScarFace2824/status/2074233465583677518,reply-archive,
2074232748802216287,2026-07-06 20:43:19+00:00,@DiegoDav07 Un 9 y cualquier jugador de segunda línea. Que mal carga el area esta selección,True,DiegoDav07,2074230540123697561,False,1,0,es,2074232748802216287,0,https://x.com/ScarFace2824/status/2074232748802216287,reply-archive,
2074230555143446950,2026-07-06 20:34:36+00:00,"@Mancuer91 Lo que se necesita es cargar el area, donde está el 9? Que entren Ferran y Gavi.",True,Mancuer91,2074221783356506208,False,1,0,es,2074230555143446950,0,https://x.com/ScarFace2824/status/2074230555143446950,reply-archive,
2074229915461771392,2026-07-06 20:32:03+00:00,"@Guillembp01 Acaba el mundial y de vacaciones 3 meses. Que no vuelva pronto, nos podemos arreglar con Bernal y Gavi.",True,Guillembp01,2074220390797152511,False,0,0,es,2074229915461771392,0,https://x.com/ScarFace2824/status/2074229915461771392,reply-archive,
2074229312413184138,2026-07-06 20:29:40+00:00,"@Somhiseremfcb A ver si él está en el area, que oyarzabal no carga el area",True,Somhiseremfcb,2074219940219892188,False,0,1,es,2074229312413184138,0,https://x.com/ScarFace2824/status/2074229312413184138,reply-archive,
2074219516150575395,2026-07-06 19:50:44+00:00,@andresweiss_ No eres el único,True,andresweiss_,2074218863424643177,False,1,0,es,2074219516150575395,0,https://x.com/ScarFace2824/status/2074219516150575395,reply-archive,
2074209299576852718,2026-07-06 19:10:08+00:00,@Somhiseremfcb Falla esto Ferran con el Barça y nos lo cargamos. Pero ahora hay culers pidiendo a Oyarzabal por 75M,True,Somhiseremfcb,2074209147059413205,False,31,0,es,2074209299576852718,0,https://x.com/ScarFace2824/status/2074209299576852718,reply-archive,
2074123329733058579,2026-07-06 13:28:31+00:00,"@elitelliZN Si De Jong se infiltra para jugar con su país arriesgando la temporada con el Barça está fatal, pero lo hace Raphinha y no pasa nada.",True,elitelliZN,2074110392385577211,False,1,0,es,2074123329733058579,0,https://x.com/ScarFace2824/status/2074123329733058579,reply-archive,
2074110280879989011,2026-07-06 12:36:40+00:00,"@Mart1Aarn Eso solo mide más precodidad pero claro es más facil llamar killer al vikingo de 2m torpe que solo remata al que a parte de marcar más en menos ocasiones, te genera juego, asiste y baja a construir.",True,Mart1Aarn,2074105657255469178,False,0,0,es,2074110280879989011,0,https://x.com/ScarFace2824/status/2074110280879989011,reply-archive,
2074101667931320688,2026-07-06 12:02:27+00:00,"@Mart1Aarn Por dogma, porque por hechos no.",True,Mart1Aarn,2074100792240263372,False,0,0,pt,2074101667931320688,0,https://x.com/ScarFace2824/status/2074101667931320688,reply-archive,
2074100433564451199,2026-07-06 11:57:32+00:00,"@Mart1Aarn Que Kane haga otras mil cosas que Haaland no, no significa que sea menos killer. No solo marca más en absolutos, sino que marca más de lo que debería por goles esperados que Haaland. 
Eso es literalmente ser más clínico. Lo demás es relato, estereotipos, caricaturas...",True,Mart1Aarn,2074098444944175513,False,0,0,es,2074100433564451199,0,https://x.com/ScarFace2824/status/2074100433564451199,reply-archive,
2074093949107511477,2026-07-06 11:31:46+00:00,"@MeuFutbol Se acabó la campaña

https://t.co/9JZmA93WvM

https://t.co/kzoNPtJJMR",True,MeuFutbol,2074053107919597838,False,0,0,es,2074093949107511477,0,https://x.com/ScarFace2824/status/2074093949107511477,reply-archive,
2074093246712529131,2026-07-06 11:28:59+00:00,@TheMavericK_YT https://t.co/MiJetpht1R,True,TheMavericK_YT,2073909565695901851,False,0,0,qme,2074093246712529131,0,https://x.com/ScarFace2824/status/2074093246712529131,reply-archive,
2074092953170047316,2026-07-06 11:27:49+00:00,"@Mart1Aarn Más killer no es. En Champions Kane tiene mejor G-xG que Haaland y en liga 25/26 también: marcó más, con menos tiros y más eficiencia. Y encima participa, baja, asiste y organiza. Haaland es brutal atacando área, pero reducir a Kane a “menos killer” no se sostiene.",True,Mart1Aarn,2074085898686284043,False,0,0,es,2074092953170047316,0,https://x.com/ScarFace2824/status/2074092953170047316,reply-archive,
2074083408276250756,2026-07-06 10:49:53+00:00,@annaisculer Koundé,True,annaisculer,2073898334742253835,False,0,0,ht,2074083408276250756,0,https://x.com/ScarFace2824/status/2074083408276250756,reply-archive,
2074082488855511160,2026-07-06 10:46:14+00:00,@ReshadRahman @FabrizioRomano No tiene sentido en clave Barça.,True,ReshadRahman,2074080444363215357,False,2,0,es,2074082488855511160,0,https://x.com/ScarFace2824/status/2074082488855511160,reply-archive,
2074080491888693265,2026-07-06 10:38:18+00:00,@Blayasensat Justo estaba comentando que Lira me había sorprendido mucho.,True,Blayasensat,2074079865532191213,False,6,0,es,2074080491888693265,0,https://x.com/ScarFace2824/status/2074080491888693265,reply-archive,
2074080031152771362,2026-07-06 10:36:28+00:00,@BarcelonaValor A mi me ha molado mucho el mexicano Lira,True,BarcelonaValor,2074005461884440924,False,1,0,es,2074080031152771362,0,https://x.com/ScarFace2824/status/2074080031152771362,reply-archive,
2074076122996748398,2026-07-06 10:20:56+00:00,@LordbzB Para ser suplente de Cubarsí,True,LordbzB,2074074963284238546,False,1,0,es,2074076122996748398,0,https://x.com/ScarFace2824/status/2074076122996748398,reply-archive,
2074070903923576932,2026-07-06 10:00:12+00:00,@Somhiseremfcb @marca Para que alguien se queje de Gordon.,True,Somhiseremfcb,2074067323028168722,False,3,0,es,2074070903923576932,0,https://x.com/ScarFace2824/status/2074070903923576932,reply-archive,
2074063766908522930,2026-07-06 09:31:50+00:00,@RevenRV https://t.co/6ymXBzZICI,True,RevenRV,2073959622277304605,False,0,0,qme,2074063766908522930,0,https://x.com/ScarFace2824/status/2074063766908522930,reply-archive,
2074062685230989323,2026-07-06 09:27:33+00:00,@UCulemas https://t.co/6ymXBzZICI,True,UCulemas,2073972598464033172,False,0,0,qme,2074062685230989323,0,https://x.com/ScarFace2824/status/2074062685230989323,reply-archive,
2074033978974105772,2026-07-06 07:33:28+00:00,@Somhiseremfcb 🇦🇷,True,Somhiseremfcb,2073919518825394560,False,0,0,qme,2074033978974105772,0,https://x.com/ScarFace2824/status/2074033978974105772,reply-archive,
2073910853338800617,2026-07-05 23:24:13+00:00,RT @RisingStarXI: GAME CHANGER. 🇳🇴🌟 https://t.co/8UK3EOVrqX,False,,,True,0,0,en,2073910853338800617,1,https://x.com/ScarFace2824/status/2073910853338800617,retweet-archive,
2073910588997091745,2026-07-05 23:23:10+00:00,"@ThierryEnric14 La cantera, para que?",True,ThierryEnric14,2073906175410610327,False,1,0,es,2073910588997091745,0,https://x.com/ScarFace2824/status/2073910588997091745,reply-archive,
2073910304048628135,2026-07-05 23:22:02+00:00,@Ayoball99 @FCBarcelona @Deco20oficial @JoanLaportaFCB Hahaha 🤟🫂,True,Ayoball99,2073907912339005861,False,1,0,tl,2073910304048628135,0,https://x.com/ScarFace2824/status/2073910304048628135,reply-archive,
2073910055158628375,2026-07-05 23:21:03+00:00,"@BernatCastro87 El Mundial deja claro que hay que vender a De Jong y a Raphinha, han hecho lo mismo.",True,BernatCastro87,2073896243311624344,False,1,0,es,2073910055158628375,0,https://x.com/ScarFace2824/status/2073910055158628375,reply-archive,
2073909811549270073,2026-07-05 23:20:05+00:00,@ShadowMonarch23 Hay que ir sumando a esa lista de entrenadores a Eder Sarabria. Escuela Lucho.,True,ShadowMonarch23,2073905120404791767,False,0,0,es,2073909811549270073,0,https://x.com/ScarFace2824/status/2073909811549270073,reply-archive,
2073909304491454765,2026-07-05 23:18:04+00:00,"@DBR8 100%. El Barça no puede tener un 9 que toca dos veces el balón, por mucho que esas dos veces sean gol.",True,DBR8,2073901977772097590,False,0,0,es,2073909304491454765,0,https://x.com/ScarFace2824/status/2073909304491454765,reply-archive,
2073909079299219924,2026-07-05 23:17:10+00:00,"@ShadowMonarch23 Como 9 Top remplazo de Lewan y fichable es la mejor opción. Si hubiera huevos, ese dinero iba a Diomande + Asllani y se apostaba por Lamine por dentro.",True,ShadowMonarch23,2073896573994516630,False,0,0,es,2073909079299219924,0,https://x.com/ScarFace2824/status/2073909079299219924,reply-archive,
2073908769910591808,2026-07-05 23:15:56+00:00,@ShadowMonarch23 No cuesta tanto de entender,True,ShadowMonarch23,2073898683498692918,False,0,0,es,2073908769910591808,0,https://x.com/ScarFace2824/status/2073908769910591808,reply-archive,
2073907676338094453,2026-07-05 23:11:36+00:00,@StuttgartArg Que hace a Haaland mejor 9 que Kane?,True,StuttgartArg,2073891370394083339,False,0,0,es,2073907676338094453,0,https://x.com/ScarFace2824/status/2073907676338094453,reply-archive,
2073907460801200290,2026-07-05 23:10:44+00:00,"@IsmaelCanellas El tapado? 

https://t.co/MiJetpht1R",True,IsmaelCanellas,2073896581045129470,False,1,0,es,2073907460801200290,0,https://x.com/ScarFace2824/status/2073907460801200290,reply-archive,
2073907079366996383,2026-07-05 23:09:13+00:00,"@Caaamp_ @ShadowMonarch23 Pero para algo se condena, no? Para que pague por sus actos y que la sociedad pueda perdonar. Solo lo planteo, me reservo mi opinión personal.",True,Caaamp_,2073905139224564046,False,1,0,es,2073907079366996383,0,https://x.com/ScarFace2824/status/2073907079366996383,reply-archive,
2073906598540399091,2026-07-05 23:07:19+00:00,@ShadowMonarch23 Creo que el club ya tenía prevista la salida de Raphinha y su dinero ya se usó en Gordon.,True,ShadowMonarch23,2073900983269171588,False,1,0,es,2073906598540399091,0,https://x.com/ScarFace2824/status/2073906598540399091,reply-archive,
2073906440868131061,2026-07-05 23:06:41+00:00,"@ShadowMonarch23 Ya hemos visto como sufre la línea adelantada sin Raphinha. Muy buena compra Gordon sabiendo que Rapha en la última temporada casi no ha estado disponible y encima puede salir. 

Y para los que les parezca caro 👇👇:
https://t.co/6ymXBzZICI",True,ShadowMonarch23,2073900513842569369,False,3,0,es,2073906440868131061,0,https://x.com/ScarFace2824/status/2073906440868131061,reply-archive,
2073903312739447261,2026-07-05 22:54:15+00:00,"@ShadowMonarch23 Kane es mejor lo que pasa que como tiene más cualidades ensombrecen su faceta goleadora, no como Haaland que es lo único que tiene.",True,ShadowMonarch23,2073888012010746093,False,1,0,es,2073903312739447261,0,https://x.com/ScarFace2824/status/2073903312739447261,reply-archive,
2073903005439537453,2026-07-05 22:53:02+00:00,@Mario___RM La estrella que no se atreve a tirar un penalti,True,Mario___RM,2073863213561610463,False,0,0,es,2073903005439537453,0,https://x.com/ScarFace2824/status/2073903005439537453,reply-archive,
2073902906353291694,2026-07-05 22:52:38+00:00,@finallyxpablo @Raphinha_11b Ha jugado mucho. Como os dolió para sacar esto meses después cuando ni siquiera ha jugado. Es como reirse de Griezmann si eliminan a Francia...,True,finallyxpablo,2073896815942832380,False,0,0,es,2073902906353291694,0,https://x.com/ScarFace2824/status/2073902906353291694,reply-archive,
2073902296497365411,2026-07-05 22:50:13+00:00,@ShadowMonarch23 No quieren entenderlo,True,ShadowMonarch23,2073894080438813104,False,0,0,es,2073902296497365411,0,https://x.com/ScarFace2824/status/2073902296497365411,reply-archive,
2073901595616571400,2026-07-05 22:47:26+00:00,"@BlxckNews Un asistente, como Kane con Gordon. 
https://t.co/MiJetpht1R",True,BlxckNews,2073887745315946636,False,0,0,es,2073901595616571400,0,https://x.com/ScarFace2824/status/2073901595616571400,reply-archive,
2073901254967738663,2026-07-05 22:46:05+00:00,@planetabarcaa Cuanto vale Lamine o Pedri? No tienen precio porque por mucho que lo vendas no puedes traer a uno mejor.,True,planetabarcaa,2073894005939560856,False,0,0,es,2073901254967738663,0,https://x.com/ScarFace2824/status/2073901254967738663,reply-archive,
2073900728821694496,2026-07-05 22:43:59+00:00,@Somhiseremfcb Un poco de blaugrana ya viste no?,True,Somhiseremfcb,2073899911607689334,False,0,0,es,2073900728821694496,0,https://x.com/ScarFace2824/status/2073900728821694496,reply-archive,
2073900555236167699,2026-07-05 22:43:18+00:00,@GallineroBlau Que negocie ya su salida,True,GallineroBlau,2073894762684281247,False,0,0,es,2073900555236167699,0,https://x.com/ScarFace2824/status/2073900555236167699,reply-archive,
2073900379989819679,2026-07-05 22:42:36+00:00,@MisterCruyff14 No hay espacio,True,MisterCruyff14,2073893989804032263,False,0,0,es,2073900379989819679,0,https://x.com/ScarFace2824/status/2073900379989819679,reply-archive,
2073900261492277719,2026-07-05 22:42:08+00:00,"@_AdrianSnchz No se toman el mundial en serio, como Portugal con Cristiano, Uruguay con Muslera o España con Unai Simón.",True,_AdrianSnchz,2073890968172958011,False,0,0,es,2073900261492277719,0,https://x.com/ScarFace2824/status/2073900261492277719,reply-archive,
2073899445922464057,2026-07-05 22:38:53+00:00,"@planetabarcaa Yo entre ellos. No puedo con los jugadores que no participan en el juego y menos en el del Barça, por muy productivos que sean. Soy culer: antes el buen fútbol que los resultados.",True,planetabarcaa,2073892508472406171,False,6,0,es,2073899445922464057,0,https://x.com/ScarFace2824/status/2073899445922464057,reply-archive,
2073898930085990578,2026-07-05 22:36:50+00:00,"@_Futbolero_ Es como Lamine en el Barça, no tiene precio.",True,_Futbolero_,2073891764834898017,False,0,0,es,2073898930085990578,0,https://x.com/ScarFace2824/status/2073898930085990578,reply-archive,
2073898748522930276,2026-07-05 22:36:07+00:00,"@RiquiSalmon11 Hablamos de Messi no? 😉

https://t.co/gppcJqKFuN",True,RiquiSalmon11,2073898504615854355,False,0,0,es,2073898748522930276,0,https://x.com/ScarFace2824/status/2073898748522930276,reply-archive,
2073898457123664065,2026-07-05 22:34:58+00:00,"@RiquiSalmon11 @ForeverBara2 Yo pudiendo pagar ambos creo que preferiría a Julián, me cuesta ver a un jugador que no participa y no toca balones, por muy productivo que sea. Me ha costado lo de Lewandoswki por muy agradecido que pueda estar por todos los goles que nos ha dado. Y toca mas balones que Haaland.",True,RiquiSalmon11,2073897627960140092,False,0,0,es,2073898457123664065,0,https://x.com/ScarFace2824/status/2073898457123664065,reply-archive,
2073897840829456392,2026-07-05 22:32:31+00:00,"@ForeverBara2 Por mucho que quieras no puedes. A los supuestos 175M, que lo dudo, hay que sumarle el salario. El cuál no podemos pagar por fpf y encima que cobraria mucho más que el resto de estrellas como Lamine y dinamitaria la escala salarial que tanto nos ha costado conseguir.",True,ForeverBara2,2073897154498777326,False,0,0,es,2073897840829456392,0,https://x.com/ScarFace2824/status/2073897840829456392,reply-archive,
2073897293653131588,2026-07-05 22:30:20+00:00,@Mario___RM Más solo que Haaland?,True,Mario___RM,2073881220107157963,False,0,0,es,2073897293653131588,0,https://x.com/ScarFace2824/status/2073897293653131588,reply-archive,
2073897173142368629,2026-07-05 22:29:51+00:00,"@_AdrianSnchz Solo son 20M, si se va Raphinha se podría hacer, no? 

https://t.co/MiJetpht1R",True,_AdrianSnchz,2073889108468945197,False,0,0,es,2073897173142368629,0,https://x.com/ScarFace2824/status/2073897173142368629,reply-archive,
2073897042905043163,2026-07-05 22:29:20+00:00,"@ShadowMonarch23 Hasta que punto su condena es una mancha tan grande como para no traerlo? Solo pregunto. 
https://t.co/MiJetpht1R",True,ShadowMonarch23,2073888978424467858,False,2,0,es,2073897042905043163,0,https://x.com/ScarFace2824/status/2073897042905043163,reply-archive,
2073895847352246783,2026-07-05 22:24:35+00:00,@ForeverBara2 No sacas a Haaland por 150 en la vida. Por no hablar de lo que cobra. No nos lo podemos permitir.,True,ForeverBara2,2073894250253525409,False,1,0,es,2073895847352246783,0,https://x.com/ScarFace2824/status/2073895847352246783,reply-archive,
2073895644134035958,2026-07-05 22:23:47+00:00,@RiquiSalmon11 Ya pero si te falta un coche pero no te llega para el mejor sigues teniendo que hacer la inversión para un buen coche y no uno de desguace.,True,RiquiSalmon11,2073894237054124225,False,0,0,es,2073895644134035958,0,https://x.com/ScarFace2824/status/2073895644134035958,reply-archive,
2073893008966033481,2026-07-05 22:13:19+00:00,@FutSheriff Zzzzz,True,FutSheriff,2073892590429090142,False,0,0,und,2073893008966033481,0,https://x.com/ScarFace2824/status/2073893008966033481,reply-archive,
2073892900862140500,2026-07-05 22:12:53+00:00,@RiquiSalmon11 El problema es que no son 150,True,RiquiSalmon11,2073892126287446207,False,0,0,es,2073892900862140500,0,https://x.com/ScarFace2824/status/2073892900862140500,reply-archive,
2073891574094746016,2026-07-05 22:07:36+00:00,@sirfcb_ Siempre ha sido así,True,sirfcb_,2073890990440476951,False,3,0,es,2073891574094746016,0,https://x.com/ScarFace2824/status/2073891574094746016,reply-archive,
2073891420994175076,2026-07-05 22:07:00+00:00,@andresweiss_ Como si fuera su culpa,True,andresweiss_,2073889849187184699,False,0,0,es,2073891420994175076,0,https://x.com/ScarFace2824/status/2073891420994175076,reply-archive,
2073891301116776782,2026-07-05 22:06:31+00:00,"@Somhiseremfcb Son 20M€, si se va Raphinha ojo. 

https://t.co/MiJetpht1R",True,Somhiseremfcb,2073888870312095960,False,4,0,es,2073891301116776782,0,https://x.com/ScarFace2824/status/2073891301116776782,reply-archive,
2073891195189629101,2026-07-05 22:06:06+00:00,👇👇 @FCBarcelona @Deco20oficial @JoanLaportaFCB https://t.co/qJjQLMGNmG,False,,,False,1,0,qme,2073891195189629101,0,https://x.com/ScarFace2824/status/2073891195189629101,standalone-archive,
2073889418071465984,2026-07-05 21:59:02+00:00,"RT @ScarFace2824: @ShadowMonarch23 Ojo con Noruega👀🇧🇻
Y EEUU yo la veo más favorita que 51",False,,,True,0,0,es,2073889418071465984,0,https://x.com/ScarFace2824/status/2073889418071465984,retweet-archive,
2073889274705879483,2026-07-05 21:58:28+00:00,"@Somhiseremfcb Hace dos días sacábamos pecho por las dos asistencias de Gordon🏴󠁧󠁢󠁥󠁮󠁧󠁿, hay que fijarse hoy en la actuación de Schjelderup🇧🇻. Actuaciones calcadas.",True,Somhiseremfcb,2073888317251137675,False,1,0,es,2073889274705879483,0,https://x.com/ScarFace2824/status/2073889274705879483,reply-archive,
2073888605148197013,2026-07-05 21:55:49+00:00,@ArsenKveFCB Con eso no fichas ni la pierna mala,True,ArsenKveFCB,2073888029945590125,False,0,0,es,2073888605148197013,0,https://x.com/ScarFace2824/status/2073888605148197013,reply-archive,
2073885798143873327,2026-07-05 21:44:39+00:00,"@Blayasensat No se habla de Schjelderup para el Barça por su condena, pero es un perfil que nos vendría muy bien siendo el titular un perfil Gordon.
https://t.co/MiJetpht1R",True,Blayasensat,2073885228335083928,False,1,0,es,2073885798143873327,0,https://x.com/ScarFace2824/status/2073885798143873327,reply-archive,
2073885395486400820,2026-07-05 21:43:03+00:00,"Puto Schjelderup ya podía haberse evitado ese Snapchat y era fichaje claro. 

https://t.co/MiJetpht1R",False,,,False,0,0,es,2073885395486400820,0,https://x.com/ScarFace2824/status/2073885395486400820,standalone-archive,
2073856639392796976,2026-07-05 19:48:47+00:00,"@BlxckNews Pues como ahora que no le llegan, da igual el portero.",True,BlxckNews,2073850318501122421,False,0,0,es,2073856639392796976,0,https://x.com/ScarFace2824/status/2073856639392796976,reply-archive,
2073837424183030268,2026-07-05 18:32:26+00:00,"@BlxckNews A Cristiano le quitaron 2 partidos de suspensión, no es tan curioso.",True,BlxckNews,2073827330611384444,False,2,0,es,2073837424183030268,0,https://x.com/ScarFace2824/status/2073837424183030268,reply-archive,
2073837241596612929,2026-07-05 18:31:43+00:00,"Por cuánto saldría este? Sin Bastoni, sin Van de Ven, sin Gvardiol, sin Schloterbeck... Pocos quedan. https://t.co/XsVVnjankw",False,,,False,0,0,es,2073837241596612929,0,https://x.com/ScarFace2824/status/2073837241596612929,standalone-archive,
2073833301127655740,2026-07-05 18:16:03+00:00,"@DiegoDav07 A Cristiano le quitaron 2 partidos de suspensión, es ya algo habitual...",True,DiegoDav07,2073832803301560725,False,2,0,es,2073833301127655740,0,https://x.com/ScarFace2824/status/2073833301127655740,reply-archive,
2073750983029456919,2026-07-05 12:48:57+00:00,@AlberCule Como si tuvieran el mismo rol o perfil,True,AlberCule,2073740147833635146,False,1,0,es,2073750983029456919,0,https://x.com/ScarFace2824/status/2073750983029456919,reply-archive,
2073750114762408059,2026-07-05 12:45:30+00:00,@10InfoBlaugrana https://t.co/Yu1qXm1N2W,True,10InfoBlaugrana,2073738669911925228,False,0,0,qme,2073750114762408059,0,https://x.com/ScarFace2824/status/2073750114762408059,reply-archive,
2073733740509954207,2026-07-05 11:40:26+00:00,@BlxckNews Ojalá Diomande pero viniendo Julián lo veo imposible.,True,BlxckNews,2073717649326923892,False,0,0,es,2073733740509954207,0,https://x.com/ScarFace2824/status/2073733740509954207,reply-archive,
2073715910225870994,2026-07-05 10:29:35+00:00,@ShadowMonarch23 Si vuelve a su nivel puede evitarnos la necesidad de traer a un lateral o a un central suplente de Cubarsí.,True,ShadowMonarch23,2073672550740119593,False,0,0,es,2073715910225870994,0,https://x.com/ScarFace2824/status/2073715910225870994,reply-archive,
2073715601713868849,2026-07-05 10:28:21+00:00,@GallineroBlau Justo,True,GallineroBlau,2073675726943842351,False,1,0,en,2073715601713868849,0,https://x.com/ScarFace2824/status/2073715601713868849,reply-archive,
2073701346776080701,2026-07-05 09:31:43+00:00,"@Mart1Aarn Como cesión a lo Rashford aún, porque si se quiere quedar va a tener que esforzarse. Además creo que hay un vestuario fuerte como para soportar que haya una oveja negra y no contagie al resto.",True,Mart1Aarn,2073694869034242502,False,1,0,es,2073701346776080701,0,https://x.com/ScarFace2824/status/2073701346776080701,reply-archive,
2073557025749930292,2026-07-04 23:58:14+00:00,@MrBeast 0,True,MrBeast,2073546495836536938,False,0,0,und,2073557025749930292,0,https://x.com/ScarFace2824/status/2073557025749930292,reply-archive,
2073442383878893596,2026-07-04 16:22:41+00:00,@BlxckNews Se acaban las opciones,True,BlxckNews,2073432530213044628,False,0,0,es,2073442383878893596,0,https://x.com/ScarFace2824/status/2073442383878893596,reply-archive,
2073403284992164287,2026-07-04 13:47:19+00:00,@BlxckNews Venta al primer postor. Lo mismo con Raphinha.,True,BlxckNews,2073394011843203280,False,0,0,es,2073403284992164287,0,https://x.com/ScarFace2824/status/2073403284992164287,reply-archive,
2073400723262308420,2026-07-04 13:37:09+00:00,"@10InfoBlaugrana Sin opcion de compra, ok",True,10InfoBlaugrana,2073391380194615612,False,0,0,es,2073400723262308420,0,https://x.com/ScarFace2824/status/2073400723262308420,reply-archive,
2073388409687560275,2026-07-04 12:48:13+00:00,"@PericoAdmirable @sanchezcastejon Denunciar falsamente de agresión sexual por no gustarte una camiseta🤣🤣 solo a la altura de un periquito, acomplejado.",True,PericoAdmirable,2073050129431503058,False,0,0,es,2073388409687560275,0,https://x.com/ScarFace2824/status/2073388409687560275,reply-archive,
2073381294549971047,2026-07-04 12:19:56+00:00,@FCBInformatiu Que no vuelva a Barcelona. Lo mismo con Raphinha.,True,FCBInformatiu,2073352172234776873,False,7,0,es,2073381294549971047,0,https://x.com/ScarFace2824/status/2073381294549971047,reply-archive,
2073376925989376002,2026-07-04 12:02:35+00:00,"@ShadowMonarch23 Ojo con Noruega👀🇧🇻
Y EEUU yo la veo más favorita que 51",True,ShadowMonarch23,2073337155724702157,False,1,1,es,2073376925989376002,0,https://x.com/ScarFace2824/status/2073376925989376002,reply-archive,
2073194624181534795,2026-07-03 23:58:11+00:00,@Padremany1 Al nivel de los que piden al Cuti o a Vlahovic🙃,True,Padremany1,2073186623852859549,False,1,0,es,2073194624181534795,0,https://x.com/ScarFace2824/status/2073194624181534795,reply-archive,
2073133309341716604,2026-07-03 19:54:32+00:00,@planetabarcaa 75,True,planetabarcaa,2073129064940847430,False,0,0,und,2073133309341716604,0,https://x.com/ScarFace2824/status/2073133309341716604,reply-archive,
2073127223016432093,2026-07-03 19:30:21+00:00,@LaNuevaEraFCB_ https://t.co/6Mx4bWXpmT,True,LaNuevaEraFCB_,2073044099679080894,False,0,0,qme,2073127223016432093,0,https://x.com/ScarFace2824/status/2073127223016432093,reply-archive,
2073117732036325864,2026-07-03 18:52:38+00:00,@Somhiseremfcb Que se lo lleven.,True,Somhiseremfcb,2073104233742696952,False,2,0,es,2073117732036325864,0,https://x.com/ScarFace2824/status/2073117732036325864,reply-archive,
2073117464129413130,2026-07-03 18:51:34+00:00,"Si salen Raphinha y Roony, y Diomande no puede venir, el Barça necesita un tercer extremo real y un rotación en ambas bandas. 

Mi favorito sería Karl

Tzolis me parece una buena opción que suena muy poco. 

Si falta pasta: Virgili + Mbaye.

#MercatoBarça #FCBarcelona https://t.co/XFD1J9QFNn",False,,,False,0,1,es,2073117464129413130,2,https://x.com/ScarFace2824/status/2073117464129413130,standalone-archive,
2073093246054486147,2026-07-03 17:15:20+00:00,"@sirfcb_ Y no hace falta apelar a su longevidad. Cuando era joven empezó a sufrir lesiones y con trabajo pudo jugar todos los partidos, todos los minutos jugando cada 3 días. Estaba disponible casi siempre, sino no consigues romper todos los records.",True,sirfcb_,2073089835120603446,False,1,0,es,2073093246054486147,0,https://x.com/ScarFace2824/status/2073093246054486147,reply-archive,
2073088601244516743,2026-07-03 16:56:53+00:00,"@sirfcb_ Siempre menospreciando el trabajo de Messi solo porque es el más talentoso de la historia. Como si no hubiera tenido que trabajar igual que el resto o más. Una mentira repetida mil veces, sigue siendo mentira.",True,sirfcb_,2073087734227296653,False,8,0,es,2073088601244516743,0,https://x.com/ScarFace2824/status/2073088601244516743,reply-archive,
2073061102271807801,2026-07-03 15:07:37+00:00,@GBCLopi @DAZN_ES Y cuánto le has metido?,True,GBCLopi,2072939036361011604,False,0,0,es,2073061102271807801,0,https://x.com/ScarFace2824/status/2073061102271807801,reply-archive,
2073059579273896033,2026-07-03 15:01:33+00:00,"@SrAlexGomez En dos noches y ni con el push de Chad lo ponen? 
Tampoco el título de Penta vs Ethan o Rey? 
Espero que el Gunther vs Keys sea porque preparan un Gunther vs Ilja para Wrestlemania",True,SrAlexGomez,2073058473151959488,False,0,0,es,2073059579273896033,0,https://x.com/ScarFace2824/status/2073059579273896033,reply-archive,
2073055076017398168,2026-07-03 14:43:40+00:00,@10InfoBlaugrana Obvio,True,10InfoBlaugrana,2073028991121018896,False,0,0,en,2073055076017398168,0,https://x.com/ScarFace2824/status/2073055076017398168,reply-archive,
2072994946089365711,2026-07-03 10:44:44+00:00,"@sanchezanitaa Es lo que tienen ser niños, que llevan siendo pequeños toda la vida.",True,sanchezanitaa,2072797104104173655,False,0,0,es,2072994946089365711,0,https://x.com/ScarFace2824/status/2072994946089365711,reply-archive,
2072992565247316041,2026-07-03 10:35:16+00:00,"@Banquilleros Idealmente Diomande o Karl para llevar a Lamine al centro y Fermín y Gordon atacando espacios, y ya si vendes a Ferran para tener un 9 con perfil alternativo fichas a Asllani. Pero si hay que fichar un 9 si que tiene que estar entre Julián, Kane y jugandotela Koupri.",True,Banquilleros,2072967734447464904,False,1,0,es,2072992565247316041,0,https://x.com/ScarFace2824/status/2072992565247316041,reply-archive,
2072984565568671973,2026-07-03 10:03:29+00:00,@ReshadRahman @FabrizioRomano 👀,True,ReshadRahman,2072984402670633373,False,0,0,qme,2072984565568671973,0,https://x.com/ScarFace2824/status/2072984565568671973,reply-archive,
2072984427324473746,2026-07-03 10:02:56+00:00,@FCBarcelonaB Poco me parece 2028 para el gran 9 de la masía.,True,FCBarcelonaB,2072982963319357565,False,6,0,es,2072984427324473746,0,https://x.com/ScarFace2824/status/2072984427324473746,reply-archive,
2072984141516198084,2026-07-03 10:01:48+00:00,"@ReshadRahman Así, sí. De ser verdad, gran notícia.",True,ReshadRahman,2072983649482604578,False,2,0,es,2072984141516198084,0,https://x.com/ScarFace2824/status/2072984141516198084,reply-archive,
2072974865049481273,2026-07-03 09:24:56+00:00,"@sirocco_10 Pedirlo en el Barça donde podemos traer un extremo que le abra el campo como Diomande o Karl, vale. Pero en el mundial donde Lamine es el único extremo porque los otros 3 que se ha llevado no están disponibles no tiene sentido pedir meter pro dentro el único extremo que te queda",True,sirocco_10,2072952318920634574,False,0,0,es,2072974865049481273,0,https://x.com/ScarFace2824/status/2072974865049481273,reply-archive,
2072764633501385116,2026-07-02 19:29:33+00:00,"@Blayasensat Pero como ganó una Eurocopa con Olmo, Nico y Lamine a un gran nive, no se le puede decir nada. Que más da si cuando tienen un seleccionador que es buen entrenador hacen lo posible por echarlo.",True,Blayasensat,2072763418457550963,False,41,1,es,2072764633501385116,0,https://x.com/ScarFace2824/status/2072764633501385116,reply-archive,
2072748487725212109,2026-07-02 18:25:23+00:00,@elitelliZN Tanque para que luego nos quejemos de que balón que toca balón que pierde. El 9 suplente que debe darte un perfil distinto es Asllani. Para colgar balones ya tienes a Hamza.,True,elitelliZN,2072733190565875816,False,1,0,es,2072748487725212109,0,https://x.com/ScarFace2824/status/2072748487725212109,reply-archive,
2072706540444729537,2026-07-02 15:38:42+00:00,@Mart1Aarn Y Pedro,True,Mart1Aarn,2072706117948363022,False,2,0,es,2072706540444729537,0,https://x.com/ScarFace2824/status/2072706540444729537,reply-archive,
2072679612199379054,2026-07-02 13:51:42+00:00,@itismthename @Atleti https://t.co/DU2PbXdezw,True,itismthename,2072647161041285310,False,0,0,qme,2072679612199379054,0,https://x.com/ScarFace2824/status/2072679612199379054,reply-archive,
2072673785455443978,2026-07-02 13:28:33+00:00,"@BlxckNews No puede recuperar el nivel de hace una temporada? 
Si se va y Eric va al lateral, confiamos una temporada entera en Christalitos y Araujo como suplentes de Cubarsí? Verás como hayan lesiones en defensa.",True,BlxckNews,2072664991224766753,False,2,0,es,2072673785455443978,0,https://x.com/ScarFace2824/status/2072673785455443978,reply-archive,
2072651447364157677,2026-07-02 11:59:47+00:00,"@cuorerojiblanco Entonces Greenwood es un calzonazos que sigue con su novia después de que suelte esto por instagram siendo mentira, entiendo. https://t.co/0aWP9zgeT4",True,cuorerojiblanco,2072607786312094207,False,4,0,es,2072651447364157677,1,https://x.com/ScarFace2824/status/2072651447364157677,reply-archive,
2072649883769606361,2026-07-02 11:53:34+00:00,@SitoFCB https://t.co/YN931XzPIG,True,SitoFCB,2072614056104489181,False,5,0,qme,2072649883769606361,1,https://x.com/ScarFace2824/status/2072649883769606361,reply-archive,
2072648284896645241,2026-07-02 11:47:13+00:00,@NachoKun9 A ver si aprendemos a diferenciar entre ser absuelto y que te retiren los cargos sin juicio: lo primero es una sentencia de inocencia; lo segundo no.,True,NachoKun9,2072430531187204444,False,1,0,es,2072648284896645241,0,https://x.com/ScarFace2824/status/2072648284896645241,reply-archive,
2072646827103416335,2026-07-02 11:41:26+00:00,@manco342857091 Las mujeres maltratadas perdonan a sus maltratadores.,True,manco342857091,2072424790732767334,False,0,0,es,2072646827103416335,0,https://x.com/ScarFace2824/status/2072646827103416335,reply-archive,
2072646579115204838,2026-07-02 11:40:27+00:00,"Igual con un hijo, una hermana/hermano, una madre/padre o una amiga/amigo. 
Porque igual ahí entendéis que no es “equivocarse”.

Agredir a tu pareja es maltrato.

Y si lo hiciera vuestro hijo, espero que no lo llameis “un error”.
Espero que lo educarais a asumir consecuencias",True,ScarFace2824,2072646576686698886,False,0,0,es,2072646572282720487,0,https://x.com/ScarFace2824/status/2072646579115204838,reply-archive,
2072646576686698886,2026-07-02 11:40:26+00:00,"Espero de verdad que quienes decís eso nunca tengáis una hija a la que su pareja pegue, controle o humille.
Y que cuando ella os diga “le quiero” o “le he perdonado”, no respondáis como estais haciendo con Greenwood:
“Bueno, entonces no pasa nada”.",True,ScarFace2824,2072646574019109241,False,0,0,es,2072646572282720487,0,https://x.com/ScarFace2824/status/2072646576686698886,reply-archive,
2072646574019109241,2026-07-02 11:40:25+00:00,"Que una víctima perdone, vuelva, calle o intente rehacer su vida por amor ciego o dependencia, no convierte el maltrato en un “error”.
El perdón de la víctima no es un salvoconducto para que una grada lo aplauda.",True,ScarFace2824,2072646572282720487,False,0,0,es,2072646572282720487,0,https://x.com/ScarFace2824/status/2072646574019109241,reply-archive,
2072646572282720487,2026-07-02 11:40:25+00:00,"Lo que se está viendo con algunos aficionados del @Atleti justificando a Mason Greenwood es repugnante. Solo a la altura de sus vecinos de Madrid. 

El argumento de “su mujer le perdonó” es una barbaridad. https://t.co/kMA0u7xfyW",False,,,False,0,0,es,2072646572282720487,1,https://x.com/ScarFace2824/status/2072646572282720487,standalone-archive,
2094796220174610858,2026-09-01 14:35:12+00:00,"@1899DanielFCB Claro y Koundé
Por eso no hay que suspender el mercado de verano
Es muy bueno
Sienta las bases para hacer las cosas bien
En enero se cierra lo que queda, incluso el verano siguiente. Hay que pensar a largo plazo.",True,1899DanielFCB,2094794940240818219,False,11,0,es,2094796220174610858,0,https://x.com/ScarFace2824/status/2094796220174610858,reply-archive,
2094794734543794551,2026-09-01 14:29:18+00:00,@FCBInformatiu @MatteMoretto Win win,True,FCBInformatiu,2094794221202899305,False,0,0,en,2094794734543794551,0,https://x.com/ScarFace2824/status/2094794734543794551,reply-archive,
2094794464732565809,2026-09-01 14:28:14+00:00,"@_Edeb @ReshadRahman Hahaha ya ves
Lo que veo es que la gente se piensa que debe cerrarse solo en una única ventana de mercado. Cuando si esperas a enero o verano 27/28 puedes encontrar nuevas opciones o abaratar las que ya tienes. Lo mismo para sacar jugadores que no sirven, como ya se ha hecho",True,_Edeb,2094793023167119656,False,1,0,es,2094794464732565809,0,https://x.com/ScarFace2824/status/2094794464732565809,reply-archive,
2094787807533220092,2026-09-01 14:01:47+00:00,"@RiquiSalmon11 A mi lo único que me chirria es Gabriel Jesus, hubiera ido a por Woltemade, Tresoldi o Asllani. 
Pero no podemos negar que el suelo competitivo ha subido una barbaridad. 
Y sobretodo, cada vez quedan menos jugadores que hacen partidos malos, faltan Balde, Kounde y De Jong.",True,RiquiSalmon11,2094779137277734955,False,2,0,es,2094787807533220092,0,https://x.com/ScarFace2824/status/2094787807533220092,reply-archive,
2094784006088790085,2026-09-01 13:46:40+00:00,"@ShadowMonarch23 8/10
Se ha construido la casa antes de comprar un deportivo, eleva el suelo competitivo a buen precio
Salidas Top Ferran, Araujo,Ter Stegen
Gordon anticipas una necesidad 10
Rodri Balón de oro por 60M 10
Adeyemi suplente 9
Livakovic suplente 9

Falta 9 y central
Balde Kounde FDJ",True,ShadowMonarch23,2094782197148315760,False,8,0,es,2094784006088790085,0,https://x.com/ScarFace2824/status/2094784006088790085,reply-archive,
2094780301914333448,2026-09-01 13:31:57+00:00,"@ReshadRahman 8/10
Sensata, construir la casa antes de comprar un deportivo, eleva el suelo competitivo a buen precio
Salidas Top Ferran, Araujo,Ter Stegen
Que falta? 9 futuro Julián, Woltemade, Tresoldi, Kroupi, Asllani
Central Lukeba, Nijstad, Calafiori, Salinas
Vender Balde, Kounde, De Jong",True,ReshadRahman,2094777974138818947,False,0,0,es,2094780301914333448,0,https://x.com/ScarFace2824/status/2094780301914333448,reply-archive,
2094678032308965506,2026-09-01 06:45:34+00:00,"@BlxckNews Queda enero, y ojo que además De Jong se habrá recuperado de la lesión.",True,BlxckNews,2094554161836613969,False,0,0,es,2094678032308965506,0,https://x.com/ScarFace2824/status/2094678032308965506,reply-archive,
2094677471010406777,2026-09-01 06:43:20+00:00,"@Padremany1 No se quejaba siempre Twitter Barça de que Julián era segundo punta, pues ahí lo tienes.",True,Padremany1,2094525827639808057,False,0,0,es,2094677471010406777,0,https://x.com/ScarFace2824/status/2094677471010406777,reply-archive,
2094676637962952826,2026-09-01 06:40:02+00:00,@ShadowMonarch23 Pueden jugar los dos por dentro y que los sacrificados sean Fermín y Olmo,True,ShadowMonarch23,2094668386961695034,False,0,0,es,2094676637962952826,0,https://x.com/ScarFace2824/status/2094676637962952826,reply-archive,
2094555114493051055,2026-08-31 22:37:08+00:00,"@Padremany1 Espart no parecía estar al máximo nivel, pero ahora es titular indiscutible. Podemos soñar.",True,Padremany1,2094553437916590218,False,0,0,es,2094555114493051055,0,https://x.com/ScarFace2824/status/2094555114493051055,reply-archive,
2094551815614296511,2026-08-31 22:24:02+00:00,"@YadhierG48638 @Padremany1 Y que no hayan lesiones, que nos conocemos",True,TatlisGxl,2094547062826176873,False,0,0,es,2094551815614296511,0,https://x.com/ScarFace2824/status/2094551815614296511,reply-archive,
2094541839768633428,2026-08-31 21:44:23+00:00,"@Padremany1 Como estaba Lamine, como está Bernal, Rodri y Olmo aún en pretemporada... Ya dijo Flick que hasta después del parón no estariamos al 100%, imaginate",True,Padremany1,2094540308180521144,False,14,1,es,2094541839768633428,0,https://x.com/ScarFace2824/status/2094541839768633428,reply-archive,
2094536803218817376,2026-08-31 21:24:23+00:00,@Padremany1 Lo he visto más de lateral izquierdo que de mediocentro,True,Padremany1,2094535456025096451,False,4,0,es,2094536803218817376,0,https://x.com/ScarFace2824/status/2094536803218817376,reply-archive,
2094506812145819746,2026-08-31 19:25:12+00:00,@ShadowMonarch23 Más barato por si no llega Julián,True,ShadowMonarch23,2094500167747797211,False,0,0,es,2094506812145819746,0,https://x.com/ScarFace2824/status/2094506812145819746,reply-archive,
2094505131622457683,2026-08-31 19:18:32+00:00,@DiegoDav07 @JulietteCerrato Si ves que funciona podías ejercer la opción de compra antes de que termine el curso economico,True,DiegoDav07,2094501363640349014,False,0,0,es,2094505131622457683,0,https://x.com/ScarFace2824/status/2094505131622457683,reply-archive,
2094500130862850328,2026-08-31 18:58:39+00:00,@DiegoDav07 @JulietteCerrato Cual habrá sido la razón de Flick o Deco de no traerlo cedido,True,DiegoDav07,2094499603374604542,False,0,0,es,2094500130862850328,0,https://x.com/ScarFace2824/status/2094500130862850328,reply-archive,
2094496612575838355,2026-08-31 18:44:40+00:00,@Padremany1 @Omarrc_38 No seguirá disponible en enero viendo que por lo que piden no se vende?,True,Padremany1,2094424345695121647,False,0,0,es,2094496612575838355,0,https://x.com/ScarFace2824/status/2094496612575838355,reply-archive,
2094496142830584168,2026-08-31 18:42:48+00:00,"@Padremany1 Vas a sumar a Gariba, Pacifico, Onstein, Baza a Nijstad? Estamos trayendo centrales zurdos jovenes para jugar a la ruleta? No lo entiendo. Como van a desarrollarse con tanto overbooking en una posición tan específica, cual es el plan a largo plazo.",True,Padremany1,2094494237656060217,False,0,0,es,2094496142830584168,0,https://x.com/ScarFace2824/status/2094496142830584168,reply-archive,
2094487959768555777,2026-08-31 18:10:17+00:00,"@ShadowMonarch23 Porque sacar a Adeyemi y a Rodri cuando no había sonado nada, no tiene merito.",True,ShadowMonarch23,2094487491717791939,False,1,0,es,2094487959768555777,0,https://x.com/ScarFace2824/status/2094487959768555777,reply-archive,
2094480929175535753,2026-08-31 17:42:21+00:00,"@dembelismo99_ El mejor plan era Woltemade cedido, no hay riesgo, encaja deportivamente, puedes seguir intentando fichar a Julián y si funciona ejercer opcion de compra + Tresoldi, pero si estaban pidiendo 50 y no se vende, es que no cuesta tanto. Se puede seguir negociando a la baja.",True,dembelismo99_,2094422476738408712,False,0,0,es,2094480929175535753,0,https://x.com/ScarFace2824/status/2094480929175535753,reply-archive,
2072643819330224246,2026-07-02 11:29:29+00:00,"@SpidyAtletico Espero que en vuestra vida tengais que ver como vuestra madre, padre, hermana, hermano, hija o hijo llegue así a casa y que os diga que no pasa nada, que ha sido un error y que le perdona porque le quiere mucho. Y también espero que vosotros no le perdoneis como haceis con Mason. https://t.co/LewPz2yiRe",True,SpidyAtletico,2072426893484433720,False,0,0,es,2072643819330224246,1,https://x.com/ScarFace2824/status/2072643819330224246,reply-archive,
2072642524997353916,2026-07-02 11:24:20+00:00,@Kosobets Pero a esta peña quien coño los educa?,True,Kosobets,2072638496116707497,False,1,0,es,2072642524997353916,0,https://x.com/ScarFace2824/status/2072642524997353916,reply-archive,
2072640225474420796,2026-07-02 11:15:12+00:00,@AtmVenom @Discalculia24 @ramramosATM Esto no es un error ni dos. https://t.co/9LlK4e2yG9,True,ScarFace2824,2072639990538875066,False,9,0,es,2072639990538875066,1,https://x.com/ScarFace2824/status/2072640225474420796,reply-archive,
2072639990538875066,2026-07-02 11:14:16+00:00,"@AtmVenom @Discalculia24 @ramramosATM Ya te digo yo que mi hijo no pega a su pareja en su vida. Si tu crees que el tuyo podría, procura que lo eduque otro.",True,AtmVenom,2072639394033397879,False,3,0,es,2072639990538875066,0,https://x.com/ScarFace2824/status/2072639990538875066,reply-archive,
2072638209406775749,2026-07-02 11:07:11+00:00,"@AtleticoMedula Sus ""historias"" 

Supongo que todos los que decís que como su mujer ya lo ha perdonado, si vuestra madre, hermana o hija le pega su pareja y ella lo perdona por amor, vosotros también le perdonariais no? 

Repugnante https://t.co/9FeIxGFGDu",True,AtleticoMedula,2072473700780089362,False,0,0,es,2072638209406775749,1,https://x.com/ScarFace2824/status/2072638209406775749,reply-archive,
2072637361586921495,2026-07-02 11:03:49+00:00,@AtmVenom @Discalculia24 @ramramosATM https://t.co/ehKahMjrfE,True,ScarFace2824,2072637116429836295,False,0,0,qme,2072637116429836295,1,https://x.com/ScarFace2824/status/2072637361586921495,reply-archive,
2072637116429836295,2026-07-02 11:02:50+00:00,"@AtmVenom Repugnante lo que se ve en estos comentarios @Discalculia24 @ramramosATM 

Espero que no tengais nunca una hija que le pegue su novio y ella le perdone porque le quiere mucho. Y también espero que si eso pasa como padre no perdoneis al novio como estais haciendo con Greenwood.",True,AtmVenom,2072462630401216552,False,12,0,es,2072637116429836295,0,https://x.com/ScarFace2824/status/2072637116429836295,reply-archive,
2072606004093542537,2026-07-02 08:59:13+00:00,@Mart1Aarn Esto es jugar con nosotros,True,Mart1Aarn,2072604351789490408,False,0,0,es,2072606004093542537,0,https://x.com/ScarFace2824/status/2072606004093542537,reply-archive,
2072605065626452105,2026-07-02 08:55:29+00:00,@Kosobets @NicoSchira @BILD Buscanso alternativas ya,True,Kosobets,2072601823907565708,False,0,0,es,2072605065626452105,0,https://x.com/ScarFace2824/status/2072605065626452105,reply-archive,
2072463485368181238,2026-07-01 23:32:54+00:00,@abreu_de97904 @JulietteCerrato Ya le odian no hace falta que farrulle nada.,True,abreu_de97904,2072463219264770251,False,0,0,es,2072463485368181238,0,https://x.com/ScarFace2824/status/2072463485368181238,reply-archive,
2072463150255845587,2026-07-01 23:31:34+00:00,"@BarcaArgento__ Ya era de acomplejado fichar según lo que hacía el Madrid, imagina según el patetico.",True,BarcaArgento__,2072456307345359079,False,0,0,es,2072463150255845587,0,https://x.com/ScarFace2824/status/2072463150255845587,reply-archive,
2072462747422347273,2026-07-01 23:29:58+00:00,"@abreu_de97904 @JulietteCerrato Recuerda lo que le hicieron a Luis Enrique, con Guardiola seria 10 veces peor. A parte que Pep no quiere, antes se pone a entrenar a la catalana.",True,abreu_de97904,2072460907045589258,False,0,0,es,2072462747422347273,0,https://x.com/ScarFace2824/status/2072462747422347273,reply-archive,
2072429036618346887,2026-07-01 21:16:00+00:00,"@_Edeb @UCulemas A mi entender, aquí hizo una gestión impecable. Ojalá se hubiera entendido con Deco que sabe de fútbol y Mateu de números y negociaciones.",True,_Edeb,2072427992287264815,False,0,0,es,2072429036618346887,0,https://x.com/ScarFace2824/status/2072429036618346887,reply-archive,
2072427492065804545,2026-07-01 21:09:52+00:00,@BlasterAlex Se une a Kimmich y De Bruyne.,True,BlasterAlex,2072379594083037245,False,0,0,fr,2072427492065804545,0,https://x.com/ScarFace2824/status/2072427492065804545,reply-archive,
2072423494080455122,2026-07-01 20:53:59+00:00,"@BlxckNews Lo de siempre, cortoplacismo. Y si Julián va a ser díficil de fichar, Kane es imposible.",True,BlxckNews,2072416109274489133,False,0,0,es,2072423494080455122,0,https://x.com/ScarFace2824/status/2072423494080455122,reply-archive,
2072421053922431101,2026-07-01 20:44:17+00:00,"@UCulemas Puto Alemany, como ficha. En 5 años volveremos a tener el culebrón Julián pero con Tresoldi.",True,UCulemas,2072399202001268929,False,1,0,es,2072421053922431101,0,https://x.com/ScarFace2824/status/2072421053922431101,reply-archive,
2072420274947981768,2026-07-01 20:41:11+00:00,"La planificación puede cambiar con una sola condición: que Koundé vuelva a ser Koundé.
Si eso pasa, el Barça puede dejar de tapar parches y atacar piezas diferenciales: Lukeba, Julián, Asllani… y una sorpresa desde Múnich.
#FCBarcelona #LennartKarl #MercatoBarça https://t.co/9As9fQ9PbV",False,,,False,1,0,es,2072420274947981768,1,https://x.com/ScarFace2824/status/2072420274947981768,used-in-web-article,la-sorpresa
2072411363134120101,2026-07-01 20:05:47+00:00,"Que hacemos la siguiente temporada jugando con Kane y Messi? 

https://t.co/7KTMghcUBU https://t.co/UyAToJf1fo",False,,,False,0,0,es,2072411363134120101,1,https://x.com/ScarFace2824/status/2072411363134120101,standalone-archive,
2072394836754235450,2026-07-01 19:00:06+00:00,@Mart1Aarn Brilla más porque tiene más foco en el Bayern que en el Tottenham y encima está mejor acompañado. Pero era igual de bueno en la premier.,True,Mart1Aarn,2072391701671416010,False,1,0,es,2072394836754235450,0,https://x.com/ScarFace2824/status/2072394836754235450,reply-archive,
2072390362442641727,2026-07-01 18:42:20+00:00,"@_AdrianSnchz Sí, pero no. https://t.co/3l5o3VeYX6",True,_AdrianSnchz,2072377528409330011,False,0,0,es,2072390362442641727,1,https://x.com/ScarFace2824/status/2072390362442641727,reply-archive,
2072388962727985325,2026-07-01 18:36:46+00:00,"¿Gordon y Julián caros?
Fichar en 2026: inflación futbolística y efecto homegrown.
El error: comparar precios de 2016 y no aplicar primas Premier.
CIES mostró que el mercado se infla más que la economía; Laws-Maguire propone medir traspasos por poder adquisitivo futbolístico. https://t.co/HVT4RAhBEo",False,,,False,1,0,es,2072388962727985325,2,https://x.com/ScarFace2824/status/2072388962727985325,used-in-web-article,fichar-en-2026-inflacion-y-precios-reales
2072370659884175488,2026-07-01 17:24:02+00:00,"@Padremany1 Padremany: ""Melonazos a él"" 

Vlahovic: 1 gol de cabeza en la 25/26",True,Padremany1,2072344587947966567,False,2,0,es,2072370659884175488,0,https://x.com/ScarFace2824/status/2072370659884175488,reply-archive,
2072366700406645160,2026-07-01 17:08:18+00:00,"@Padremany1 No es tan buen rematador como pueda parecer por físico, mirad los partidos por favor ...",True,Padremany1,2072337210326606299,False,2,0,es,2072366700406645160,0,https://x.com/ScarFace2824/status/2072366700406645160,reply-archive,
2072355963298894221,2026-07-01 16:25:38+00:00,@ShadowMonarch23 Y que tampoco vengan con lo que uno cuesta 30 y el otro 70 sin tener en cuenta el fpf que gasta uno frente al otro.,True,ShadowMonarch23,2072335986793590823,False,0,0,es,2072355963298894221,0,https://x.com/ScarFace2824/status/2072355963298894221,reply-archive,
2072346940289749404,2026-07-01 15:49:47+00:00,"@abreu_de97904 @NerriCancelado No creo que Diomande sea el perfil que más diferencia se le vea entre bloques bajos y con espacios. Quienes más sufren sin espacios son perfil Gordon, Raphinha, Rashford... Jugadores sin desborde, que brillan atacando espacios. Diomande no es eso, esta más cerca de Lamine.",True,abreu_de97904,2072346235243987332,False,0,0,es,2072346940289749404,0,https://x.com/ScarFace2824/status/2072346940289749404,reply-archive,
2072338232692322625,2026-07-01 15:15:11+00:00,"@Padremany1 Los que pedís a Vlahovic cuánto lo habeis visto desde que fichó por la Juve? Porque de lo que nos quejamos de Ferran que es que falla ocasiones y que fuera del area pierde cada balón que toca, el serbio es incluso peor.",True,Padremany1,2072328611281977477,False,3,0,es,2072338232692322625,0,https://x.com/ScarFace2824/status/2072338232692322625,reply-archive,
2072305496959152204,2026-07-01 13:05:06+00:00,@NerriCancelado Que sabrá Luis Enrique...,True,NerriCancelado,2072300812487864328,False,0,0,es,2072305496959152204,0,https://x.com/ScarFace2824/status/2072305496959152204,reply-archive,
2072304919927791773,2026-07-01 13:02:49+00:00,"@abreu_de97904 @NerriCancelado Vaya tonteria, entonces solo fichamos jugadores de la Liga española? Si los fichamos de aquí se quejan, como el Sevilla, el bilbado y el atletico; si los fichamos fuera es malo porque juega en otra liga y no se puede extrapolar a como se juega en España... 🙄",True,abreu_de97904,2072301918722895979,False,0,0,es,2072304919927791773,0,https://x.com/ScarFace2824/status/2072304919927791773,reply-archive,
2072295249322418575,2026-07-01 12:24:23+00:00,"@ShadowMonarch23 Dios te oiga. 

Y también Asllani.",True,ShadowMonarch23,2072290067091996963,False,0,0,es,2072295249322418575,0,https://x.com/ScarFace2824/status/2072295249322418575,reply-archive,
2072289258585358597,2026-07-01 12:00:35+00:00,@trovewho Don’t go there,True,trovewho,2072282502287532137,False,0,0,en,2072289258585358597,0,https://x.com/ScarFace2824/status/2072289258585358597,reply-archive,
2072276735370924268,2026-07-01 11:10:49+00:00,@Torren__ No. Hemos visto como ha flojeado la línea defensiva adelantada cuando ha faltado Raphinha el cual cada vez está menos disponible o incluso puede salir. Por lo que hace bien el club en renovar su perfil. No es caro porque jugador premier y ingles tienen bonus/prima en el precio.,True,Torren__,2072265541469782445,False,0,0,es,2072276735370924268,0,https://x.com/ScarFace2824/status/2072276735370924268,reply-archive,
2072260567696322799,2026-07-01 10:06:34+00:00,"@NerriCancelado “Liga de granjeros” hasta que el Frankfurt te echa en el Camp Nou, el Dortmund juega una final de Champions, el Leverkusen una final europea...Pero claro, Nusa y Manzambi no valen; Ekitike y Gvardiol tampoco… hasta que los compra la Premier. Hay que ser paleto.",True,ScarFace2824,2072049812816450015,False,1,0,es,2072049812816450015,0,https://x.com/ScarFace2824/status/2072260567696322799,reply-archive,
2072237591835931106,2026-07-01 08:35:16+00:00,@Mart1Aarn Pueden llegar a semis. Muy intensos sin balón y combinan muy bien con. Se le han visto los costuras a Ordoñez...,True,Mart1Aarn,2072230745158955462,False,0,0,es,2072237591835931106,0,https://x.com/ScarFace2824/status/2072237591835931106,reply-archive,
2072231698079645728,2026-07-01 08:11:51+00:00,"@Mart1Aarn Yo creo que una posible salida de Raphinha ya estaba prevista, por eso se fichó a Gordon y el dinero de su salida ya está invertido en el inglés. Habría que traer extremos de rotación más baratos, como Godts, o hacer un Virgili + Mbaye si sale Roony también.",True,Mart1Aarn,2072230204068536353,False,0,0,es,2072231698079645728,0,https://x.com/ScarFace2824/status/2072231698079645728,reply-archive,
2072217174303732186,2026-07-01 07:14:08+00:00,"@ShadowMonarch23 Todo el día asistiendo, es alergico a chutar él. En el Leipzig no es así.",True,ShadowMonarch23,2072093548934037983,False,0,0,es,2072217174303732186,0,https://x.com/ScarFace2824/status/2072217174303732186,reply-archive,
2072216860284588296,2026-07-01 07:12:54+00:00,@diazzzreyes Prefiero pegarme un tiro,True,diazzzreyes,2072081562615623754,False,0,0,es,2072216860284588296,0,https://x.com/ScarFace2824/status/2072216860284588296,reply-archive,
2072104355822497955,2026-06-30 23:45:50+00:00,"@Mhoni_Hiyst No se trata solo del coste de trapaso, hay que añadir el sueldo. No hay fpf.",True,Mhoni_Hiyst,2072050102504473002,False,2,0,es,2072104355822497955,0,https://x.com/ScarFace2824/status/2072104355822497955,reply-archive,
2072102866651660350,2026-06-30 23:39:55+00:00,@Kosobets Flick lo veía en los entrenos,True,Kosobets,2072085974088089607,False,1,0,es,2072102866651660350,0,https://x.com/ScarFace2824/status/2072102866651660350,reply-archive,
2072102605648433387,2026-06-30 23:38:53+00:00,"@Oscar16071 Griezmann fue una mala operación dinero aparte. Se pisaba con tu mejor jugador, Julián viene a ser el 9 que pedimos, tiene lo que nos quejamos que no tienen ni Robert ni Ferran, continuidad en sus jugadas, que no pierdan cada balón que tocan fuera del area y autosuficiencia.",True,Oscar16071,2072051441921929551,False,0,0,es,2072102605648433387,0,https://x.com/ScarFace2824/status/2072102605648433387,reply-archive,
2072097333349659067,2026-06-30 23:17:56+00:00,"@Blayasensat Le muestras eso a los que dicen que Lamine no debe jugar por dentro y te dicen: ""Lamine no es Olise""

...",True,Blayasensat,2072080736274788687,False,1,0,es,2072097333349659067,0,https://x.com/ScarFace2824/status/2072097333349659067,reply-archive,
2072097118202794197,2026-06-30 23:17:05+00:00,@gorkaerviti Y que va a hacer el Bayern con el dinero? Es como si le ofreces todo el dinero por Pedri o Lamine. No se venden. Luego que haces con la pasta si vendes a los mejores jugadores?,True,gorkaerviti,2072089433105371462,False,0,0,es,2072097118202794197,0,https://x.com/ScarFace2824/status/2072097118202794197,reply-archive,
2072070701163381030,2026-06-30 21:32:07+00:00,"@Blayasensat Esto se veia en Montjuic, incluso perdiendo.",True,Blayasensat,2072067460698694014,False,0,0,es,2072070701163381030,0,https://x.com/ScarFace2824/status/2072070701163381030,reply-archive,
2072070356202852378,2026-06-30 21:30:44+00:00,"@dembelismo99_ Depende de lesiones y destino. Lo que sé es la temporada que ha hecho y lo que daría al Barça como Robin de Lamine: abrirle campo cuando vaya dentro, quitarle marcas y responsabilidad creativa, y ser quien desborde y genere peligro cuando el 10 no esté.
https://t.co/vt8qfoXWHG https://t.co/6nhzCxm46E",True,dembelismo99_,2072042761394507923,False,0,0,es,2072070356202852378,2,https://x.com/ScarFace2824/status/2072070356202852378,reply-archive,
2072058550914834575,2026-06-30 20:43:50+00:00,"@FCB8P Pues como en todas las ligas, cuidao'.",True,FCB8P,2072054332632027257,False,0,0,es,2072058550914834575,0,https://x.com/ScarFace2824/status/2072058550914834575,reply-archive,
2072052790336049490,2026-06-30 20:20:56+00:00,"@FCB8P Perlas como Haaland, Son, Ekitike, De Bruyne, Ozil, Firmino...",True,FCB8P,2072031088759730416,False,0,0,es,2072052790336049490,0,https://x.com/ScarFace2824/status/2072052790336049490,reply-archive,
2072050935228993842,2026-06-30 20:13:34+00:00,@GadielVv Lo de juzgarlo por 2 partidos donde le han puesto por izquierda cuando brilla por derecha. https://t.co/WvpNC1Nt8m,True,GadielVv,2072032295611974115,False,0,0,es,2072050935228993842,2,https://x.com/ScarFace2824/status/2072050935228993842,reply-archive,
2072050305550684284,2026-06-30 20:11:04+00:00,"@Mart1Aarn How Much is That Player in the Window? The Premier League’s Most Expensive Transfers, Adjusted for Buying Power
Kieran Maguire — LinkedIn
https://t.co/w7ZSfVZWU9⁠

Inflation in the football players’ transfer market
CIES Football Observatory
https://t.co/gmyhOei1sS ",True,Mart1Aarn,2072047453289738545,False,0,0,en,2072050305550684284,0,https://x.com/ScarFace2824/status/2072050305550684284,reply-archive,
2072049812816450015,2026-06-30 20:09:06+00:00,@NerriCancelado https://t.co/RD1KbARioB,True,NerriCancelado,2072030497132191971,False,1,0,qme,2072049812816450015,2,https://x.com/ScarFace2824/status/2072049812816450015,reply-archive,
2072044137847595424,2026-06-30 19:46:33+00:00,"@trovewho True, but the defense still needs reinforcing. We can’t put the pressure of being Barça’s starting CB on a player who was a fullback at Cornellà two years ago. Cubarsí needs his perfect partner.",True,trovewho,2072039864162529748,False,1,0,en,2072044137847595424,0,https://x.com/ScarFace2824/status/2072044137847595424,reply-archive,
2072041386455511249,2026-06-30 19:35:37+00:00,"@DiegoDav07 Lo que queremos es traer a un jugador que se lleve las marcas de Lamine, que Lamine no sea el único responsable de generar ocasiones y que haya alguien que desborde cuando no esté el 10.

Se ve en toda una temporada no en 3 partidos de Mundial.
https://t.co/vt8qfoXWHG https://t.co/1bouYw8vgE",True,DiegoDav07,2072036209677725727,False,2,0,es,2072041386455511249,2,https://x.com/ScarFace2824/status/2072041386455511249,reply-archive,
2072039547815317737,2026-06-30 19:28:19+00:00,"@trovewho Man, three tweets in and I already co-sign every single word

We’re on the same page about the sales, Asllani, Bastoni... 
https://t.co/QrTCOiLKMH",True,trovewho,2072036562762928241,False,0,0,en,2072039547815317737,0,https://x.com/ScarFace2824/status/2072039547815317737,reply-archive,
2072032808785101214,2026-06-30 19:01:32+00:00,@DiegoDav07 @Tebasjavier,True,DiegoDav07,2072031999599214652,False,1,0,qam,2072032808785101214,0,https://x.com/ScarFace2824/status/2072032808785101214,reply-archive,
2072024206070485021,2026-06-30 18:27:21+00:00,@ReshadRahman Que diferencia con los Piqué y Rakitics que decían que no hacían falta llegadas y que no tenían sitio.,True,ReshadRahman,2072023744693121165,False,0,0,es,2072024206070485021,0,https://x.com/ScarFace2824/status/2072024206070485021,reply-archive,
2072019329843962148,2026-06-30 18:07:59+00:00,"@ShadowMonarch23 Ya nos hemos olvidado de Godts porque no ha ido al Mundial? 

Y un Virgili + Mbaye si sale Raphinha y Roony?",True,ShadowMonarch23,2072014692248117662,False,0,0,es,2072019329843962148,0,https://x.com/ScarFace2824/status/2072019329843962148,reply-archive,
2072016270120177811,2026-06-30 17:55:49+00:00,@ShadowMonarch23 Que se lo diga a Luis Enrique.,True,ShadowMonarch23,2072010382844072001,False,0,0,es,2072016270120177811,0,https://x.com/ScarFace2824/status/2072016270120177811,reply-archive,
2072016067874918491,2026-06-30 17:55:01+00:00,"@LaNuevaEraFCB_ No pero con lo que se está pagando por ciertos jugadores tampoco está tan lejos. Lo que pasa que viene de una temporada floja como tantos otros. El año pasado hubiésemos pagado +100 sin problema. 
https://t.co/QrTCOiLKMH",True,LaNuevaEraFCB_,2072002223324999988,False,0,0,es,2072016067874918491,0,https://x.com/ScarFace2824/status/2072016067874918491,reply-archive,
2072014060158124059,2026-06-30 17:47:02+00:00,@Blayasensat Sóc l'únic que pensava que ja estavem a la segona part per la pausa d'hidratació?,True,Blayasensat,2072012429928571357,False,0,0,ca,2072014060158124059,0,https://x.com/ScarFace2824/status/2072014060158124059,reply-archive,
2072013348598628488,2026-06-30 17:44:13+00:00,@ShadowMonarch23 Vale por la motivación pero hay que dejarle claro que el Barça es más que ganar y que jugando bien los títulos llegan solos.,True,ShadowMonarch23,2072009903493775574,False,1,0,es,2072013348598628488,0,https://x.com/ScarFace2824/status/2072013348598628488,reply-archive,
2072012451290251266,2026-06-30 17:40:39+00:00,"@Blayasensat Solo buscan a Haaland con centros, ni un balón raso, ni en el area o frontal, solo centros y el que tiene que encontrarse el hueco para centrar es Sorloth. 

Y Costa de Marfil ataca solo con los 3 de arriba me están faltando llegadas de Kessié.",True,Blayasensat,2072010743491318012,False,0,0,es,2072012451290251266,0,https://x.com/ScarFace2824/status/2072012451290251266,reply-archive,
2072010504558551316,2026-06-30 17:32:55+00:00,@trovewho Ruggeri?,True,trovewho,2071532167172391320,False,0,0,en,2072010504558551316,0,https://x.com/ScarFace2824/status/2072010504558551316,reply-archive,
2071998369233297845,2026-06-30 16:44:41+00:00,"@ThierryEnric14 A ver si ahora empieza a bajar el precio, porque lo que no podia pasar es que después de las declaraciones el precio subiera porque el Barça ahora estaba a obligado a comprarlo a toda costa.",True,ThierryEnric14,2071993363700613337,False,2,0,es,2071998369233297845,0,https://x.com/ScarFace2824/status/2071998369233297845,reply-archive,
2071985512441635098,2026-06-30 15:53:36+00:00,"@ShadowMonarch23 Cagada

https://t.co/QrTCOiLKMH",True,ShadowMonarch23,2071980145821327516,False,1,0,es,2071985512441635098,0,https://x.com/ScarFace2824/status/2071985512441635098,reply-archive,
2071966569714847965,2026-06-30 14:38:20+00:00,"@RevenRV Por eso es el central para Flick, el único capaz de defender con 40 metros a la espalda. 
https://t.co/ZuvVcPeTvR",True,RevenRV,2071780619973980631,False,0,0,es,2071966569714847965,0,https://x.com/ScarFace2824/status/2071966569714847965,reply-archive,
2071956371159867778,2026-06-30 13:57:48+00:00,"@Mart1Aarn Entrenadores que tienen trabajo solo por nombre, Arbeloa parece que va a ser igual. Que regalo le han hecho subiendolo al primer equipo.",True,Mart1Aarn,2071953517820973363,False,0,0,es,2071956371159867778,0,https://x.com/ScarFace2824/status/2071956371159867778,reply-archive,
2071956097410199814,2026-06-30 13:56:43+00:00,@Kosobets Como odio a Ferran,True,Kosobets,2071954246363214282,False,0,0,es,2071956097410199814,0,https://x.com/ScarFace2824/status/2071956097410199814,reply-archive,
2071946789712699708,2026-06-30 13:19:44+00:00,"@Mart1Aarn Mi duda es si la diferencia en conceptos defensivos entre VDV y Gerard M preFlick es tan amplia como para contrarrestar la diferencia física y pensar que Flick no podría convertirlo en la pareja perfecta de Cubarsí. Pero me mantengo en Bastoni @Blayasensat
https://t.co/pHCrn5XwDq https://t.co/LHr0f858Zm",True,Mart1Aarn,2071940144177840205,False,0,0,es,2071946789712699708,1,https://x.com/ScarFace2824/status/2071946789712699708,reply-archive,
2071901410707304669,2026-06-30 10:19:25+00:00,@M4rshallfcb2 También dijo que prefería raparse a jugar en el Madrid,True,M4rshallfcb2,2071883786116046923,False,2,0,es,2071901410707304669,0,https://x.com/ScarFace2824/status/2071901410707304669,reply-archive,
2071874141225947154,2026-06-30 08:31:03+00:00,"@ThierryEnric14 Le faltan conceptos defensivos y tiene idas de olla como las de Araújo, pero es el central perfecto para una defensa de Flick. No se por cuánto lo venderian pero si es más que Bastoni te traes antes al italiano. 

https://t.co/ZuvVcPeTvR https://t.co/qNeldxk8BP",True,ThierryEnric14,2071780837960400969,False,1,0,es,2071874141225947154,1,https://x.com/ScarFace2824/status/2071874141225947154,reply-archive,
2071871401028427941,2026-06-30 08:20:10+00:00,@ATL_Madridfan Los promedios que son las estrellas de tu equipo perdedor y siempre se quieren ir.,True,ATL_Madridfan,2071852702498279920,False,0,0,es,2071871401028427941,0,https://x.com/ScarFace2824/status/2071871401028427941,reply-archive,
2071870808859787547,2026-06-30 08:17:48+00:00,"@Padremany1 Hay que reforzar ambas bandas si se piensa que con 1 jugador como Summerville cubres las 2, adelante.

Sino se puede hacer un Godts/Virgili/Schjelderup + Mbaye, depende del dinero. Se habla muy poco de la defensa. A parte del zurdo top, si Kounde sale, Cubarsí necesita suplente.",True,Padremany1,2071791104349851875,False,0,0,es,2071870808859787547,0,https://x.com/ScarFace2824/status/2071870808859787547,reply-archive,
2071869790273069393,2026-06-30 08:13:46+00:00,@ShadowMonarch23 Lo dice por Asllani,True,ShadowMonarch23,2071749103344599209,False,1,0,es,2071869790273069393,0,https://x.com/ScarFace2824/status/2071869790273069393,reply-archive,
2071737896269148396,2026-06-29 23:29:40+00:00,@Somhiseremfcb @mundodeportivo Q se pire,True,Somhiseremfcb,2071730734310596858,False,1,0,en,2071737896269148396,0,https://x.com/ScarFace2824/status/2071737896269148396,reply-archive,
2071725490855887021,2026-06-29 22:40:22+00:00,"@cyriammm @Somhiseremfcb @ffpolo Lamine falso 9, él mismo ha dicho que quiere jugar por dentro.",True,cyriammm,2071719012518514811,False,0,0,es,2071725490855887021,0,https://x.com/ScarFace2824/status/2071725490855887021,reply-archive,
2071717511574192168,2026-06-29 22:08:40+00:00,"@cyriammm @Somhiseremfcb @ffpolo Estoy diciendo lo que debería hacer el club, no lo que va a pasar.",True,cyriammm,2071716898098520123,False,0,0,es,2071717511574192168,0,https://x.com/ScarFace2824/status/2071717511574192168,reply-archive,
2071716151168561516,2026-06-29 22:03:15+00:00,@Somhiseremfcb @ffpolo 100M max. Por 150 tienes a Diomande + Asllani,True,Somhiseremfcb,2071715885467697544,False,0,0,es,2071716151168561516,0,https://x.com/ScarFace2824/status/2071716151168561516,reply-archive,
2071715394532855994,2026-06-29 22:00:15+00:00,"@abreu_de97904 @RisingStarXI @TheAthleticFC Ah lo acabo de pillar hahahah
No va por la peli el nombre",True,ScarFace2824,2071713979781505317,False,0,0,es,2071713979781505317,0,https://x.com/ScarFace2824/status/2071715394532855994,reply-archive,
2071713979781505317,2026-06-29 21:54:38+00:00,"@abreu_de97904 @RisingStarXI @TheAthleticFC Tony? 

Es estrategia como lo del Atm con Julián. 
Pero el club está tardando en hablar con él y su entorno para convencerle de esperar un año al Barça. 

Juntar a Lamine con Diomande es poder romper cualquier defensa durante 15 años. 

Lamine necesita menos responsabilidades.",True,abreu_de97904,2071702370199752709,False,1,0,es,2071713979781505317,0,https://x.com/ScarFace2824/status/2071713979781505317,reply-archive,
2071698745272516979,2026-06-29 20:54:05+00:00,"@BernatCastro87 30 Asllani + 120 Diomande

https://t.co/x2h2RDQ2V0",True,BernatCastro87,2071690269548802221,False,2,0,in,2071698745272516979,0,https://x.com/ScarFace2824/status/2071698745272516979,reply-archive,
2071698629170024517,2026-06-29 20:53:38+00:00,@BernatCastro87 Es Kane antes de hincharse a goles,True,BernatCastro87,2071685388889133174,False,1,0,es,2071698629170024517,0,https://x.com/ScarFace2824/status/2071698629170024517,reply-archive,
2071698517362368762,2026-06-29 20:53:11+00:00,@BernatCastro87 @Wokalunya Que?,True,BernatCastro87,2071691542821994641,False,0,0,und,2071698517362368762,0,https://x.com/ScarFace2824/status/2071698517362368762,reply-archive,
2071695440609780162,2026-06-29 20:40:57+00:00,@FutSheriff @AsyFutTrader Quick Step +,True,FutSheriff,2071691950353236229,False,0,0,en,2071695440609780162,0,https://x.com/ScarFace2824/status/2071695440609780162,reply-archive,
2071692590559244308,2026-06-29 20:29:38+00:00,"@culersgrasroot_ Diomande 120 + Asllani 30
https://t.co/x2h2RDQ2V0",True,culersgrasroot_,2071436206521327876,False,1,0,ca,2071692590559244308,0,https://x.com/ScarFace2824/status/2071692590559244308,reply-archive,
2071691766370038002,2026-06-29 20:26:21+00:00,@AsyFutTrader The One,True,AsyFutTrader,2071691652792533403,False,1,0,en,2071691766370038002,0,https://x.com/ScarFace2824/status/2071691766370038002,reply-archive,
2071686520830885939,2026-06-29 20:05:31+00:00,"@MrEli_x Justo
https://t.co/qhD7T4lfk1",True,MrEli_x,2071550703399514443,False,0,0,en,2071686520830885939,0,https://x.com/ScarFace2824/status/2071686520830885939,reply-archive,
2071666786836136119,2026-06-29 18:47:06+00:00,"@Winstontupadre Si se descartó Bastoni por tener perfil de corrector con 40 metros a su espalda, Cortés tampoco es ese tipo de central.",True,Pizzi_Macanudo,2071618162789916678,False,1,0,es,2071666786836136119,0,https://x.com/ScarFace2824/status/2071666786836136119,reply-archive,
2071651686913900971,2026-06-29 17:47:06+00:00,"@MeuFutbol Antes de saber el fichaje de Gordon, ahora se podría hacer vendiendo a Raphinha.

https://t.co/x2h2RDQ2V0",True,MeuFutbol,2071640379485507935,False,0,0,es,2071651686913900971,0,https://x.com/ScarFace2824/status/2071651686913900971,reply-archive,
2071637779998560726,2026-06-29 16:51:50+00:00,"@Mart1Aarn No parece que Deco esté hablando con él, ni con su repre ni con su entorno para convencerlo de esperar y que venga el año que viene.",True,Mart1Aarn,2071634321077592144,False,0,0,es,2071637779998560726,0,https://x.com/ScarFace2824/status/2071637779998560726,reply-archive,
2071598549536563391,2026-06-29 14:15:57+00:00,@LaNuevaEraFCB_ Ferran en la operación Julián,True,LaNuevaEraFCB_,2071579444192420118,False,2,0,es,2071598549536563391,0,https://x.com/ScarFace2824/status/2071598549536563391,reply-archive,
2071588045900456161,2026-06-29 13:34:13+00:00,"@BarcelonaValor @Araujismooo La ayuda era Diomande, el que le quitaba marcas, genera espacios, se reparten la responsabilidad de generar ocasiones, abrir el campo para que Lamine pueda ir por dentro como comentó en su última entrevista, para que haya alguien con desborde a parte de Lamine y no sea Cancelo.",True,BarcelonaValor,2071585185842221130,False,0,0,es,2071588045900456161,0,https://x.com/ScarFace2824/status/2071588045900456161,reply-archive,
2071581378278302043,2026-06-29 13:07:43+00:00,@ShadowMonarch23 Lo que me faltaba por leer,True,ShadowMonarch23,2071571830528250116,False,0,0,es,2071581378278302043,0,https://x.com/ScarFace2824/status/2071581378278302043,reply-archive,
2071580608363421701,2026-06-29 13:04:39+00:00,@Falbak_ Posibilidades de un último combate vs Cm Punk?,True,Falbak_,2071579693686366668,False,8,0,es,2071580608363421701,0,https://x.com/ScarFace2824/status/2071580608363421701,reply-archive,
2071563474979721282,2026-06-29 11:56:34+00:00,@Araujismooo Lo de poner tanta responsabilidad en un niño de 18 años y no darle herramientas y compañeros que lo ayuden es muy peligroso para su carrera.,True,Araujismooo,2071555006046593374,False,2,1,es,2071563474979721282,0,https://x.com/ScarFace2824/status/2071563474979721282,reply-archive,
2071519350050144616,2026-06-29 09:01:14+00:00,"@KingLeo292171 If you consider yourself a Barça fan, stop doing it.",True,KingLeo292171,2071322896429932622,False,0,0,en,2071519350050144616,0,https://x.com/ScarFace2824/status/2071519350050144616,reply-archive,
2071378014365987071,2026-06-28 23:39:37+00:00,@FadeAwayMedia Solo pido un Jeff Hardy vs Cm Punk por última vez,True,FadeAwayMedia,2071360461967097921,False,0,0,es,2071378014365987071,0,https://x.com/ScarFace2824/status/2071378014365987071,reply-archive,
2071377687059267906,2026-06-28 23:38:19+00:00,@BarcelonaValor Somos Ferran Torres fallando ocasiones que Lamine y Pedri le han dejado solo frente al portero,True,BarcelonaValor,2071320715404378257,False,0,0,es,2071377687059267906,0,https://x.com/ScarFace2824/status/2071377687059267906,reply-archive,
2071374733342368223,2026-06-28 23:26:35+00:00,"@ShadowMonarch23 Bueno, que lo entrene Luis Enrique y que venga al Barça en 5 años",True,ShadowMonarch23,2071360115639263653,False,0,0,es,2071374733342368223,0,https://x.com/ScarFace2824/status/2071374733342368223,reply-archive,
2071374334925394055,2026-06-28 23:25:00+00:00,@ShadowMonarch23 Molaba al Barça,True,ShadowMonarch23,2071319846516654572,False,0,0,es,2071374334925394055,0,https://x.com/ScarFace2824/status/2071374334925394055,reply-archive,
2071365867749646691,2026-06-28 22:51:21+00:00,@ShadowMonarch23 Lo que da pena es que el club no vea la oportunidad que se está perdiendo,True,ShadowMonarch23,2071325143012421947,False,0,0,es,2071365867749646691,0,https://x.com/ScarFace2824/status/2071365867749646691,reply-archive,
2071327468468727887,2026-06-28 20:18:46+00:00,"@gorkaerviti @DBR8 El problema no es Gordon, necesitas un perfil Raphinha ya hemos visto la falta que nos hace y lo poco disponible que ha estado y que estará. El problema es el sobreprecio que pide el patetico por Julián.",True,gorkaerviti,2071324633106727084,False,1,0,es,2071327468468727887,0,https://x.com/ScarFace2824/status/2071327468468727887,reply-archive,
2071325711474794626,2026-06-28 20:11:47+00:00,@ShadowMonarch23 El PSG es lo que el Madrid se pensaba que iba a ser fichando a Mbappé,True,ShadowMonarch23,2071316988194967582,False,0,0,es,2071325711474794626,0,https://x.com/ScarFace2824/status/2071325711474794626,reply-archive,
2071317317837865313,2026-06-28 19:38:26+00:00,@Somhiseremfcb Hay que dejarse de Vlahovics y fijarse en este,True,Somhiseremfcb,2071316036868006011,False,29,0,es,2071317317837865313,0,https://x.com/ScarFace2824/status/2071317317837865313,reply-archive,
2071317220232200302,2026-06-28 19:38:03+00:00,@Kosobets Aguantaaa,True,Kosobets,2071316836084306153,False,1,0,es,2071317220232200302,0,https://x.com/ScarFace2824/status/2071317220232200302,reply-archive,
2071311485695860862,2026-06-28 19:15:15+00:00,"@Mart1Aarn Locura de equipo, el mejor entrenador del mundo, y su presidente es el jefe de los arbitros de la champions.",True,Mart1Aarn,2071310737192919057,False,303,3,es,2071311485695860862,0,https://x.com/ScarFace2824/status/2071311485695860862,reply-archive,
2071310757568852057,2026-06-28 19:12:22+00:00,@Somhiseremfcb @David_Ornstein Pésima noticia,True,Somhiseremfcb,2071310194231935100,False,0,0,pt,2071310757568852057,0,https://x.com/ScarFace2824/status/2071310757568852057,reply-archive,
2071301590254858525,2026-06-28 18:35:56+00:00,@mas_que_pelotas Y si la jugada es traer este año a Diomande y jugar con Lamine falso 9 o Gordon y fichar a Julián el año que viene cuando se haya devaluado?,True,mas_que_pelotas,2071257760641982523,False,0,0,es,2071301590254858525,0,https://x.com/ScarFace2824/status/2071301590254858525,reply-archive,
2071299427948486900,2026-06-28 18:27:21+00:00,@ShadowMonarch23 Para Diomande,True,ShadowMonarch23,2071291903274782993,False,0,0,es,2071299427948486900,0,https://x.com/ScarFace2824/status/2071299427948486900,reply-archive,
2071292371866677352,2026-06-28 17:59:18+00:00,@mas_que_pelotas Con la venta de Raphinha y Ferran hay dinero para Koupri + Diomande si no viene Julián?,True,mas_que_pelotas,2071260266403188920,False,0,0,es,2071292371866677352,0,https://x.com/ScarFace2824/status/2071292371866677352,reply-archive,
2071221198273286402,2026-06-28 13:16:29+00:00,@ShadowMonarch23 No jodamos eh,True,ShadowMonarch23,2071213863278608713,False,0,0,es,2071221198273286402,0,https://x.com/ScarFace2824/status/2071221198273286402,reply-archive,
2071218740142710811,2026-06-28 13:06:43+00:00,"@BarcelonaValor Nos centramos mucho en el zurdo y normal, pero si sale Kounde y Eric es el lateral titular, nos falta un suplente de Cubarsí. No puedes confiar una temporada entera en Christensen ni Araújo.",True,BarcelonaValor,2071163068248203423,False,0,0,es,2071218740142710811,0,https://x.com/ScarFace2824/status/2071218740142710811,reply-archive,
2071218135357690016,2026-06-28 13:04:19+00:00,"@gxldeadam Yo estoy con @alexdelmas10, Diomande es la mejor alternativa a Julián, incluso debería estar por delante del argentino.",True,gxldeadam,2070950128936993129,False,0,0,es,2071218135357690016,0,https://x.com/ScarFace2824/status/2071218135357690016,reply-archive,
2071203563271852272,2026-06-28 12:06:25+00:00,@SpidyAtletico Pues eso que no vale más de 80M,True,SpidyAtletico,2071151249060221236,False,0,0,es,2071203563271852272,0,https://x.com/ScarFace2824/status/2071203563271852272,reply-archive,
2071202774226768054,2026-06-28 12:03:17+00:00,"@Mart1Aarn Es una rata, de los peores capitanes que hemos tenido. Se le cogió cariño en su momento por coger un día el metro desde entonces solo ha demostrado ser una mierda de persona.",True,Mart1Aarn,2071196376944292025,False,1,0,es,2071202774226768054,0,https://x.com/ScarFace2824/status/2071202774226768054,reply-archive,
2071189363849900460,2026-06-28 11:09:59+00:00,@Falbak_ Lo ha hecho no? Vaya botch de Oba,True,Falbak_,2071187409451016451,False,2,0,es,2071189363849900460,0,https://x.com/ScarFace2824/status/2071189363849900460,reply-archive,
2071166627836526636,2026-06-28 09:39:39+00:00,"@Mart1Aarn Si lo de los 70M de Koupri es cierto, presiona a la baja el precio de Julián. Y hay que sumarle el mal mundial, las declaraciones y su mala temporada. No puede salir por más de 100M. Entendería que el club no se moviera de la primera oferta",True,Mart1Aarn,2071164351533199753,False,1,0,es,2071166627836526636,0,https://x.com/ScarFace2824/status/2071166627836526636,reply-archive,
2071151452878160217,2026-06-28 08:39:21+00:00,@Reycholosimeone 80M,True,Reycholosimeone,2071077239861412250,False,0,0,und,2071151452878160217,0,https://x.com/ScarFace2824/status/2071151452878160217,reply-archive,
2071149809721831757,2026-06-28 08:32:49+00:00,"@Mart1Aarn Yo hice un predictor con machine learning y me dio eso:

Final ARG - FRA gana 🇫🇷

Y 3 🇪🇸 4 🇧🇷",True,Mart1Aarn,2071148196135424170,False,0,0,es,2071149809721831757,0,https://x.com/ScarFace2824/status/2071149809721831757,reply-archive,
2071145973066207663,2026-06-28 08:17:34+00:00,"@ShadowMonarch23 Sobrevalorais a Vlahovic, esa jugada era con Asllani",True,ShadowMonarch23,2071043791654429032,False,0,0,ca,2071145973066207663,0,https://x.com/ScarFace2824/status/2071145973066207663,reply-archive,
2071144471488614896,2026-06-28 08:11:36+00:00,@Mart1Aarn Podriamos haber tenido un Argentina - Portugal,True,Mart1Aarn,2071135734711390524,False,5,1,es,2071144471488614896,0,https://x.com/ScarFace2824/status/2071144471488614896,reply-archive,
2070940591974658341,2026-06-27 18:41:27+00:00,@Mart1Aarn Ojalá pero no se si hay ni dinero ni huevos para hacerlo,True,Mart1Aarn,2070939416361623838,False,0,0,es,2070940591974658341,0,https://x.com/ScarFace2824/status/2070940591974658341,reply-archive,
2070929693096718541,2026-06-27 17:58:09+00:00,@Mart1Aarn Suena muy falso 70 pero te daria para un Koupri + Diomande si vendes a Raphinha en lugar de traer a Julián?,True,Mart1Aarn,2070904685125325298,False,0,0,es,2070929693096718541,0,https://x.com/ScarFace2824/status/2070929693096718541,reply-archive,
2070864036200075652,2026-06-27 13:37:15+00:00,@Mart1Aarn Tampoco ha tenido rivales capaces de generar peligro.,True,Mart1Aarn,2070797597548110263,False,2,0,es,2070864036200075652,0,https://x.com/ScarFace2824/status/2070864036200075652,reply-archive,
2070639590210236770,2026-06-26 22:45:23+00:00,@abreu_de97904 @alexdelmas10 Pero quiere salir,True,abreu_de97904,2070633465721024545,False,0,0,es,2070639590210236770,0,https://x.com/ScarFace2824/status/2070639590210236770,reply-archive,
2070628842826289351,2026-06-26 22:02:41+00:00,@abreu_de97904 @alexdelmas10 No podemos quejarnos de que el ATM no deja salir a Julián y luego decir que todo depende del Leipzig...,True,abreu_de97904,2070561330973626509,False,0,0,es,2070628842826289351,0,https://x.com/ScarFace2824/status/2070628842826289351,reply-archive,
2070628477364064563,2026-06-26 22:01:14+00:00,"@MaestroMelena Eres el abuelo que dice: "" en mi época un café costaba 100 pesetas!"".",True,MaestroMelena,2070610083029963170,False,0,0,es,2070628477364064563,0,https://x.com/ScarFace2824/status/2070628477364064563,reply-archive,
2070535881492926563,2026-06-26 15:53:17+00:00,"@abreu_de97904 @alexdelmas10 En el mundo ideal sí, pero él se quiere mover ya a uno grande, corre el riesgo de no hacer un año tan bueno y conseguir contratos peores. O se ficha este año o ya será inamovible.",True,abreu_de97904,2070516870361305560,False,0,0,es,2070535881492926563,0,https://x.com/ScarFace2824/status/2070535881492926563,reply-archive,
2070476390827213241,2026-06-26 11:56:53+00:00,"@elitelliZN Como Ekitike, Haaland, Lewandowski, Kroos, De Bruyne, Son, Gvardiol, Szoboslai, Firmino, Ozil?",True,elitelliZN,2070383528563396625,False,0,0,sl,2070476390827213241,0,https://x.com/ScarFace2824/status/2070476390827213241,reply-archive,
2070473467598659970,2026-06-26 11:45:16+00:00,"@alexdelmas10 Incluso por delante de Julián cuyo encaje por derecha, con un Lamine por dentro como falso 9 y Gordon o Raphinha por izquierda me genera dudas por tener en esa banda un lateral defensivo como Eric o Kounde. Encima Julián es un perfil repetido en Fermín lo que llevaria a pisarse. https://t.co/duYwdDGJjN",True,alexdelmas10,2070442219081695443,False,0,0,es,2070473467598659970,1,https://x.com/ScarFace2824/status/2070473467598659970,reply-archive,
2070465644986835183,2026-06-26 11:14:11+00:00,"@Saaaayfer El miedo a no poder defender a la espalda con una línea a 40 metros hará que desaprovechemos la oportunidad de tener esa pareja TOP de Cubarsí. Con Bastoni atacas mejor, con más control, estás mejor colocado -&gt; mejor presión tras perdida = defender mejor.
https://t.co/pHCrn5XwDq https://t.co/ubqc0krSNc",True,Saaaayfer,2070443081418088564,False,1,0,es,2070465644986835183,1,https://x.com/ScarFace2824/status/2070465644986835183,reply-archive,
2070248859062665218,2026-06-25 20:52:46+00:00,@ShadowMonarch23 https://t.co/vt8qfoXWHG,True,ShadowMonarch23,2070238239361728942,False,0,0,qme,2070248859062665218,0,https://x.com/ScarFace2824/status/2070248859062665218,reply-archive,
2070223578054660200,2026-06-25 19:12:18+00:00,@ShadowMonarch23 Como que el Julián Barça sobra en el dominó,True,ShadowMonarch23,2070206532017328475,False,0,0,es,2070223578054660200,0,https://x.com/ScarFace2824/status/2070223578054660200,reply-archive,
2070223342359970169,2026-06-25 19:11:22+00:00,@abreu_de97904 @Kosobets Confien,True,abreu_de97904,2070220190172815792,False,2,0,es,2070223342359970169,0,https://x.com/ScarFace2824/status/2070223342359970169,reply-archive,
2070218648338186609,2026-06-25 18:52:43+00:00,@abreu_de97904 @Kosobets Lo que yo veo es que el representante dice que ha habido interés del Barça. Siempre viene de su representante. No he visto a nadie del Barça ni periodista con contactos dentro del Barça hablar de Asllani. A eso me refiero.,True,abreu_de97904,2070211775601983500,False,0,0,es,2070218648338186609,0,https://x.com/ScarFace2824/status/2070218648338186609,reply-archive,
2070210539481964681,2026-06-25 18:20:29+00:00,"@abreu_de97904 @Kosobets No he visto eso, quien dió esa notícia. La tienes a mano?",True,abreu_de97904,2070210245075329146,False,0,0,es,2070210539481964681,0,https://x.com/ScarFace2824/status/2070210539481964681,reply-archive,
2070209564901802263,2026-06-25 18:16:37+00:00,@abreu_de97904 @Kosobets Sigue viniendo del representante.,True,abreu_de97904,2070209394659164268,False,0,0,es,2070209564901802263,0,https://x.com/ScarFace2824/status/2070209564901802263,reply-archive,
2070208973093904757,2026-06-25 18:14:16+00:00,@ShadowMonarch23 No lo ha* parado,True,ScarFace2824,2070208611834356028,False,3,0,es,2070208611834356028,0,https://x.com/ScarFace2824/status/2070208973093904757,reply-archive,
2070208611834356028,2026-06-25 18:12:50+00:00,"@ShadowMonarch23 Esto no lo a parado de repetir Romero en el directo de hoy pero es una gilipollez. Deco puede marcar rutas, precios, estrategias y operaciones sin la necesidad de negociar él directamente.",True,ShadowMonarch23,2070203959579419098,False,26,0,es,2070208611834356028,0,https://x.com/ScarFace2824/status/2070208611834356028,reply-archive,
2070207998165684664,2026-06-25 18:10:24+00:00,"@Kosobets Ya sabemos como es la prensa y el culer medio:

 - Juega en la Bundes
- En el Hoffenheim
- Encima no marca muchos goles

 Como va a venir al Barça?",True,Kosobets,2070206728155664556,False,2,0,es,2070207998165684664,0,https://x.com/ScarFace2824/status/2070207998165684664,reply-archive,
2070202936542577067,2026-06-25 17:50:17+00:00,"@Kosobets El interés y los guiños siempre han venido de él y del representante, del Barça por desgracia nada.",True,Kosobets,2070202360584863974,False,2,0,es,2070202936542577067,0,https://x.com/ScarFace2824/status/2070202936542577067,reply-archive,
2070190804778254675,2026-06-25 17:02:04+00:00,"@ShadowMonarch23 Un central te puede elevar el juego y hacerte atacar mejor. Ya lo hemos visto con la pérdida de Iñigo y como lo notamos cuando juega Araújo. 

https://t.co/QrTCOiLKMH",True,ShadowMonarch23,2070183762571207144,False,3,0,es,2070190804778254675,0,https://x.com/ScarFace2824/status/2070190804778254675,reply-archive,
2070184101164847354,2026-06-25 16:35:26+00:00,"@ShadowMonarch23 También se dijo que lo que puede generar Raphinha ya estaba previsto y ya se ha gastado en Gordon, pero si no es así debe ir al central zurdo no a ocupar los minutos de Roony.",True,ShadowMonarch23,2070179010051530939,False,0,0,es,2070184101164847354,0,https://x.com/ScarFace2824/status/2070184101164847354,reply-archive,
2070180208083079217,2026-06-25 16:19:58+00:00,"@BarcelonaValor Si Ferran sale hay que pedir a nuestro club hermano, su cesión.",True,BarcelonaValor,2070171680975016330,False,0,0,es,2070180208083079217,0,https://x.com/ScarFace2824/status/2070180208083079217,reply-archive,
2070170709909762321,2026-06-25 15:42:13+00:00,@AlberCule Vinicius,True,AlberCule,2070095979454296279,False,0,0,lt,2070170709909762321,0,https://x.com/ScarFace2824/status/2070170709909762321,reply-archive,
2070166455690154074,2026-06-25 15:25:19+00:00,@Marvation_ Musiala,True,Marvation_,2070071596522275212,False,1,0,eu,2070166455690154074,0,https://x.com/ScarFace2824/status/2070166455690154074,reply-archive,
2070097753577779223,2026-06-25 10:52:19+00:00,"@BarcelonaValor Se entiende desde un punto de vista antimadridista, devolverles la de Figo, pero el culer ni se lo plantea. Te destroza el vestuario, te pide cobrar más que tu estrella y echa a la basura todo lo que has construido con el proyecto Flick.",True,BarcelonaValor,2070090348446007627,False,14,0,es,2070097753577779223,0,https://x.com/ScarFace2824/status/2070097753577779223,reply-archive,
2069913889173635197,2026-06-24 22:41:42+00:00,@elitelliZN Si matas la carrera de Lamine y el proyecto del Barça,True,elitelliZN,2069908215605707109,False,0,0,es,2069913889173635197,0,https://x.com/ScarFace2824/status/2069913889173635197,reply-archive,
2069913810106724462,2026-06-24 22:41:24+00:00,@Araujismooo El vestuario,True,Araujismooo,2069909507681980621,False,1,0,es,2069913810106724462,0,https://x.com/ScarFace2824/status/2069913810106724462,reply-archive,
2069913665797525650,2026-06-24 22:40:49+00:00,@NiicoRS699 @sirfcb_ Igualitos,True,NiicoRS699,2069911967935197282,False,0,0,es,2069913665797525650,0,https://x.com/ScarFace2824/status/2069913665797525650,reply-archive,
2069910287969399042,2026-06-24 22:27:24+00:00,"@sirfcb_ Fichaje de antimadridista, el culer jamás lo querría ver vestir la camiseta blaugrana.",True,sirfcb_,2069907353214828794,False,5,0,es,2069910287969399042,0,https://x.com/ScarFace2824/status/2069910287969399042,reply-archive,
2069906973286388158,2026-06-24 22:14:14+00:00,@sirfcb_ Te destroza el proyecto,True,sirfcb_,2069906015277969783,False,1,0,es,2069906973286388158,0,https://x.com/ScarFace2824/status/2069906973286388158,reply-archive,
2069872997742133382,2026-06-24 19:59:13+00:00,"@10InfoBlaugrana Que se venda a Ferran y lo traes. 
https://t.co/Hhn5MWly4Z",True,10InfoBlaugrana,2069858099318681960,False,4,0,es,2069872997742133382,0,https://x.com/ScarFace2824/status/2069872997742133382,reply-archive,
2069794475547688981,2026-06-24 14:47:12+00:00,"@DiegoDav07 Por 20-30M era un error que lo dejara pasar, por eso sale por 50M.",True,DiegoDav07,2069790977426858072,False,1,0,es,2069794475547688981,0,https://x.com/ScarFace2824/status/2069794475547688981,reply-archive,
2069783312890028545,2026-06-24 14:02:51+00:00,@10InfoBlaugrana Entonces Raphinha cuesta 15M,True,10InfoBlaugrana,2069767509171949998,False,0,0,es,2069783312890028545,0,https://x.com/ScarFace2824/status/2069783312890028545,reply-archive,
2069748687639638273,2026-06-24 11:45:15+00:00,"@10InfoBlaugrana Está desviando las miradas del verdadero 9 de la Masía, Oscar Gistau (2008). 
Capacidad de hacerse espacio dentro del area para disparar y también para jugar fuera de ella. 
Pero tiene que mejorar el juego de espaldas. https://t.co/XDnG5qrnBH",True,10InfoBlaugrana,2069465507044929661,False,1,0,es,2069748687639638273,1,https://x.com/ScarFace2824/status/2069748687639638273,reply-archive,
2069745725034909753,2026-06-24 11:33:29+00:00,@RiquiSalmon11 https://t.co/QrTCOiLKMH,True,RiquiSalmon11,2069724264626860043,False,2,0,qme,2069745725034909753,0,https://x.com/ScarFace2824/status/2069745725034909753,reply-archive,
2069697813026410565,2026-06-24 08:23:06+00:00,"@Mart1Aarn No es tan mala noticia, puede ser más fichable del Chelsea que del Inter, va a rendir peor.",True,Mart1Aarn,2069670762361835761,False,0,0,es,2069697813026410565,0,https://x.com/ScarFace2824/status/2069697813026410565,reply-archive,
2069561550365483060,2026-06-23 23:21:38+00:00,@FCBGlories Tampoco los pagarias por Raphinha de Brasil y por el del Barça si,True,FCBGlories,2069527394021429699,False,33,0,es,2069561550365483060,0,https://x.com/ScarFace2824/status/2069561550365483060,reply-archive,
2069547462407098689,2026-06-23 22:25:40+00:00,@gorkaerviti Porque el Raphinha de Brasil te flipa no?,True,gorkaerviti,2069533373140259214,False,0,0,pt,2069547462407098689,0,https://x.com/ScarFace2824/status/2069547462407098689,reply-archive,
2069547323470868840,2026-06-23 22:25:06+00:00,@gorkaerviti Cuanto pagarias por el Raphinha de Brasil?,True,gorkaerviti,2069539191206154277,False,0,0,es,2069547323470868840,0,https://x.com/ScarFace2824/status/2069547323470868840,reply-archive,
2069495241615311131,2026-06-23 18:58:09+00:00,"@Mart1Aarn Te explico porque la gente piensa que es caro tras su paso por el ATM, porque el Barça siempre compra por lo que va a ser y vende por lo que es, siempre perdemos.",True,Mart1Aarn,2069487447960924486,False,0,0,es,2069495241615311131,0,https://x.com/ScarFace2824/status/2069495241615311131,reply-archive,
2069483524994871401,2026-06-23 18:11:36+00:00,"@Mart1Aarn Ya, porque nosotros vendemos por la versión del Barça y no por la de los equipos compradores.",True,Mart1Aarn,2069482971111792659,False,0,0,es,2069483524994871401,0,https://x.com/ScarFace2824/status/2069483524994871401,reply-archive,
2069448983022346433,2026-06-23 15:54:20+00:00,@Padremany1 Y no le flipaba Ferran? 👀,True,Padremany1,2069175737102278980,False,0,0,es,2069448983022346433,0,https://x.com/ScarFace2824/status/2069448983022346433,reply-archive,
2069444351575335314,2026-06-23 15:35:56+00:00,"@AnubisFCB3 Para ello hay que incluir a Ferran en la operación Julián y ojo que Alemany siempre ha sido su gran defensor. 
https://t.co/Hhn5MWly4Z",True,AnubisFCB3,2069350628237697217,False,0,0,es,2069444351575335314,0,https://x.com/ScarFace2824/status/2069444351575335314,reply-archive,
2069443927317381340,2026-06-23 15:34:15+00:00,"@Mart1Aarn Es un tema del típico pringado intentando hacerse el guay. Complejos de equipo pequeño que pretende ser un grande.
https://t.co/Gn3JDLnKrs",True,Mart1Aarn,2069443045372596673,False,1,0,es,2069443927317381340,0,https://x.com/ScarFace2824/status/2069443927317381340,reply-archive,
2069437570199572588,2026-06-23 15:08:59+00:00,@DiegoDav07 https://t.co/Hhn5MWly4Z,True,DiegoDav07,2069435292935659769,False,0,0,qme,2069437570199572588,0,https://x.com/ScarFace2824/status/2069437570199572588,reply-archive,
2069432641569312873,2026-06-23 14:49:24+00:00,@BlxckNews Por la carísima.,True,BlxckNews,2069427387700334885,False,0,0,es,2069432641569312873,0,https://x.com/ScarFace2824/status/2069432641569312873,reply-archive,
2069425464817377299,2026-06-23 14:20:53+00:00,@ShadowMonarch23 https://t.co/Gn3JDLnKrs,True,ShadowMonarch23,2069227467793904092,False,0,0,qme,2069425464817377299,0,https://x.com/ScarFace2824/status/2069425464817377299,reply-archive,
2069419909616971780,2026-06-23 13:58:49+00:00,"Woltemade no es solo un 9 alto. En Stuttgart sus datos ya avisaban: toques en área, conversión y xA. Si sale Ferran y nuestro club hermano @NUFC abre una cesión podemos ayudarle en su díficil situación con Woltemade. 
#Woltemade #MercatoBarça https://t.co/2eR0q6hHcZ",False,,,False,0,0,es,2069419909616971780,2,https://x.com/ScarFace2824/status/2069419909616971780,standalone-archive,
2069419089412436402,2026-06-23 13:55:33+00:00,"No todo arriba puede ser ruptura, presión y espacio. Si Gordon te da el puñal, Schjelderup puede darte el bisturí: recibir al pie, asociarse, atraer, pausar y generar cuando el partido se atasca.
#Schjelderup #MercatoBarça https://t.co/SUrqdF15Qu",False,,,False,10,1,es,2069419089412436402,1,https://x.com/ScarFace2824/status/2069419089412436402,used-in-web-article,el-tapado
2069418194670879025,2026-06-23 13:52:00+00:00,@elitelliZN Y la defensa para que?,True,elitelliZN,2069392049736999162,False,0,0,es,2069418194670879025,0,https://x.com/ScarFace2824/status/2069418194670879025,reply-archive,
2069418067021512894,2026-06-23 13:51:29+00:00,"@abreu_de97904 @TheLegendCule Con Julián díficil Diomande, pero un Schjelderup si podria venir.",True,abreu_de97904,2069407067153006902,False,0,0,es,2069418067021512894,0,https://x.com/ScarFace2824/status/2069418067021512894,reply-archive,
2069417888293810359,2026-06-23 13:50:47+00:00,@LamineRoIe https://t.co/QrTCOiLKMH,True,LamineRoIe,2069329717568684140,False,0,0,qme,2069417888293810359,0,https://x.com/ScarFace2824/status/2069417888293810359,reply-archive,
2069416829089407475,2026-06-23 13:46:34+00:00,Reflexión sobre las aficiones. https://t.co/x4QLvy2Xl3,False,,,False,1,0,es,2069416829089407475,1,https://x.com/ScarFace2824/status/2069416829089407475,standalone-archive,
2069399427710656932,2026-06-23 12:37:25+00:00,"@10InfoBlaugrana Si sale Ferran el fichaje es Asllani. 
https://t.co/Hhn5MWly4Z",True,10InfoBlaugrana,2069390021581295889,False,2,0,es,2069399427710656932,0,https://x.com/ScarFace2824/status/2069399427710656932,reply-archive,
2069372452052820325,2026-06-23 10:50:14+00:00,"Hace un año soñábamos un mercado así: Julián + Bastoni.

El 9 ya ha dado el paso.
El central parece descartado pero si el Barça quiere un mercado perfecto, este es el camino.

#MercatoBarça #JuliánÁlvarez #Bastoni #Barça
#FCB #FCBarcelona https://t.co/0xGyTthx99",False,,,False,2,0,es,2069372452052820325,1,https://x.com/ScarFace2824/status/2069372452052820325,standalone-archive,
2069355962083750089,2026-06-23 09:44:42+00:00,"@ShadowMonarch23 Venta de Raphinha, traes a Schjelderup y dejas los minutos de Roony para un canterano. Y ya idealmente incluyes a Ferran en la operación Julián y fichas a Asllani por clausula.",True,ShadowMonarch23,2069329806248833233,False,2,0,es,2069355962083750089,0,https://x.com/ScarFace2824/status/2069355962083750089,reply-archive,
2069355590351012169,2026-06-23 09:43:14+00:00,@Mart1Aarn De que sirve el gesto cuando acabas pagando lo que quería el ATM?,True,Mart1Aarn,2069354311851602098,False,4,0,es,2069355590351012169,0,https://x.com/ScarFace2824/status/2069355590351012169,reply-archive,
2069351740755910905,2026-06-23 09:27:56+00:00,"Asllani, el Kane de Kosovo, es de esas oportunidades que no hacen tanto ruido, pero tienen sentido si miras la plantilla: juego de espaldas, descarga, altura, asociación y un jugador que lleva tiempo mirando al Barça de reojo.

#Asllani #FCBarcelona #Barça #MercatoBarça
@Kosobets https://t.co/8xNPRYLC7R",False,,,False,10,0,es,2069351740755910905,1,https://x.com/ScarFace2824/status/2069351740755910905,used-in-web-article,perfil-faltante
2069338349660258593,2026-06-23 08:34:43+00:00,@sirfcb_ Pero habrá que aprovechar el gesto de Julián y no pagar lo que ya pedían antes de que lo hiciera. Nos tiene que servir justo para tener poder de negociación y bajar el precio.,True,sirfcb_,2069335625795248538,False,2,0,es,2069338349660258593,0,https://x.com/ScarFace2824/status/2069338349660258593,reply-archive,
2069309737200463959,2026-06-23 06:41:01+00:00,"@RiquiSalmon11 Yo ya creo que es como los tweets, lo hacen para contentar a su afición, la cual se traga todo. Tanto Mateu como Simeone lo quieren vender y ojo no quieran a Ferran.",True,RiquiSalmon11,2069309138006413481,False,4,0,es,2069309737200463959,0,https://x.com/ScarFace2824/status/2069309737200463959,reply-archive,
2069193176116535659,2026-06-22 22:57:51+00:00,@JBlasi_ 100%,True,JBlasi_,2069184435530903915,False,1,0,und,2069193176116535659,0,https://x.com/ScarFace2824/status/2069193176116535659,reply-archive,
2069193105148936335,2026-06-22 22:57:34+00:00,"@abreu_de97904 @TheLegendCule Ojalá, Mateu es su gran defensor, pero no creo que Ferran acepte. Lo que rabiarian los atleticos con ese cambio. Y Asllani nos daria un perfil ""Kane"" que no tenemos.",True,abreu_de97904,2069183496816337324,False,1,0,es,2069193105148936335,0,https://x.com/ScarFace2824/status/2069193105148936335,reply-archive,
2069192127708275048,2026-06-22 22:53:41+00:00,@Somhiseremfcb @Kosobets Vendemos a Ferran y traemos al Kane kosovar para no repetir perfiles,True,Somhiseremfcb,2069191770731131250,False,10,0,es,2069192127708275048,0,https://x.com/ScarFace2824/status/2069192127708275048,reply-archive,
2069190620652965965,2026-06-22 22:47:42+00:00,@Mart1Aarn Los únicos con los que dudo son los del PSG. Los minutos de Roony deben ser para un canterano y para mi Barcola es una redflag.,True,Mart1Aarn,2069185721332551762,False,0,0,es,2069190620652965965,0,https://x.com/ScarFace2824/status/2069190620652965965,reply-archive,
2069185355262153202,2026-06-22 22:26:46+00:00,@9JulianAlvarez9 https://t.co/hxkasjXBSt,True,9JulianAlvarez9,2069163798724751460,False,0,0,qme,2069185355262153202,0,https://x.com/ScarFace2824/status/2069185355262153202,reply-archive,
2069182326580359464,2026-06-22 22:14:44+00:00,"No hay vuelta atrás - Julián Álvarez

Julián ha hecho su parte. Ahora le toca al Barça. Un 9 muy Flick: autosuficiente, móvil, competitivo, con gol, presión y liderazgo. El tipo de delantero que no apaga la jugada: la mejora.

#JuliánÁlvarez #FCBarcelona #Barça #MercatoBarça https://t.co/ueC33PMW72",False,,,False,4,2,es,2069182326580359464,1,https://x.com/ScarFace2824/status/2069182326580359464,used-in-web-article,no-hay-vuelta-atras
2069181471093403827,2026-06-22 22:11:20+00:00,"El quinto medio — La Masía

Si se vende a Casadó, la respuesta tiene que salir de casa. Pedro, Orian, Tommy, Ebrima y compañía deben aprovechar la pretemporada: el Barça necesita control, piernas y descanso real para Pedri.

#LaMasia #Casadó #FCBarcelona #Barça #CanteraBarça https://t.co/mMQs84jxZJ",False,,,False,0,0,es,2069181471093403827,1,https://x.com/ScarFace2824/status/2069181471093403827,used-in-web-article,el-quinto-medio
2069181035540083019,2026-06-22 22:09:37+00:00,"Tercer central — Lateral derecho

Si no llega el lateral ofensivo ideal, toca no equivocarse. Eric puede ser el lateral defensivo, pero su mayor valor sigue siendo ser comodín: central, lateral, pivote puntual y suplente de Cubarsí.

#EricGarcía #FCBarcelona #Barça #MercatoBarça https://t.co/K8zkmPfHfb",False,,,False,0,0,es,2069181035540083019,1,https://x.com/ScarFace2824/status/2069181035540083019,used-in-web-article,tercer-central
2069180856699138520,2026-06-22 22:08:54+00:00,"Pieza clave — Central zurdo

El central zurdo no es un capricho, es una posición estructural. Gerard ha hecho un año muy infravalorado, pero el Barça no puede depender de que repita siempre su mejor versión. 

#FCBarcelona #Barça #CentralZurdo #MercatoBarça https://t.co/EtiaDXsZfq",False,,,False,2,0,es,2069180856699138520,1,https://x.com/ScarFace2824/status/2069180856699138520,used-in-web-article,pieza-clave
2069180671390597321,2026-06-22 22:08:10+00:00,"Segundo portero — Álex Remiro

Si la portería se vacía, Remiro no sería un fichaje de ruido, sería un fichaje de sentido. Experiencia, Liga, regularidad y una solución fiable para no dejar una posición clave cogida con pinzas.

#ÁlexRemiro #FCBarcelona #Barça #MercatoBarça https://t.co/pIwwPzvTlU",False,,,False,1,0,es,2069180671390597321,1,https://x.com/ScarFace2824/status/2069180671390597321,used-in-web-article,segundo-portero
2069180481732567173,2026-06-22 22:07:25+00:00,"El nuevo Raphinha — Anthony Gordon

Gordon no viene a adornar el ataque. Viene a correr, presionar, romper y sostener el ritmo competitivo que Flick exige. Si Raphinha sale o baja carga, aquí está el relevo natural.

#FCBarcelona #Barça #AnthonyGordon #MercatoBarça https://t.co/MbQXCedI0w",False,,,False,0,0,es,2069180481732567173,1,https://x.com/ScarFace2824/status/2069180481732567173,used-in-web-article,el-nuevo-raphinha
2069156000230183022,2026-06-22 20:30:08+00:00,@Mancuer91 https://t.co/gppcJqKFuN,True,Mancuer91,2069133885036744819,False,0,0,qme,2069156000230183022,0,https://x.com/ScarFace2824/status/2069156000230183022,reply-archive,
2069146369122521389,2026-06-22 19:51:51+00:00,"@BlxckNews Cuando volverá a empezar otra campaña para que vuelva Messi? Para mi Julián está solo detrás de Kane o Diomande, pero al nivel de Joao Pedro o Asllani.",True,BlxckNews,2069134748211974178,False,0,0,es,2069146369122521389,0,https://x.com/ScarFace2824/status/2069146369122521389,reply-archive,
2069123791968428311,2026-06-22 18:22:09+00:00,@10InfoBlaugrana Solo?,True,10InfoBlaugrana,2069118224160157872,False,0,0,es,2069123791968428311,0,https://x.com/ScarFace2824/status/2069123791968428311,reply-archive,
2069088616823885994,2026-06-22 16:02:22+00:00,@ShadowMonarch23 Luis Suarez encaja?,True,ShadowMonarch23,2069072179614876060,False,0,0,es,2069088616823885994,0,https://x.com/ScarFace2824/status/2069088616823885994,reply-archive,
2068813045871046881,2026-06-21 21:47:21+00:00,@abreu_de97904 @BarcaTimes @gxldeadam Para eso hay que traer a Diomande. https://t.co/TysjvtPqc9,True,abreu_de97904,2068812531414532286,False,0,0,es,2068813045871046881,1,https://x.com/ScarFace2824/status/2068813045871046881,reply-archive,
2068806462449541149,2026-06-21 21:21:11+00:00,@Mart1Aarn Esque no lo veo renovando ni el Barça yendo a por él el año que viene habiendo fichado este año a Julian por 150.,True,Mart1Aarn,2068806114150416749,False,0,0,es,2068806462449541149,0,https://x.com/ScarFace2824/status/2068806462449541149,reply-archive,
2068804177904505168,2026-06-21 21:12:07+00:00,@Mart1Aarn Espero que salga por 150 porque como salga por 100 y el Barça ni lo haya intentado me va a joder.,True,Mart1Aarn,2068794764208517216,False,0,0,es,2068804177904505168,0,https://x.com/ScarFace2824/status/2068804177904505168,reply-archive,
2068756935843655742,2026-06-21 18:04:23+00:00,"@Blayasensat Es decir que hay partidos que la mitad de partidos juegas con 11 y la otra con 10, en mis libros sales perdiendo.",True,Blayasensat,2068753779751526637,False,0,0,es,2068756935843655742,0,https://x.com/ScarFace2824/status/2068756935843655742,reply-archive,
2068745623088582717,2026-06-21 17:19:26+00:00,@BarcelonaValor Para que den los números es Asllani,True,BarcelonaValor,2068732382539124744,False,0,0,es,2068745623088582717,0,https://x.com/ScarFace2824/status/2068745623088582717,reply-archive,
2068723614552105446,2026-06-21 15:51:59+00:00,@sirfcb_ Gracias! Les cuesta entenderlo,True,sirfcb_,2068639498649342198,False,1,0,es,2068723614552105446,0,https://x.com/ScarFace2824/status/2068723614552105446,reply-archive,
2094475346871476372,2026-08-31 17:20:10+00:00,"@AtletiOnTop Hay que respetarlo, tiene contrato.",True,AtletiOnTop,2094469294729871482,False,1,0,es,2094475346871476372,0,https://x.com/ScarFace2824/status/2094475346871476372,reply-archive,
2094353206083993706,2026-08-31 09:14:50+00:00,@ShadowMonarch23 @dembelismo99_ Ahora nos olvidamos de Gariba,True,ShadowMonarch23,2094352492028928503,False,2,0,es,2094353206083993706,0,https://x.com/ScarFace2824/status/2094353206083993706,reply-archive,
2094353132981551223,2026-08-31 09:14:32+00:00,"@dembelismo99_ A no ser que se maten entre ellos, porque para jugar van a tener que hacer unos juegos del hambre. Con Onstein, Pacifico, Gariba, Baza...",True,dembelismo99_,2094349895121444964,False,0,0,es,2094353132981551223,0,https://x.com/ScarFace2824/status/2094353132981551223,reply-archive,
2094349846006190419,2026-08-31 09:01:29+00:00,"@FCBInformatiu Pacifico, Onstein, Hafiz Gariba y ahora Baza?",True,FCBInformatiu,2094348351688810838,False,0,0,es,2094349846006190419,0,https://x.com/ScarFace2824/status/2094349846006190419,reply-archive,
2094343211783229507,2026-08-31 08:35:07+00:00,@dembelismo99_ Ninguno de los 3 duraron más de una temporada.,True,dembelismo99_,2094050439008317919,False,0,0,es,2094343211783229507,0,https://x.com/ScarFace2824/status/2094343211783229507,reply-archive,
2094342848376144344,2026-08-31 08:33:40+00:00,"@BlasterAlex Nos hacemos los locos con el historial de lesiones y como ha vuelto después de ellas. Va a ser el primero con el que tengan razón con el doping de los vendajes, sino no se como va a aguantar el ritmo Flick y la presión. https://t.co/Wfq97eW0Nn",True,BlasterAlex,2094052659149807772,False,0,0,es,2094342848376144344,1,https://x.com/ScarFace2824/status/2094342848376144344,reply-archive,
2094342127836635590,2026-08-31 08:30:48+00:00,@BlxckNews La realidad: https://t.co/ugcw7C8Xo2,True,BlxckNews,2094041377675821488,False,0,0,es,2094342127836635590,2,https://x.com/ScarFace2824/status/2094342127836635590,reply-archive,
2094340569325535556,2026-08-31 08:24:37+00:00,"@Torren__ Tu a tu hija:
"" O te vas con el tio que no te gusta, o te quedas con tu marido maltratador, quitas esa cara de acelga y te tapas los morados, no haberte casado. Atontada. Olvidate del hombre de tus sueños por mucho que el tambien te quiera.""",True,Torren__,2094021969050042549,False,1,0,es,2094340569325535556,0,https://x.com/ScarFace2824/status/2094340569325535556,reply-archive,
2094336539996090499,2026-08-31 08:08:36+00:00,@alexpintanel A ver lo que dura el tullido de Gabriel Jesus presionando al ritmo de Flick,True,alexpintanel,2094321742789357964,False,0,0,es,2094336539996090499,0,https://x.com/ScarFace2824/status/2094336539996090499,reply-archive,
2094329950081785973,2026-08-31 07:42:25+00:00,"@Padremany1 No se si se la suda, por algo le gusta tanto Gerard Martin",True,Padremany1,2094209821138395492,False,0,0,es,2094329950081785973,0,https://x.com/ScarFace2824/status/2094329950081785973,reply-archive,
2094206419645960538,2026-08-30 23:31:33+00:00,@SoldadoCule_ Y no encajan en lo que necesitamos deportivamente?,True,SoldadoCule_,2094203997011730610,False,0,0,es,2094206419645960538,0,https://x.com/ScarFace2824/status/2094206419645960538,reply-archive,
2094195007641035229,2026-08-30 22:46:12+00:00,"@SoldadoCule_ Calafiori, Lukeba, Salinas, Niijstad",True,SoldadoCule_,2094187797578190854,False,1,0,et,2094195007641035229,0,https://x.com/ScarFace2824/status/2094195007641035229,reply-archive,
2094181664834326854,2026-08-30 21:53:11+00:00,"@RevenRV No entiendo la animadversión de traer a jóvenes, viendo como funcionan aquí los niños de 19 años. 
Tenías a Woltemade cedido si no querías riesgo, Tresoldi por lo que te han dado por Ferran o por lo que te ibas a dejar en Julián a Kroupi. Todos encajan. Pero traen a un exjugador",True,RevenRV,2093841059633598693,False,0,0,es,2094181664834326854,0,https://x.com/ScarFace2824/status/2094181664834326854,reply-archive,
2094121205297025368,2026-08-30 17:52:56+00:00,@GallineroBlau No sirve para el arsenal que nos hace pensar que sirve aquí?,True,GallineroBlau,2094047160790589738,False,1,0,es,2094121205297025368,0,https://x.com/ScarFace2824/status/2094121205297025368,reply-archive,
2094103439739359681,2026-08-30 16:42:21+00:00,@planetabarcaa Traemos a Ronaldinho su único problema es la edad,True,planetabarcaa,2094044112131338264,False,2,0,es,2094103439739359681,0,https://x.com/ScarFace2824/status/2094103439739359681,reply-archive,
2094103200391479504,2026-08-30 16:41:24+00:00,"@manel10valle Si el objetivo era ser el City legends, si",True,manel10valle,2094086514200244582,False,0,0,es,2094103200391479504,0,https://x.com/ScarFace2824/status/2094103200391479504,reply-archive,
2094069660136222917,2026-08-30 14:28:07+00:00,"@ShadowMonarch23 Un dia al año, el resto en muletas",True,ShadowMonarch23,2094041160767480244,False,0,0,es,2094069660136222917,0,https://x.com/ScarFace2824/status/2094069660136222917,reply-archive,
2094069104969682961,2026-08-30 14:25:55+00:00,"Mira que habían opciones, pues vamos y nos traemos al Araújo del Arsenal. Ni Woltemade cedido, ni apostar por el futuro con Tresoldi, un puto exjugador.",False,,,False,0,0,es,2094069104969682961,0,https://x.com/ScarFace2824/status/2094069104969682961,standalone-archive,
2093967332620042299,2026-08-30 07:41:30+00:00,"@AtletiOnTop A ver si lo admitis de una vez sois la putita del Real Madrid, un filial más, como ya has confesado para vosotros somos mas rivales nosotros que ellos. No pasa nada pero luego no vayais que el derbi es contra el Madrid. Para nosotros no sois nada, un bilbado más.",True,AtletiOnTop,2093446828033278383,False,1,0,es,2093967332620042299,0,https://x.com/ScarFace2824/status/2093967332620042299,reply-archive,
2093669159779389544,2026-08-29 11:56:40+00:00,@gxldeadam Ostia no fotis?!,True,gxldeadam,2093664023975772548,False,0,0,pt,2093669159779389544,0,https://x.com/ScarFace2824/status/2093669159779389544,reply-archive,
2068720610042142920,2026-06-21 15:40:03+00:00,@10InfoBlaugrana De cristal,True,10InfoBlaugrana,2068665235192656364,False,0,0,es,2068720610042142920,0,https://x.com/ScarFace2824/status/2068720610042142920,reply-archive,
2068686753976766817,2026-06-21 13:25:31+00:00,"@elitelliZN Pero es que los datos sí dicen que crea ocasiones. Diomande está en p95 en Open Play xG Assisted, p90 en pases al área y p90 en Pass OBV. No es “hacer de Lamine”, porque Lamine sigue jugando pero reducirlo a bestia al espacio es quedarse corto: desborda, atrae y también genera. https://t.co/4t0exZIwYK",True,elitelliZN,2068670671345872930,False,0,0,es,2068686753976766817,1,https://x.com/ScarFace2824/status/2068686753976766817,reply-archive,
2068670130817577048,2026-06-21 12:19:27+00:00,"@ImNotJowi @macanudopiti Si no eres capaz de ver las lesiones que ha estado sufriendo toda la temporada y como le afecta la edad a un jugador que depende tanto de su físico, un poco subnormal si.",True,ImNotJowi,2068636104878678398,False,0,0,es,2068670130817577048,0,https://x.com/ScarFace2824/status/2068670130817577048,reply-archive,
2068669640784445860,2026-06-21 12:17:31+00:00,@BarcaInfoFCB @AS_Picu En una operación así el Barça tiene que entrar y aprovechar las buenas relaciones con el Newcastle.,True,,2068414843384692824,False,1,0,es,2068669640784445860,0,https://x.com/ScarFace2824/status/2068669640784445860,reply-archive,
2068669206095171761,2026-06-21 12:15:47+00:00,"@elitelliZN Con Raphinha, Gordon, Fermin y Ferran ya tienes esos delanteros para atacar espacios y finalizadores, te falta otro creador de jugadas, desborde, pases clave que le quite marcas y libere a Lamine o que genere peligro cuando el 10 no esté. Cargando todo en Lamine somos predecibles https://t.co/fJ7oGb3QPC",True,elitelliZN,2068662196624568737,False,1,0,es,2068669206095171761,1,https://x.com/ScarFace2824/status/2068669206095171761,reply-archive,
2068663704246235525,2026-06-21 11:53:55+00:00,@BlxckNews Venta los dos,True,BlxckNews,2068657670425383111,False,0,0,es,2068663704246235525,0,https://x.com/ScarFace2824/status/2068663704246235525,reply-archive,
2068662789225205981,2026-06-21 11:50:17+00:00,@Gxlfcb_pedri10 @FCBarcelona El que hay que quitarles es a Laimer que acaba contrato en 2027,True,Gxlfcb_pedri10,2068528403876118810,False,0,0,es,2068662789225205981,0,https://x.com/ScarFace2824/status/2068662789225205981,reply-archive,
2068659895172235385,2026-06-21 11:38:47+00:00,@ShadowMonarch23 https://t.co/vt8qfoXWHG,True,ShadowMonarch23,2068655475093049849,False,1,0,qme,2068659895172235385,0,https://x.com/ScarFace2824/status/2068659895172235385,reply-archive,
2068659678649663705,2026-06-21 11:37:55+00:00,@BarcaTimes @gxldeadam @abreu_de97904,True,BarcaTimes,2068651037880094983,False,0,0,qam,2068659678649663705,0,https://x.com/ScarFace2824/status/2068659678649663705,reply-archive,
2068646006661451942,2026-06-21 10:43:36+00:00,@ShadowMonarch23 Musiala acaba de volver de la lesión,True,ShadowMonarch23,2068640755069890984,False,1,0,es,2068646006661451942,0,https://x.com/ScarFace2824/status/2068646006661451942,reply-archive,
2068632796457845180,2026-06-21 09:51:06+00:00,"@elitelliZN También tiene él parte de culpa, ya lo admitió.",True,elitelliZN,2068624501688971483,False,17,0,es,2068632796457845180,0,https://x.com/ScarFace2824/status/2068632796457845180,reply-archive,
2068631833323938082,2026-06-21 09:47:17+00:00,@ShadowMonarch23 Y el club dejandoles hacer lo que les da la gana. Espero que sean venta los 2.,True,ShadowMonarch23,2068619493798978014,False,2,0,es,2068631833323938082,0,https://x.com/ScarFace2824/status/2068631833323938082,reply-archive,
2068477328615694790,2026-06-20 23:33:20+00:00,"@Mart1Aarn Si, pero uno lo hace en division de honor y los otros en el Mundial. Que tengo ganas de ver a Ebrima en el primer equipo pero es normal que la gente tenga más hype.",True,Mart1Aarn,2068476279981015211,False,1,0,es,2068477328615694790,0,https://x.com/ScarFace2824/status/2068477328615694790,reply-archive,
2068475731093443039,2026-06-20 23:26:59+00:00,"@_Edeb Es imposible que una caja se guarde a si misma, igual de imposible que un cerebro pueda autoentenderse.",True,ScarFace2824,2068475231690256578,False,0,0,es,2068475093592723780,0,https://x.com/ScarFace2824/status/2068475731093443039,reply-archive,
2068475231690256578,2026-06-20 23:25:00+00:00,"@_Edeb ¿No estaremos repitiendo el viejo impulso antropocéntrico de creer que nuestra mente tiene un estatus especial? Tal vez el cerebro también funciona como geometría disfrazada de significado, solo que autocomprenderse es mucho más difícil que estudiar algo externo.",True,ScarFace2824,2068475093592723780,False,0,0,es,2068475093592723780,0,https://x.com/ScarFace2824/status/2068475231690256578,reply-archive,
2068475093592723780,2026-06-20 23:24:27+00:00,"@_Edeb ¿Y si nuestra resistencia a aceptar que el cerebro también opera con patrones, distancias y geometrías internas viene de la misma necesidad narcisista que nos hizo creer que éramos el centro del cosmos o algo más que simples animales?",True,_Edeb,2068470328418808042,False,0,0,es,2068475093592723780,0,https://x.com/ScarFace2824/status/2068475093592723780,reply-archive,
2068464674467680351,2026-06-20 22:43:03+00:00,"@Somhiseremfcb Meses pidiendolo pero como jugaba en la bundes nadie hacía caso, 2 partidos en el mundial y todo el mundo lo quiere...",True,Somhiseremfcb,2068438582709113271,False,1,0,es,2068464674467680351,0,https://x.com/ScarFace2824/status/2068464674467680351,reply-archive,
2068463894478160219,2026-06-20 22:39:57+00:00,"@Padremany1 En alemania no hay color, ha jugado mucho mejor en derecha que en izquierda.",True,Padremany1,2068450304396325229,False,0,0,es,2068463894478160219,0,https://x.com/ScarFace2824/status/2068463894478160219,reply-archive,
2068420527111204892,2026-06-20 19:47:37+00:00,@Blayasensat Yo los he visto muy fragiles en defensa pero que sin dominar no han parado de pegar zarpazos,True,Blayasensat,2068409500323795282,False,0,0,es,2068420527111204892,0,https://x.com/ScarFace2824/status/2068420527111204892,reply-archive,
2068402054846951913,2026-06-20 18:34:13+00:00,"@Mhoni_Hiyst Diomande si, sino Julián.",True,Mhoni_Hiyst,2068316560205222326,False,0,0,es,2068402054846951913,0,https://x.com/ScarFace2824/status/2068402054846951913,reply-archive,
2068399996345487702,2026-06-20 18:26:02+00:00,@ShadowMonarch23 O lamine falso 9 y Diomande por derecha,True,ShadowMonarch23,2068395263736098945,False,0,0,es,2068399996345487702,0,https://x.com/ScarFace2824/status/2068399996345487702,reply-archive,
2068386413700079636,2026-06-20 17:32:04+00:00,@RiquiSalmon11 Esa cuenta es rídicula,True,RiquiSalmon11,2068384983127937139,False,1,0,es,2068386413700079636,0,https://x.com/ScarFace2824/status/2068386413700079636,reply-archive,
2068375768325906870,2026-06-20 16:49:46+00:00,@XavismoFCB_ Acomplejado,True,XavismoFCB_,2068039776419074432,False,2,0,es,2068375768325906870,0,https://x.com/ScarFace2824/status/2068375768325906870,reply-archive,
2068373077986062550,2026-06-20 16:39:04+00:00,"@ShadowMonarch23 Buena estrategia, si lo que quieres son jugadores que no quiere nadie.",True,ShadowMonarch23,2068358008640356657,False,6,0,es,2068373077986062550,0,https://x.com/ScarFace2824/status/2068373077986062550,reply-archive,
2068353564859121881,2026-06-20 15:21:32+00:00,@bronxsfcb No te jode,True,bronxsfcb,2068328825822269609,False,0,0,es,2068353564859121881,0,https://x.com/ScarFace2824/status/2068353564859121881,reply-archive,
2068344567355576444,2026-06-20 14:45:47+00:00,"@Padremany1 Cada semana cambian las alternativas, la pasada era Kane y Koupri",True,Padremany1,2068328622092394548,False,2,0,es,2068344567355576444,0,https://x.com/ScarFace2824/status/2068344567355576444,reply-archive,
2068340452823126491,2026-06-20 14:29:26+00:00,@elitelliZN No es el mismo tipo de lesión,True,elitelliZN,2068335311982137778,False,0,0,es,2068340452823126491,0,https://x.com/ScarFace2824/status/2068340452823126491,reply-archive,
2068332219232375088,2026-06-20 13:56:43+00:00,"@gxldeadam 100%
https://t.co/paAxWJzA0a

https://t.co/vt8qfoXWHG",True,gxldeadam,2068330363747766350,False,1,0,und,2068332219232375088,0,https://x.com/ScarFace2824/status/2068332219232375088,reply-archive,
2068329411766525979,2026-06-20 13:45:34+00:00,@gxldeadam Gordon - Lamine - Diomande,True,gxldeadam,2068323485361766684,False,1,0,it,2068329411766525979,0,https://x.com/ScarFace2824/status/2068329411766525979,reply-archive,
2068247713813061785,2026-06-20 08:20:55+00:00,@ShadowMonarch23 Como si Flick quería que Iñigo se marchara,True,ShadowMonarch23,2068174297038823858,False,0,0,es,2068247713813061785,0,https://x.com/ScarFace2824/status/2068247713813061785,reply-archive,
2068247423617585453,2026-06-20 08:19:46+00:00,@ShadowMonarch23 Ahora,True,ShadowMonarch23,2068176467066830870,False,0,0,es,2068247423617585453,0,https://x.com/ScarFace2824/status/2068247423617585453,reply-archive,
2068247298283323481,2026-06-20 08:19:16+00:00,@TriggerFCB Ya vas tarde,True,TriggerFCB,2068140660817817815,False,0,0,es,2068247298283323481,0,https://x.com/ScarFace2824/status/2068247298283323481,reply-archive,
2068244500015665642,2026-06-20 08:08:09+00:00,@Somhiseremfcb Venta,True,Somhiseremfcb,2068235125704229165,False,1,0,es,2068244500015665642,0,https://x.com/ScarFace2824/status/2068244500015665642,reply-archive,
2068244293123223583,2026-06-20 08:07:20+00:00,@DiegoDav07 Podemos vender ya a Raphinha?,True,DiegoDav07,2068144652297945369,False,0,0,pt,2068244293123223583,0,https://x.com/ScarFace2824/status/2068244293123223583,reply-archive,
2068244198873055699,2026-06-20 08:06:57+00:00,@sirfcb_ Luego hay gente que no quiere venderlo,True,sirfcb_,2068141673415106679,False,0,0,es,2068244198873055699,0,https://x.com/ScarFace2824/status/2068244198873055699,reply-archive,
2068006093251326360,2026-06-19 16:20:48+00:00,"@Somhiseremfcb Una cosa está clara, del Liverpool no es. https://t.co/KaSid3OPxr",True,Somhiseremfcb,2067916240203440221,False,45,0,es,2068006093251326360,1,https://x.com/ScarFace2824/status/2068006093251326360,reply-archive,
2067962014366908712,2026-06-19 13:25:39+00:00,@RiquiSalmon11 La cosa es que tiene clausula que acaba el 30 de junio. Por lo que si al Barça le interesa se cierra en 10 días.,True,RiquiSalmon11,2067961480037724440,False,0,0,es,2067962014366908712,0,https://x.com/ScarFace2824/status/2067962014366908712,reply-archive,
2067947277834965304,2026-06-19 12:27:06+00:00,@Mart1Aarn Y te basta con la pretemporada?,True,Mart1Aarn,2067946486827012125,False,0,0,es,2067947277834965304,0,https://x.com/ScarFace2824/status/2067947277834965304,reply-archive,
2067943924333711774,2026-06-19 12:13:46+00:00,@Mart1Aarn Quieres cederlo?,True,Mart1Aarn,2067940706052616644,False,0,0,es,2067943924333711774,0,https://x.com/ScarFace2824/status/2067943924333711774,reply-archive,
2067931917966569754,2026-06-19 11:26:04+00:00,@Araujismooo Solo venta,True,Araujismooo,2067921933165826520,False,0,0,es,2067931917966569754,0,https://x.com/ScarFace2824/status/2067931917966569754,reply-archive,
2067917650349412771,2026-06-19 10:29:22+00:00,@Mhoni_Hiyst Que aguante para el siguiente mercado cuando le quede solo un año.,True,Mhoni_Hiyst,2067687378433532291,False,0,0,es,2067917650349412771,0,https://x.com/ScarFace2824/status/2067917650349412771,reply-archive,
2067916084464775484,2026-06-19 10:23:09+00:00,"Actualización del mercado de Fichajes 26/27.
Gordon - Cancelo - Julián Álvarez - Van de Ven
https://t.co/x2h2RDQ2V0 https://t.co/EO4pPeXesv",False,,,False,0,0,es,2067916084464775484,1,https://x.com/ScarFace2824/status/2067916084464775484,standalone-archive,
2067914016295452913,2026-06-19 10:14:56+00:00,@Somhiseremfcb @telegraaf Hasta luego,True,Somhiseremfcb,2067913814431994239,False,1,0,es,2067914016295452913,0,https://x.com/ScarFace2824/status/2067914016295452913,reply-archive,
2067911543082078270,2026-06-19 10:05:06+00:00,"@appiecule Pedri, De Jong y Gavi defienden mejor que Guerra.",True,appiecule,2067849860779217059,False,0,0,es,2067911543082078270,0,https://x.com/ScarFace2824/status/2067911543082078270,reply-archive,
2067911150474322370,2026-06-19 10:03:32+00:00,@KaranSa01391828 Javi guerra de mediapunta con Olmo y Fermín? Dedicaros a la información porque vuestra opinión no vale nada.,True,KaranSa01391828,2067893370673086579,False,0,0,es,2067911150474322370,0,https://x.com/ScarFace2824/status/2067911150474322370,reply-archive,
2067903296761741403,2026-06-19 09:32:20+00:00,@Mhoni_Hiyst También hay que ponerlo en contexto de la temporada del equipo entero que ha estado a punto de descender,True,Mhoni_Hiyst,2067703868222300378,False,0,0,es,2067903296761741403,0,https://x.com/ScarFace2824/status/2067903296761741403,reply-archive,
2067901900259815437,2026-06-19 09:26:47+00:00,@_alexrodrigz Solo la venta,True,_alexrodrigz,2067889899601064308,False,0,0,es,2067901900259815437,0,https://x.com/ScarFace2824/status/2067901900259815437,reply-archive,
2067889305867977090,2026-06-19 08:36:44+00:00,"@Fut25_ Vaya tonteria, el club debe moverse entorno a sus necesidades y posibilidades no según lo que hagan otros equipos, acomplejado.",True,Fut25_,2067744912930414770,False,23,0,es,2067889305867977090,0,https://x.com/ScarFace2824/status/2067889305867977090,reply-archive,
2067889065660231966,2026-06-19 08:35:47+00:00,@ShadowMonarch23 Pero si es un sobrevalorado que juega en la bundesliga no?,True,ShadowMonarch23,2067867002023076166,False,0,0,es,2067889065660231966,0,https://x.com/ScarFace2824/status/2067889065660231966,reply-archive,
2067876920469942734,2026-06-19 07:47:31+00:00,@Mart1Aarn Hahaha estrategia,True,Mart1Aarn,2067874781916017088,False,0,0,it,2067876920469942734,0,https://x.com/ScarFace2824/status/2067876920469942734,reply-archive,
2067871539278606421,2026-06-19 07:26:08+00:00,"@biggest_sparta Van de Ven encaja 100% en defensa de Flick rápido y corrector a la espalda. Vuskovic es todo lo contrario, lento y que brilla en bloque bajo y en acciones de defensa del area, algo que el Barça nunca hace, casi siempre nos atacan en transición.",True,biggest_sparta,2067696290624843853,False,0,0,es,2067871539278606421,0,https://x.com/ScarFace2824/status/2067871539278606421,reply-archive,
2067871030723444954,2026-06-19 07:24:07+00:00,"@KaranSa01391828 Cuanto costaría Silva? Encima es diestro, seria suplente de Cubarsí, en izquierda Flick pone a un zurdo 100% por eso ha puesto a uno de 200k y no a Eric, por ejemplo.",True,KaranSa01391828,2067847746930069770,False,0,0,es,2067871030723444954,0,https://x.com/ScarFace2824/status/2067871030723444954,reply-archive,
2067870100523261996,2026-06-19 07:20:25+00:00,@KaranSa01391828 La vida son riesgos como el que fiche a Kroupi.,True,KaranSa01391828,2067847746930069770,False,0,0,es,2067870100523261996,0,https://x.com/ScarFace2824/status/2067870100523261996,reply-archive,
2067869685962379729,2026-06-19 07:18:46+00:00,"@cz40268 @UCulemas @realmadrid @FCBarcelona Si presupuestais ingresos que luego no teneis y luego no pasa nada, como los conciertos. Luego el Barça lo hace con los asientos y no te dejan fichar en 4 ventanas. Cosas de que el presidente de la liga sea del madrid.",True,cz40268,2067836797724312007,False,0,0,es,2067869685962379729,0,https://x.com/ScarFace2824/status/2067869685962379729,reply-archive,
2067869126387736705,2026-06-19 07:16:33+00:00,"@Mart1Aarn No lo he visto directamente de Fabrizio, supongo que lo habrá dicho en algun video, pero igual que Bastoni, Julian para el atm o Raphinha para nosotros. Típica estrategia negociadora. Han fichado a Senesi y a Van Hecke.",True,Mart1Aarn,2067858947294232800,False,0,0,es,2067869126387736705,0,https://x.com/ScarFace2824/status/2067869126387736705,reply-archive,
2067748434744918316,2026-06-18 23:16:58+00:00,@Somhiseremfcb Si puede hacer eso en 80 metros imaginate con solo 40 metros a la espalda en la defensa de Flick,True,Somhiseremfcb,2067746117807194170,False,3,0,es,2067748434744918316,0,https://x.com/ScarFace2824/status/2067748434744918316,reply-archive,
2067729483973427239,2026-06-18 22:01:40+00:00,@Padremany1 Y se entiende menos cuando los titulares ya van tocados,True,Padremany1,2067719828480102855,False,1,0,es,2067729483973427239,0,https://x.com/ScarFace2824/status/2067729483973427239,reply-archive,
2067728337175261391,2026-06-18 21:57:06+00:00,@Somhiseremfcb https://t.co/EQeTFRZ09e,True,Somhiseremfcb,2067727041546375594,False,6,0,qme,2067728337175261391,1,https://x.com/ScarFace2824/status/2067728337175261391,reply-archive,
2067726809836261537,2026-06-18 21:51:02+00:00,"@ShadowMonarch23 Es decir que el Madrid puede fichar a Modric, Isco, Bernardo, incluso a Cucurella pero nosotros no podemos fichar al mejor acompañante de Lamine porque se ofrece a los grandes equipos estando en el Leipzig?",True,ShadowMonarch23,2067716194661011739,False,0,0,es,2067726809836261537,0,https://x.com/ScarFace2824/status/2067726809836261537,reply-archive,
2067720823943700853,2026-06-18 21:27:15+00:00,@elitelliZN Creo que lo de Raphinha se va a hacer y que su dinero ya se invirtió en Gordon. Sensaciones.,True,elitelliZN,2067709962009067989,False,0,0,es,2067720823943700853,0,https://x.com/ScarFace2824/status/2067720823943700853,reply-archive,
2067720638949650495,2026-06-18 21:26:31+00:00,@gorkaerviti A Newcastle? Y sacamos un % y el fichaje de Gordon sale más barato,True,gorkaerviti,2067301801720766727,False,0,0,es,2067720638949650495,0,https://x.com/ScarFace2824/status/2067720638949650495,reply-archive,
2067719793633808750,2026-06-18 21:23:09+00:00,@Agonco4 @gorkaerviti También ayuda el fichaje de Gordon y que con su presión intentar mitigar esos errores defensivos que hemos visto sin Raphinha. No hay central que defienda con 40 metros a su espalda.,True,ScarFace2824,2067719433687027904,False,0,0,es,2067718932111225101,0,https://x.com/ScarFace2824/status/2067719793633808750,reply-archive,
2067719433687027904,2026-06-18 21:21:44+00:00,"@Agonco4 @gorkaerviti Por eso personalmente preferiría ir con todo al ataque y apostar por Bastoni para que te eleve el juego del equipo y con eso atacar mejor, con más control y estar mejor colocados, por ende defender mejor sin necesidad de un corrector a la espalda.",True,ScarFace2824,2067718932111225101,False,0,0,es,2067718932111225101,0,https://x.com/ScarFace2824/status/2067719433687027904,reply-archive,
2067718932111225101,2026-06-18 21:19:44+00:00,"@Agonco4 @gorkaerviti No es mala opción, probablemente una más segura que Van de Ven pero como suelo decir intentar tapar las debilidades defensivas de la linea adelantada de Flick con un corrector es como intentar tapar el Sol con un dedo. El único que en lugar de un dedo es la mano entera es VdV 🇳🇱",True,Agonco4,2067717884197941570,False,0,0,es,2067718932111225101,0,https://x.com/ScarFace2824/status/2067718932111225101,reply-archive,
2067717388892541112,2026-06-18 21:13:36+00:00,@_Futbolero_ Hemos visto que el staff de Flick mejora las lesiones musculares.,True,_Futbolero_,2067713967460647052,False,0,0,es,2067717388892541112,0,https://x.com/ScarFace2824/status/2067717388892541112,reply-archive,
2067716964261249082,2026-06-18 21:11:55+00:00,"@gorkaerviti Puede, ese que brilló con Xavi antes del declive mental, también tiene idas de olla pero no tienen por qué ser todos incorregibles como el uruguayo. Y Araújo nunca ha tenido la salida de balón de Van de Ven, sobretodo en conducción por lo que no podrían flotarle como hacen con él",True,gorkaerviti,2067714569112350967,False,1,0,es,2067716964261249082,0,https://x.com/ScarFace2824/status/2067716964261249082,reply-archive,
2067713470896681243,2026-06-18 20:58:02+00:00,@UCulemas @LFC Que hay que esperar teniendo a un madridista confieso como presidente de la liga? Yo me pregunto en que pensó Laporta cuando teniendo la oportunidad no lo denunció.,True,UCulemas,2067712959665619083,False,3,0,es,2067713470896681243,0,https://x.com/ScarFace2824/status/2067713470896681243,reply-archive,
2067712185506140626,2026-06-18 20:52:55+00:00,"@RiquiSalmon11 Y lo más importante, también el suyo. 👀",True,RiquiSalmon11,2067711262566289645,False,1,0,es,2067712185506140626,0,https://x.com/ScarFace2824/status/2067712185506140626,reply-archive,
2067711163454959718,2026-06-18 20:48:52+00:00,@RiquiSalmon11 Gracias crack! @RiquiSalmon11,True,RiquiSalmon11,2067710607353127023,False,1,0,es,2067711163454959718,0,https://x.com/ScarFace2824/status/2067711163454959718,reply-archive,
2067710908197969977,2026-06-18 20:47:51+00:00,"@KaranSa01391828 También vi estas estadísticas y pero hay que pensar como Flick ha cogido a un lateral del Cornellá y lo ha convertido al central titular del Barça. 
Imagina con las condiciones de Van de Ven. Puede tener el suelo más bajo de los centrales que suenan pero también el techo más alto",True,KaranSa01391828,2067692002108739639,False,0,0,es,2067710908197969977,0,https://x.com/ScarFace2824/status/2067710908197969977,reply-archive,
2067707603807834284,2026-06-18 20:34:43+00:00,@shidokageno Fichas al primero y financias al psg la compra del segundo que es el bueno.,True,shidokageno,2067553506660069793,False,0,0,es,2067707603807834284,0,https://x.com/ScarFace2824/status/2067707603807834284,reply-archive,
2067706806739104170,2026-06-18 20:31:33+00:00,"@UCulemas @realmadrid @FCBarcelona Spoiler de lo que contestaria: 

""Hala Madrid""",True,UCulemas,2067655365253026004,False,5,0,es,2067706806739104170,0,https://x.com/ScarFace2824/status/2067706806739104170,reply-archive,
2067706516619079825,2026-06-18 20:30:24+00:00,"@UCulemas @LFC Las normas de Fairplay solo aplican al Barça, hay que ir dandose cuenta ya.",True,UCulemas,2067688559792775528,False,32,0,es,2067706516619079825,0,https://x.com/ScarFace2824/status/2067706516619079825,reply-archive,
2067706287337415133,2026-06-18 20:29:29+00:00,@Mart1Aarn @alexdelmas10 Da mucha confianza que Roura y Delmas hablen tan bien de Diomande y lo que dice Romero ilusiona.,True,Mart1Aarn,2067704289271632252,False,5,0,es,2067706287337415133,0,https://x.com/ScarFace2824/status/2067706287337415133,reply-archive,
2067702439575183536,2026-06-18 20:14:12+00:00,@_rogerFCB El nivel lo coge aquí. Gerard Martín venía del Cornellà hace un par de años y miralo ahora. Van de Ven por condiciones es todo lo que se le puede pedir a un central en el Barça de Flick.,True,_rogerFCB,2067687379305910556,False,5,0,es,2067702439575183536,0,https://x.com/ScarFace2824/status/2067702439575183536,reply-archive,
2067701644637229095,2026-06-18 20:11:02+00:00,@ShadowMonarch23 Creo que puliendo errores defensivos que ya hemos visto como ha trabajado eso Flick con Gerard Martín es por condiciones el central perfecto para el Barça de Flick.,True,ShadowMonarch23,2067695053309432168,False,0,0,es,2067701644637229095,0,https://x.com/ScarFace2824/status/2067701644637229095,reply-archive,
2067701351790903590,2026-06-18 20:09:52+00:00,@DiegoDav07 @AjMasteer Te refieres a que lo hace para renovar?,True,DiegoDav07,2067697207092920602,False,0,0,es,2067701351790903590,0,https://x.com/ScarFace2824/status/2067701351790903590,reply-archive,
2067701237273731381,2026-06-18 20:09:25+00:00,"@dembelismo99_ Ni Doku, ni Luis Diaz, ni Vinicius. Es el Neymar de Lamine. 
https://t.co/vt8qfoXWHG",True,dembelismo99_,2067689383847764412,False,0,0,ro,2067701237273731381,0,https://x.com/ScarFace2824/status/2067701237273731381,reply-archive,
2067700955278143849,2026-06-18 20:08:18+00:00,"@gxldeadam Si pules el diamante, es el central perfecto para Flick. 
https://t.co/ZuvVcPeTvR",True,gxldeadam,2067687382946644176,False,0,0,es,2067700955278143849,0,https://x.com/ScarFace2824/status/2067700955278143849,reply-archive,
2067700748666732791,2026-06-18 20:07:29+00:00,"@Somhiseremfcb @MikeVerweij El central perfecto para Flick, un diamante en bruto. 
https://t.co/ZuvVcPeTvR",True,Somhiseremfcb,2067699679349883221,False,1,1,es,2067700748666732791,0,https://x.com/ScarFace2824/status/2067700748666732791,reply-archive,
2067700394826862612,2026-06-18 20:06:04+00:00,"El Neymar de Lamine - Yan Diomande
Con este clip de Gerard Romero se abren las esperanzas. https://t.co/gm7fWDTVHM",False,,,False,15,1,es,2067700394826862612,2,https://x.com/ScarFace2824/status/2067700394826862612,used-in-web-article,ataque-del-futuro
2067699994530808090,2026-06-18 20:04:29+00:00,Un Último Baile? - Leo Messi https://t.co/AXeERoacVI,False,,,False,0,0,es,2067699994530808090,1,https://x.com/ScarFace2824/status/2067699994530808090,used-in-web-article,last-dance
2067699873416155181,2026-06-18 20:04:00+00:00,El 9 Perfecto - Harry Kane https://t.co/W4CcMBE5Zy,False,,,False,0,0,es,2067699873416155181,1,https://x.com/ScarFace2824/status/2067699873416155181,used-in-web-article,nueve-total
2067699687574925517,2026-06-18 20:03:16+00:00,REDFLAG🚩🚩 - Barcola - El criterio de Luis Enrique https://t.co/jUbIvBCT3N,False,,,False,1,0,es,2067699687574925517,1,https://x.com/ScarFace2824/status/2067699687574925517,used-in-web-article,red-flag
2067699035863925211,2026-06-18 20:00:40+00:00,El central de Flick - Micky Van de Ven https://t.co/JsJ1kqwTEV,False,,,False,22,4,es,2067699035863925211,1,https://x.com/ScarFace2824/status/2067699035863925211,used-in-web-article,el-central-de-flick
2067698914434732300,2026-06-18 20:00:11+00:00,Bastoni te eleva el juego. https://t.co/WdomaEZZ1g,False,,,False,0,0,es,2067698914434732300,1,https://x.com/ScarFace2824/status/2067698914434732300,used-in-web-article,elevar-el-juego
2067698665087463542,2026-06-18 19:59:12+00:00,Lateral Derecho 2026/27 - Konrad Laimer https://t.co/NfOeECQbda,False,,,False,0,0,ht,2067698665087463542,1,https://x.com/ScarFace2824/status/2067698665087463542,used-in-web-article,lateral-derecho
2067698560020160704,2026-06-18 19:58:47+00:00,Kees Smit en 2027/2028 https://t.co/2pLgXOaBHH,False,,,False,0,0,en,2067698560020160704,1,https://x.com/ScarFace2824/status/2067698560020160704,used-in-web-article,oxigeno-pedri
2067698386392760567,2026-06-18 19:58:05+00:00,El sueño de Musiala 2030 https://t.co/YQwiM58cn8,False,,,False,0,0,es,2067698386392760567,1,https://x.com/ScarFace2824/status/2067698386392760567,used-in-web-article,el-sueno-de-musiala
2067692551230890032,2026-06-18 19:34:54+00:00,@Padremany1 @Deco20oficial hay que meterse ya.,True,Padremany1,2067682669463208186,False,0,0,es,2067692551230890032,0,https://x.com/ScarFace2824/status/2067692551230890032,reply-archive,
2067692400546385991,2026-06-18 19:34:18+00:00,"@Mart1Aarn Creo que tiene el suelo más bajo de los que han sonado pero por sus condiciones en el Barça de Flick tiene el techo más alto junto a Bastoni, obviamente en aspectos distintos.",True,Mart1Aarn,2067691126807572670,False,0,0,es,2067692400546385991,0,https://x.com/ScarFace2824/status/2067692400546385991,reply-archive,
2067692069771002339,2026-06-18 19:32:59+00:00,"@gutiifcb No hay que esperar al ATM, olvidarse de Julián e ir a por este monstruo. Pero el 9 debe ser Lamine que intercambie alturas con Fermín.",True,gutiifcb,2067683533217300846,False,0,0,es,2067692069771002339,0,https://x.com/ScarFace2824/status/2067692069771002339,reply-archive,
2067687620855935442,2026-06-18 19:15:19+00:00,@ReshadRahman @MikeVerweij 👀,True,ReshadRahman,2067686795182276843,False,0,0,qme,2067687620855935442,0,https://x.com/ScarFace2824/status/2067687620855935442,reply-archive,
2067686508006437115,2026-06-18 19:10:53+00:00,@BlasterAlex Sabemos que la tenemos porque la estamos ofreciendo por Julián. Estamos tardando en juntar a Diomande con Lamine,True,BlasterAlex,2067680139941384621,False,0,0,es,2067686508006437115,0,https://x.com/ScarFace2824/status/2067686508006437115,reply-archive,
2067686252036448628,2026-06-18 19:09:52+00:00,@Somhiseremfcb @David_Ornstein Estamos tardando,True,Somhiseremfcb,2067685134292119996,False,0,0,es,2067686252036448628,0,https://x.com/ScarFace2824/status/2067686252036448628,reply-archive,
2067682862912925955,2026-06-18 18:56:24+00:00,@ShadowMonarch23 Hay que dejar de esperar al ATM e ir a por este y construir un ataque movil con Gordon Lamine Diomande y Fermin,True,ShadowMonarch23,2067675343570264222,False,0,0,es,2067682862912925955,0,https://x.com/ScarFace2824/status/2067682862912925955,reply-archive,
2067674912727146902,2026-06-18 18:24:49+00:00,@yuseppei @ShadowMonarch23 Mirate el partido contra el Newcastle para ver como se gira.,True,yuseppei,2067670162707230784,False,0,0,es,2067674912727146902,0,https://x.com/ScarFace2824/status/2067674912727146902,reply-archive,
2067667712768102462,2026-06-18 17:56:12+00:00,@yuseppei @ShadowMonarch23 Lamine falso 9,True,yuseppei,2067661573284344031,False,0,0,es,2067667712768102462,0,https://x.com/ScarFace2824/status/2067667712768102462,reply-archive,
2067667565556466159,2026-06-18 17:55:37+00:00,@Padremany1 Preferiría 60 por Bastoni o Van de Ven aunque no es mala opción. Pero estando por clausula de 50M no seria mejor Schloterbeck que Hincapié?,True,Padremany1,2067667202401018345,False,1,0,es,2067667565556466159,0,https://x.com/ScarFace2824/status/2067667565556466159,reply-archive,
2067667110310899772,2026-06-18 17:53:49+00:00,@Padremany1 Cual es esa cantidad?,True,Padremany1,2067655788361916726,False,0,0,es,2067667110310899772,0,https://x.com/ScarFace2824/status/2067667110310899772,reply-archive,
2067652223077691563,2026-06-18 16:54:39+00:00,@Cristian070922 @ShadowMonarch23 130 por Diomande antes que 100 en Julian,True,Cristian070922,2067651716271546449,False,0,0,es,2067652223077691563,0,https://x.com/ScarFace2824/status/2067652223077691563,reply-archive,
2067649886170779961,2026-06-18 16:45:22+00:00,@Cristian070922 @ShadowMonarch23 Muy bien pagados,True,Cristian070922,2067648535370096804,False,0,0,es,2067649886170779961,0,https://x.com/ScarFace2824/status/2067649886170779961,reply-archive,
2067643992108364078,2026-06-18 16:21:57+00:00,"@ShadowMonarch23 A mi lo que me ha ilusionado es lo que dice Gerard. 
""Hansi quiere esto"" https://t.co/QrAbgPZJAU",True,ShadowMonarch23,2067638445657194703,False,4,0,es,2067643992108364078,1,https://x.com/ScarFace2824/status/2067643992108364078,reply-archive,
2067626312022294807,2026-06-18 15:11:42+00:00,"@1899DanielFCB Vaya tonteria. El mejor entrenador del mundo se quiere desprender del primero para fichar al segundo y tu quieres financiarle las 3/4 partes del bueno. Solo hay un nombre, Yan Diomande.",True,1899DanielFCB,2067614278320820617,False,1,0,es,2067626312022294807,0,https://x.com/ScarFace2824/status/2067626312022294807,reply-archive,
2067619823568277768,2026-06-18 14:45:55+00:00,@gxldeadam Para que?,True,gxldeadam,2067608121762021408,False,0,0,pt,2067619823568277768,0,https://x.com/ScarFace2824/status/2067619823568277768,reply-archive,
2067615700412240175,2026-06-18 14:29:32+00:00,"@Padremany1 Creo que el dinero de Raphinha ya se ha invertido en Gordon, ahora falta invertir en el 9 dinero que ya hay esos 120/130 y el resto de salidas financiarán fichajes en defensa. Esa es mi sensación.",True,Padremany1,2067602091942580368,False,0,0,es,2067615700412240175,0,https://x.com/ScarFace2824/status/2067615700412240175,reply-archive,
2067597976453763227,2026-06-18 13:19:06+00:00,@shidokageno Seguimos con el cortoplacismo de Valverde,True,shidokageno,2067545355575550417,False,0,0,es,2067597976453763227,0,https://x.com/ScarFace2824/status/2067597976453763227,reply-archive,
2067582376440386039,2026-06-18 12:17:07+00:00,@TheMavericK_YT 🧐,True,TheMavericK_YT,2067339370344931467,False,0,0,qme,2067582376440386039,0,https://x.com/ScarFace2824/status/2067582376440386039,reply-archive,
2067568030150726098,2026-06-18 11:20:06+00:00,@dembelismo99_ @ShadowMonarch23 @ramon_roy13714 Por? Tienes extremo izquierdo que es un Raphinha 5 años más joven y ya escoges si un 9 para mantener a Lamine de extremo o mueves a Lamine de falso 9 intercambiando alturas con Fermín y te traes a Diomande en derecha.,True,dembelismo99_,2067557066101633506,False,0,0,es,2067568030150726098,0,https://x.com/ScarFace2824/status/2067568030150726098,reply-archive,
2067567736708886766,2026-06-18 11:18:56+00:00,@ShadowMonarch23 Gordon + Kane o Diomande,True,ShadowMonarch23,2067556127378739275,False,0,0,tr,2067567736708886766,0,https://x.com/ScarFace2824/status/2067567736708886766,reply-archive,
2067556618066186387,2026-06-18 10:34:45+00:00,@Somhiseremfcb Hay que traerlo. Les bones persones juguen al Barça.,True,Somhiseremfcb,2067549512856375805,False,0,0,es,2067556618066186387,0,https://x.com/ScarFace2824/status/2067556618066186387,reply-archive,
2067390593630609852,2026-06-17 23:35:02+00:00,@TheMavericK_YT Y por delante de Julián,True,TheMavericK_YT,2067347299995435451,False,0,0,es,2067390593630609852,0,https://x.com/ScarFace2824/status/2067390593630609852,reply-archive,
2067390470221705582,2026-06-17 23:34:33+00:00,@alexdelmas10 Un somni que vesteixi la blaugrana,True,alexdelmas10,2067357381609112043,False,1,1,ca,2067390470221705582,0,https://x.com/ScarFace2824/status/2067390470221705582,reply-archive,
2067390321357373477,2026-06-17 23:33:57+00:00,@ShadowMonarch23 Pues te daria mejores años que Julián y el tiempo para que crezcan Hamza y Gistau y una transición natural de Lamine al falso 9,True,ShadowMonarch23,2067353337205301372,False,1,0,es,2067390321357373477,0,https://x.com/ScarFace2824/status/2067390321357373477,reply-archive,
2067389413877752144,2026-06-17 23:30:21+00:00,"@BlxckNews Totalmente, te da las dos cosas que nos quejamos siempre con nuestros 9, que te fallan ocasiones, Kane mete todo y que fuera del area no dan pie con bola y pierden todo lo que tocan, Kane es el mejor 9 asociandose. 

No hay nadie mejor. Sí de manual.",True,BlxckNews,2067362526908629156,False,1,0,es,2067389413877752144,0,https://x.com/ScarFace2824/status/2067389413877752144,reply-archive,
2067389205701951936,2026-06-17 23:29:31+00:00,"@dembelismo99_ Si se quiere un 9 si o si, es el nombre, te da las dos cosas que nos quejamos siempre con nuestros 9, que te fallan ocasiones, Kane mete todo y que fuera del area no dan pie con bola y pierden todo lo que tocan, Kane es el mejor 9 asociandose. 

No hay nadie mejor. Sí de manual.",True,dembelismo99_,2067362929406533867,False,0,0,es,2067389205701951936,0,https://x.com/ScarFace2824/status/2067389205701951936,reply-archive,
2067388532579094911,2026-06-17 23:26:51+00:00,@elitelliZN @NUFC Lesionado?,True,elitelliZN,2067375655008759926,False,0,0,es,2067388532579094911,0,https://x.com/ScarFace2824/status/2067388532579094911,reply-archive,
2067387585836548508,2026-06-17 23:23:05+00:00,@DiegoDav07 Debemos,True,DiegoDav07,2067348986889896212,False,0,0,es,2067387585836548508,0,https://x.com/ScarFace2824/status/2067387585836548508,reply-archive,
2067387407398220237,2026-06-17 23:22:22+00:00,@sirfcb_ Ojalá,True,sirfcb_,2067347795174965612,False,1,0,es,2067387407398220237,0,https://x.com/ScarFace2824/status/2067387407398220237,reply-archive,
2067387265488158980,2026-06-17 23:21:48+00:00,@roxasorg13 Y donde pones el limite? En los 3 centimetros?,True,roxasorg13,2067342357482054138,False,0,0,es,2067387265488158980,0,https://x.com/ScarFace2824/status/2067387265488158980,reply-archive,
2067387157056987361,2026-06-17 23:21:23+00:00,@Somhiseremfcb Seria un sueño verlo de blaugrana,True,Somhiseremfcb,2067340613188514159,False,0,0,es,2067387157056987361,0,https://x.com/ScarFace2824/status/2067387157056987361,reply-archive,
2067320664063689213,2026-06-17 18:57:09+00:00,"@BlastoporFCB Es decir que Luis Enrique, el mejor entrenador del mundo, se quiere deshacer de Barcola y traer al bueno que es Diomande y tú les darias 3/4 de su coste para finaciarles el fichaje. Gran jugada. 👏👏👏",True,BlastoporFCB,2067287382836101269,False,12,0,es,2067320664063689213,0,https://x.com/ScarFace2824/status/2067320664063689213,reply-archive,
2067317998692483227,2026-06-17 18:46:34+00:00,"@abreu_de97904 @gxldeadam Para nada, Flick ya protegió de las presiones jugando justamente de 9, lo mismo con Lamine.",True,abreu_de97904,2067316577003856051,False,0,0,es,2067317998692483227,0,https://x.com/ScarFace2824/status/2067317998692483227,reply-archive,
2067317772221071671,2026-06-17 18:45:40+00:00,"@AlbertOrtegaES1 Se ha visto con Portugal aún teniendo a Vitinha, Joao Neves y Bruno. Imagina con los boxeadores Tchoumeni y Valverde, y el bebedor Jude.",True,ScarFace2824,2067257759179886729,False,0,0,es,2067257759179886729,0,https://x.com/ScarFace2824/status/2067317772221071671,reply-archive,
2067317245479362711,2026-06-17 18:43:34+00:00,@ArchivoVAR ArchivoDobleVARa,True,ArchivoVAR,2067298221257376206,False,1,0,es,2067317245479362711,0,https://x.com/ScarFace2824/status/2067317245479362711,reply-archive,
2067316030339231861,2026-06-17 18:38:45+00:00,@abreu_de97904 @DaddyFrancisko Y que los ponga en su posición y no a Gavi y Ferran de extremos o a Pedri de segundo punta.,True,abreu_de97904,2066622921888473288,False,1,0,es,2067316030339231861,0,https://x.com/ScarFace2824/status/2067316030339231861,reply-archive,
2067315717624488355,2026-06-17 18:37:30+00:00,"@Mhoni_Hiyst Bastoni y Van de Ven antes que Nico pero si es el que te encaja por precio, adelante.",True,Mhoni_Hiyst,2067250306988077339,False,1,0,es,2067315717624488355,0,https://x.com/ScarFace2824/status/2067315717624488355,reply-archive,
2067315248294424985,2026-06-17 18:35:38+00:00,"@abreu_de97904 @gxldeadam Asllani mola pero para eso tendria que salir Ferran que no parece. Revisa las derrotas de esta temporada, como nos han jugado. La presión la tienes con Gordon, Raphinha si se queda, Fermín, Gavi, Diomande si llega es percentil altísimo en presiones
Insisto
https://t.co/07NZ4lozOF",True,abreu_de97904,2067314370044899363,False,0,0,es,2067315248294424985,0,https://x.com/ScarFace2824/status/2067315248294424985,reply-archive,
2067314547904401868,2026-06-17 18:32:51+00:00,"@ShadowMonarch23 Justo, Kees Smit aguantar un año para ficharlo el año que viene cuando le que solo uno de contrato y Musiala esperarnos a 2028/29.",True,ShadowMonarch23,2067303174164083097,False,0,0,es,2067314547904401868,0,https://x.com/ScarFace2824/status/2067314547904401868,reply-archive,
2067311964162859138,2026-06-17 18:22:35+00:00,"@abreu_de97904 @gxldeadam Los bloques bajos te los encuentras en liga donde ya se ha visto que tenemos nivel aún jugando con Ferran y siempre te quedará Hamza. Donde no te ha dado en nivel es contra presiones al hombre, lo que te encuentras en champions y ya hemos visto lo que hizo Lamine por dentro.",True,abreu_de97904,2067310408478728468,False,0,0,es,2067311964162859138,0,https://x.com/ScarFace2824/status/2067311964162859138,reply-archive,
2067311112664613233,2026-06-17 18:19:12+00:00,@abreu_de97904 @FCBInformatiu Pero para eso ya tienes a Gordon.,True,abreu_de97904,2067310776650453040,False,0,0,es,2067311112664613233,0,https://x.com/ScarFace2824/status/2067311112664613233,reply-archive,
2067303015564894620,2026-06-17 17:47:02+00:00,"@abreu_de97904 @FCBInformatiu Es mucho más Lamine que Raphinha, ese perfil lo has traido con Gordon. Diomande puede permutar posiciones en las 3 de arriba pero donde más rinde es en derecha. Te ofrece el desborde que necesitas cuando no esta Lamine y liberarlo de marcas. Encima es percentil top en presiones.",True,abreu_de97904,2067282718769955017,False,0,0,es,2067303015564894620,0,https://x.com/ScarFace2824/status/2067303015564894620,reply-archive,
2067302317481676875,2026-06-17 17:44:15+00:00,@ShadowMonarch23 Demasiado,True,ShadowMonarch23,2067295540761514175,False,1,0,es,2067302317481676875,0,https://x.com/ScarFace2824/status/2067302317481676875,reply-archive,
2067302193401667914,2026-06-17 17:43:46+00:00,"@abreu_de97904 @gxldeadam Eso es simplificar el fútbol como si fuera futbolín. Hay intercambio de altura, permutas, ocupar espacios que otros dejan vacios... La dupla Lamine-Fermín es el 9 que necesitamos, Gordon el nuevo Raphinha y Diomande la magia que necesitas para liberar a Lamine de marcas.",True,abreu_de97904,2067300370393506053,False,0,0,es,2067302193401667914,0,https://x.com/ScarFace2824/status/2067302193401667914,reply-archive,
2067295130717933573,2026-06-17 17:15:42+00:00,@DetectiveFUT You hate football,True,DetectiveFUT,2067294838475637169,False,0,0,en,2067295130717933573,0,https://x.com/ScarFace2824/status/2067295130717933573,reply-archive,
2067294935598911915,2026-06-17 17:14:55+00:00,"@abreu_de97904 @gxldeadam Claro por eso pido a Diomande en lugar de un 9 porque tendrías a Raphinha/Gordon por izquierda atacando espacios y dandote la presión, Fermín intercambiando alturas con Lamine y atacando los espacios que deja el 10 y Diomande. 
Video del gran @Blayasensat:
https://t.co/6ajXHIPKAT",True,abreu_de97904,2067290545529954520,False,0,0,es,2067294935598911915,0,https://x.com/ScarFace2824/status/2067294935598911915,reply-archive,
2067294147912806897,2026-06-17 17:11:47+00:00,"@abreu_de97904 @gxldeadam Pues justo ese problema es el que arreglaria Lamine y es que hemos visto muchas veces esta temporada jugadas en forma de U donde el balón iba de extremo a extremo sin juego interior. Solo hay que imaginar la caja en la frontal del area, combinando con: Fermín Lamine Pedri y Gavi",True,abreu_de97904,2067290072789958987,False,0,0,es,2067294147912806897,0,https://x.com/ScarFace2824/status/2067294147912806897,reply-archive,
2067290089730760769,2026-06-17 16:55:40+00:00,"@AxeelFCB @ThierryEnric14 Arteta, hazlo",True,AxeelFCB,2067278008449187978,False,2,0,es,2067290089730760769,0,https://x.com/ScarFace2824/status/2067290089730760769,reply-archive,
2067289304913596484,2026-06-17 16:52:33+00:00,"@abreu_de97904 @gxldeadam El error es pensar que el falso 9 depende solo del factor sorpresa. No va de “ponerlo ahí y que no se lo esperen”, va de generar dudas constantes: si Lamine baja, ¿lo sigue el central? ¿salta el pivote? ¿quién tapa a Raphinha/Gordon atacando espalda?",True,abreu_de97904,2067283851882217782,False,0,0,es,2067289304913596484,0,https://x.com/ScarFace2824/status/2067289304913596484,reply-archive,
2067288475057946860,2026-06-17 16:49:15+00:00,"@abreu_de97904 @gxldeadam Messi desde el falso 9 alimentaba las rupturas de Villa y Pedro. Eso mismo puede hacer Lamine: dejar de vivir encerrado en derecha, recibir por dentro y activar a Raphinha y Gordon atacando espacios. No es alejarlo de su fútbol, es acercarlo a donde más puede decidir.",True,abreu_de97904,2067283851882217782,False,0,0,es,2067288475057946860,0,https://x.com/ScarFace2824/status/2067288475057946860,reply-archive,
2067288391973015997,2026-06-17 16:48:55+00:00,"@abreu_de97904 @gxldeadam La evolución natural de los grandes talentos es jugar cada vez más por dentro: Messi, Neymar o Cristiano empezaron desde banda, pero acabaron recibiendo más cerca del centro, donde tocan más balones, deciden más jugadas y están más cerca del gol.",True,abreu_de97904,2067283851882217782,False,0,0,es,2067288391973015997,0,https://x.com/ScarFace2824/status/2067288391973015997,reply-archive,
2067283484696019182,2026-06-17 16:29:25+00:00,"@10InfoBlaugrana Tienes el dinero para ir a por el bueno, el que quiere Luis Enrique en lugar de Barcola y decides financiarle el fichaje al PSG. Mente galaxia. 👏",True,10InfoBlaugrana,2067245891921260774,False,1,0,es,2067283484696019182,0,https://x.com/ScarFace2824/status/2067283484696019182,reply-archive,
2067283223516709189,2026-06-17 16:28:23+00:00,"@ThierryEnric14 Tu puedes, Arteta.",True,ThierryEnric14,2067261318365593985,False,0,0,es,2067283223516709189,0,https://x.com/ScarFace2824/status/2067283223516709189,reply-archive,
2067283018826264889,2026-06-17 16:27:34+00:00,"@abreu_de97904 @gxldeadam Claro, se desaprovechan las cualidades que tiene jugando en banda pero se aprovecharan otras que ni imaginas porque no lo has visto jugar por dentro, solo hay que verlo en Newcastle o ayer Olise en la segunda parte contra Senegal. Ya se sabe: los buenos siempre, por el medio.",True,abreu_de97904,2067281492875604314,False,0,0,es,2067283018826264889,0,https://x.com/ScarFace2824/status/2067283018826264889,reply-archive,
2067260913426608354,2026-06-17 14:59:44+00:00,@GallineroBlau Chapó!,True,GallineroBlau,2067245794084749706,False,1,0,pt,2067260913426608354,0,https://x.com/ScarFace2824/status/2067260913426608354,reply-archive,
2067257849751670874,2026-06-17 14:47:33+00:00,@culedelheat Se ha fichado alguno de esos?,True,culedelheat,2067244203017453988,False,0,0,es,2067257849751670874,0,https://x.com/ScarFace2824/status/2067257849751670874,reply-archive,
2067257759179886729,2026-06-17 14:47:12+00:00,"@AlbertOrtegaES1 Es muy bueno, pero lo suficiente para cambiar el juego de un equipo tan mediocre con un entrenador tan mediocre? No es lo mismo contexto City con Guardiola de entrenador que lo que se va a encontrar.",True,AlbertOrtegaES1,2067176115727151310,False,0,0,es,2067257759179886729,0,https://x.com/ScarFace2824/status/2067257759179886729,reply-archive,
2067257129333833912,2026-06-17 14:44:42+00:00,@BARCATHEKING77 @jotajordi13 Creo que se refiere a que Julián Lopez no está en venta.,True,BARCATHEKING77,2067152453347266640,False,1,0,es,2067257129333833912,0,https://x.com/ScarFace2824/status/2067257129333833912,reply-archive,
2067256926442787274,2026-06-17 14:43:53+00:00,"@ShadowMonarch23 El 5 mediocampista debe ser canterano. Yo creo que si hay ventas como Kounde, Raphinha, Casado y menos probable Olmo o Araujo, puedes hacer perfectamente Gordon + Diomande, Konrad Laimer, Remiro, Virgili y un central top llamese Bastoni/Van de Ven/ Lukeba.",True,ShadowMonarch23,2067245226276577412,False,0,0,es,2067256926442787274,0,https://x.com/ScarFace2824/status/2067256926442787274,reply-archive,
2067251605511024846,2026-06-17 14:22:45+00:00,@gxldeadam Con la pasta de Julián se pueden hacer cosas tochas,True,gxldeadam,2067246932708167827,False,0,0,es,2067251605511024846,0,https://x.com/ScarFace2824/status/2067251605511024846,reply-archive,
2067246548870742264,2026-06-17 14:02:39+00:00,@sirfcb_ Calma,True,sirfcb_,2067242780972237213,False,2,0,en,2067246548870742264,0,https://x.com/ScarFace2824/status/2067246548870742264,reply-archive,
2067245743341969613,2026-06-17 13:59:27+00:00,"@AlberCule Calma, dejen trabajar, critiquemos al final del mercado.",True,AlberCule,2067232596711338369,False,0,0,es,2067245743341969613,0,https://x.com/ScarFace2824/status/2067245743341969613,reply-archive,
2067245534046269489,2026-06-17 13:58:37+00:00,"@gxldeadam Ya hahaha, digo que pagaria por verlo",True,gxldeadam,2067245368379642079,False,0,0,es,2067245534046269489,0,https://x.com/ScarFace2824/status/2067245534046269489,reply-archive,
2067245207469310413,2026-06-17 13:57:19+00:00,@gxldeadam Lamine de falso 9 gordon izquierda Diomande derecha y fermín intercambiando alturas con Lamine y atacando los espacios que dejan Lamine y Diomande.,True,gxldeadam,2067240644444074056,False,1,0,es,2067245207469310413,0,https://x.com/ScarFace2824/status/2067245207469310413,reply-archive,
2067245019614921124,2026-06-17 13:56:34+00:00,@gxldeadam Pondria yo dinero,True,gxldeadam,2067239952614609114,False,1,0,es,2067245019614921124,0,https://x.com/ScarFace2824/status/2067245019614921124,reply-archive,
2067209410888216902,2026-06-17 11:35:05+00:00,@DjMaRiiO Zzz,True,DjMaRiiO,2067208736628744376,False,0,0,und,2067209410888216902,0,https://x.com/ScarFace2824/status/2067209410888216902,reply-archive,
2067152162988192199,2026-06-17 07:47:36+00:00,"@ilovefutboll Se llama pensar a largoplazo, te lo recomiendo.",True,ilovefutboll,2066965528602722811,False,7,0,es,2067152162988192199,0,https://x.com/ScarFace2824/status/2067152162988192199,reply-archive,
2067150107061932119,2026-06-17 07:39:25+00:00,@RevenRV Era en invierno,True,RevenRV,2067077958586569176,False,0,0,es,2067150107061932119,0,https://x.com/ScarFace2824/status/2067150107061932119,reply-archive,
2067150002216947899,2026-06-17 07:39:00+00:00,@Gxlfcb_pedri10 Obvio se ha pasado media temporada sin jugar.,True,Gxlfcb_pedri10,2067033023166480586,False,0,0,es,2067150002216947899,0,https://x.com/ScarFace2824/status/2067150002216947899,reply-archive,
2067149593624592697,2026-06-17 07:37:23+00:00,"@Andrewcardona96 @RevenRV En las dos últimas temporadas Lautaro Martínez marcó más goles solo 3 más en liga (29 frente a 26) jugando 1660 minutos más, Ferran Torres fue más eficiente, promediando un gol cada 118 minutos frente a los 163 minutos por gol del argentino.",True,Andrewcardona96,2067062030750638268,False,1,0,es,2067149593624592697,0,https://x.com/ScarFace2824/status/2067149593624592697,reply-archive,
2067148126503186584,2026-06-17 07:31:33+00:00,@BlxckNews La que te deje hacer un mercado para cubrir su salida,True,BlxckNews,2067135231782531278,False,0,0,es,2067148126503186584,0,https://x.com/ScarFace2824/status/2067148126503186584,reply-archive,
2067033386175144417,2026-06-16 23:55:37+00:00,"@user184120 @Mart1Aarn Aquí tienes un resumen de un gran analista, @Blayasensat 

https://t.co/h2HavhFxku",True,user184120,2067030293089808639,False,0,0,es,2067033386175144417,0,https://x.com/ScarFace2824/status/2067033386175144417,reply-archive,
2067033096583614784,2026-06-16 23:54:28+00:00,"@user184120 @Mart1Aarn No me has dicho nada malo de mi idea. Claro que es una fantasía, es lo que yo haría que para eso esta twitter sino para que hablamos si hay que esperar a lo que hagan los entrenadores?",True,user184120,2067031160052408780,False,0,0,es,2067033096583614784,0,https://x.com/ScarFace2824/status/2067033096583614784,reply-archive,
2067027530406666581,2026-06-16 23:32:21+00:00,@Padremany1 Ya sabemos como es De la Fuente con los tocados del Barça,True,Padremany1,2067022096765468756,False,0,0,es,2067027530406666581,0,https://x.com/ScarFace2824/status/2067027530406666581,reply-archive,
2067026808134877367,2026-06-16 23:29:29+00:00,@Msqueunclub1 Laimer te puede salir incluso más barato si no te llega para Palestra.,True,Msqueunclub1,2066979813198274808,False,0,0,es,2067026808134877367,0,https://x.com/ScarFace2824/status/2067026808134877367,reply-archive,
2067026176627896421,2026-06-16 23:26:58+00:00,@KenBall25 @Blayasensat Aprende a leer. Te estoy diciendo que es rídiculo que digas que hay que tener huevos para decir que Gordon será suplente estando Raphinha cuando es el mejor EI del mundo. No tiene ningún merito. El merito está en decir que Gordon daria el nivel si se va Raphinha. https://t.co/2JOybloOPR,True,KenBall25,2067024840163209515,False,0,0,es,2067026176627896421,1,https://x.com/ScarFace2824/status/2067026176627896421,reply-archive,
2067024778586669328,2026-06-16 23:21:25+00:00,@user184120 @Mart1Aarn Dime que ves mal? Te espero.,True,user184120,2067024050984030694,False,0,0,es,2067024778586669328,0,https://x.com/ScarFace2824/status/2067024778586669328,reply-archive,
2067024658088481014,2026-06-16 23:20:56+00:00,"@user184120 @Mart1Aarn Es normal que si no eres culer no tengas ni idea y te importe una mierda el club, pero no vengas a vendernos tu producto argentino. Gracias.",True,user184120,2067021553213026553,False,0,0,es,2067024658088481014,0,https://x.com/ScarFace2824/status/2067024658088481014,reply-archive,
2067024371810459931,2026-06-16 23:19:48+00:00,"@user184120 @Mart1Aarn En que mundo el Dormunt fue mejor que el atm? 
Buenísimos no se, pero decir que Julián tiene peores compañeros que Gordon en el Newcastle o Guirassy en el Dormunt es de locos. 

Ahora lesionarse te hace malo, entonces Bale, Reus, Robben, Neymar eran malisimos porque se lesionaban",True,user184120,2067021553213026553,False,0,0,es,2067024371810459931,0,https://x.com/ScarFace2824/status/2067024371810459931,reply-archive,
2067023243341410549,2026-06-16 23:15:19+00:00,"@KenBall25 @Blayasensat Ay la comprensión lectora... El mejor EI es Raphinha, nadie va a ser titular por delante de él, por eso autofelarsela diciendo que ""pocos tenemos huevos de decir antes que Gordon será suplente de Raphinha""  es ridículo. Huevos es decir que si se va Raphinha Gordon da el nivel.",True,KenBall25,2067021362414100729,False,0,0,es,2067023243341410549,0,https://x.com/ScarFace2824/status/2067023243341410549,reply-archive,
2067021305753358449,2026-06-16 23:07:37+00:00,@jaumemarcet Michal Zuk,True,jaumemarcet,2067007611342401723,False,3,0,de,2067021305753358449,0,https://x.com/ScarFace2824/status/2067021305753358449,reply-archive,
2067021100471533971,2026-06-16 23:06:48+00:00,"@Somhiseremfcb Si eres del Madrid Haaland, si eres del Barça Ibra.",True,Somhiseremfcb,2067020645494395225,False,1,0,es,2067021100471533971,0,https://x.com/ScarFace2824/status/2067021100471533971,reply-archive,
2067020918975545578,2026-06-16 23:06:05+00:00,"@KenBall25 @Blayasensat Pues eso, que no digas que hay que tener huevos para decir que Raphinha será titular, cuando es el mejor del mundo.",True,KenBall25,2067018328888025255,False,0,0,es,2067020918975545578,0,https://x.com/ScarFace2824/status/2067020918975545578,reply-archive,
2067020656407957686,2026-06-16 23:05:02+00:00,"@user184120 @Mart1Aarn Pues eso que ni idea de la cantera. Ahora el Atm es peor que el borussia y el newcastle, no solo ni idea de la cantera sino de futbol en general. Tu nacionalidad te ciega.",True,user184120,2067020058547601695,False,0,0,es,2067020656407957686,0,https://x.com/ScarFace2824/status/2067020656407957686,reply-archive,
2067019002140844340,2026-06-16 22:58:28+00:00,@ShadowMonarch23 Yo he visto a Senegal muy flojos por muy mal partido que haya hecho Francia.,True,ShadowMonarch23,2066990485126730225,False,0,0,es,2067019002140844340,0,https://x.com/ScarFace2824/status/2067019002140844340,reply-archive,
2067018765137502425,2026-06-16 22:57:31+00:00,"@BlastoporFCB Diomande, Bastoni/Van de Ven, Palestra/Laimer, Asllani y ahorrar para el año que viene te traes a Kees Smit que le quedará un año para acabar contrato y Musiala en 2028/29.",True,BlastoporFCB,2066973530030223743,False,2,0,es,2067018765137502425,0,https://x.com/ScarFace2824/status/2067018765137502425,reply-archive,
2067017864263930166,2026-06-16 22:53:56+00:00,@KenBall25 @Blayasensat Unos huevos decir que un extremo izquierdo va a ser suplente cuando ya tienes a Raphinha...,True,KenBall25,2067016306201608482,False,0,0,es,2067017864263930166,0,https://x.com/ScarFace2824/status/2067017864263930166,reply-archive,
2067015938784870877,2026-06-16 22:46:17+00:00,@KenBall25 @Blayasensat Ya veremos. Pero pintas a Lluís Carrasco de no hablar cuando no se ha visto ni un partido de Gordon en su vida y pensar que todos somos como él. Antes de llegar nadie veía a Raphinha titular en un grande jugando en el Leeds y descendiendo.,True,KenBall25,2067014794645803380,False,0,0,es,2067015938784870877,0,https://x.com/ScarFace2824/status/2067015938784870877,reply-archive,
2067015350944690216,2026-06-16 22:43:57+00:00,@KenBall25 @DavidBCN10_ @Blayasensat Lo sabrás tú,True,KenBall25,2067012898770014626,False,0,0,es,2067015350944690216,0,https://x.com/ScarFace2824/status/2067015350944690216,reply-archive,
2067015247156719683,2026-06-16 22:43:32+00:00,"@user184120 @Mart1Aarn Intenta debatir los argumentos, no inventarte lo de Oyarzabal. Comparar a Roque o Guiu con Gistau es de no haber visto la cantera y normal cuando no eres culer. Kane, Guirrasy, Gordon tienen esos números en ucl y decir que el que nos eliminó fue Julián es de fanático argentino",True,user184120,2067005968739713501,False,0,0,es,2067015247156719683,0,https://x.com/ScarFace2824/status/2067015247156719683,reply-archive,
2067014338787803499,2026-06-16 22:39:56+00:00,@KenBall25 @Blayasensat Yo si lo veo de titular más siendo perfil Raphinha y lo que hemos visto que nos hace falta alguien así. Raphinha podrá descansar para llegar bien a final de temporada si no sale.,True,KenBall25,2066943239395881321,False,0,0,es,2067014338787803499,0,https://x.com/ScarFace2824/status/2067014338787803499,reply-archive,
2067001822489821393,2026-06-16 21:50:12+00:00,"@ShadowMonarch23 Lo mismo de Diomande pasa con Barcola y encima no es descarte del mejor entrenador del mundo, que nos debería decir algo. Que Luis Enrique quiera a Diomande y deshacerse de Barcola será por algo.",True,ShadowMonarch23,2066930009483153648,False,0,0,es,2067001822489821393,0,https://x.com/ScarFace2824/status/2067001822489821393,reply-archive,
2067001543774110178,2026-06-16 21:49:05+00:00,@BlxckNews Como si Barcola fuera culer. Para mi es más redflag un descarte de Luis Enrique que un tio que se ofrece a los grandes clubes estando en el Leipzig. Koupri se ha disparado su valor por marcar en los últimos partidos seguidos y que un par sean golazos.,True,BlxckNews,2066996755275629044,False,0,0,es,2067001543774110178,0,https://x.com/ScarFace2824/status/2067001543774110178,reply-archive,
2067000763352576280,2026-06-16 21:45:59+00:00,"@user184120 @Mart1Aarn Puedes tener al mejor 9 del mundo y que te de tiempo a que crezcan Gistau y Hamza, que Lamine se interiorice a falso 9 de manera natural sin forzarlo o que salgan otros 9 tops en el mercado con no te cuesten 150M habiendo marcado 8 goles en liga.",True,user184120,2066995021753069824,False,0,0,es,2067000763352576280,0,https://x.com/ScarFace2824/status/2067000763352576280,reply-archive,
2066996235605553654,2026-06-16 21:28:00+00:00,@_rogerFCB Barcola es una redflag con patas,True,_rogerFCB,2066975786117071347,False,1,0,es,2066996235605553654,0,https://x.com/ScarFace2824/status/2066996235605553654,reply-archive,
2066995940834075125,2026-06-16 21:26:49+00:00,"@Somhiseremfcb @La_SER Toda la vida deseando que Messi hubiera escogido jugar con España, y cuando lo tienen se lo cargan.",True,Somhiseremfcb,2066993709850181990,False,19,0,es,2066995940834075125,0,https://x.com/ScarFace2824/status/2066995940834075125,reply-archive,
2066991722656129463,2026-06-16 21:10:04+00:00,@user184120 @Mart1Aarn Como si lo de Lewan no hubiera salido bien. La nacionalidad de Julián no es argumento para ficharlo.,True,user184120,2066990487676895631,False,0,0,es,2066991722656129463,0,https://x.com/ScarFace2824/status/2066991722656129463,reply-archive,
2066991311719117085,2026-06-16 21:08:26+00:00,"@ShadowMonarch23 Menos mal, ni Koupri ni Barcola deben venir. Uno por la poca muestra que hay para tomar una decisión de 100M y el otro por la redflag que significa que Luis Enrique no lo quiera. Por no hablar que con Sissoko no habría que negociar nunca más.",True,ShadowMonarch23,2066973655884591175,False,0,0,es,2066991311719117085,0,https://x.com/ScarFace2824/status/2066991311719117085,reply-archive,
2066990957526909294,2026-06-16 21:07:01+00:00,"@ImNotJowi Entiendo las dudas, pero en ese entonces el único que pagaba esos precios era el Barça por la venta de Neymar, esa fue la cagada. Ahora todos los equipos ofrecen estas cantidades por jugadores que han brillado pero que no están consolidades y corres el riesgo de no tenerlos nunca",True,ImNotJowi,2066967275798757426,False,0,0,es,2066990957526909294,0,https://x.com/ScarFace2824/status/2066990957526909294,reply-archive,
2066990376129331357,2026-06-16 21:04:43+00:00,"@DiegoDav07 Ya, si sus jugadores generan las mismas dudas que el propio representante. Para mi habría que haber cerrado comunicaciones con Sissoko desde lo de Dembelé.",True,DiegoDav07,2066990049300984191,False,0,0,es,2066990376129331357,0,https://x.com/ScarFace2824/status/2066990376129331357,reply-archive,
2066990013305254275,2026-06-16 21:03:16+00:00,"@user184120 @Mart1Aarn Pero no creo que haya sitio para tanto delantero titular. 

Si viene Diomande es para tener en derecha, Lamine por dentro intercambiando alturas con Fermín y Gordon por izquierda. 

Un 9 sea Kane o Koupri no tiene sitio.",True,user184120,2066987800491073766,False,0,0,es,2066990013305254275,0,https://x.com/ScarFace2824/status/2066990013305254275,reply-archive,
2066989709390168302,2026-06-16 21:02:04+00:00,@user184120 @Mart1Aarn Pagaría para que se diera eso.,True,user184120,2066987800491073766,False,0,0,es,2066989709390168302,0,https://x.com/ScarFace2824/status/2066989709390168302,reply-archive,
2066989498076930283,2026-06-16 21:01:13+00:00,"@DiegoDav07 A mi Koupri me preocupa se ha disparado su precio por marcar en muchos partidos seguidos últimamente y que varios sean golazos, pero la muestra es pequeña para tomar una decisión de 100M.",True,DiegoDav07,2066988067945361671,False,1,0,es,2066989498076930283,0,https://x.com/ScarFace2824/status/2066989498076930283,reply-archive,
2066988915345543480,2026-06-16 20:58:54+00:00,"@Somhiseremfcb Ya volvemos con el temita, que pereza. Viendo que Luis Enrique no lo quiere debería ser una redflag instantanea.",True,Somhiseremfcb,2066986145150275889,False,0,0,es,2066988915345543480,0,https://x.com/ScarFace2824/status/2066988915345543480,reply-archive,
2066988704271389017,2026-06-16 20:58:04+00:00,"@sirfcb_ Yo también tenía dudas por si se quedaba sin espacio para sus conducciones hacia dentro. Pero desde su partido ante el Newcastle cada vez tengo menos. Tiene mucha capacidad para girarse, flexibilidad de cadera y salida para ambos perfiles. Y jugar dentro le da más libertad.",True,sirfcb_,2066987460370837935,False,0,0,es,2066988704271389017,0,https://x.com/ScarFace2824/status/2066988704271389017,reply-archive,
2066985473180893212,2026-06-16 20:45:14+00:00,"@Somhiseremfcb Ya sabemos que a De la Cope le da igual cargarse a los jugadores del Barça, Pedri, Gavi, Olmo y ahora Lamine.",True,Somhiseremfcb,2066984959181537525,False,330,2,es,2066985473180893212,0,https://x.com/ScarFace2824/status/2066985473180893212,reply-archive,
2066984862574113108,2026-06-16 20:42:48+00:00,@dembelismo99_ Los dos? Entiendo que ves a Diomande por izquierda? Yo ahí lo he visto bastante peor que por derecha y perder el perfil Raphinha/Gordon no te lo puedes pemitir. Aún con capacidad economica seria un error.,True,dembelismo99_,2066978290066182513,False,0,0,es,2066984862574113108,0,https://x.com/ScarFace2824/status/2066984862574113108,reply-archive,
2066983393074553034,2026-06-16 20:36:58+00:00,@JusepeMicol @sc_OP_e @DiegoDav07 Seguir repitiendo los errores del pasado...,True,JusepeMicol,2066981833057747262,False,0,0,es,2066983393074553034,0,https://x.com/ScarFace2824/status/2066983393074553034,reply-archive,
2066983069182050594,2026-06-16 20:35:41+00:00,"@Blayasensat ¿                  Fermín
                          ↑                                 
                          ↓
Gordon       Lamine    Diomande ?",True,Blayasensat,2066982020685685135,False,0,0,es,2066983069182050594,0,https://x.com/ScarFace2824/status/2066983069182050594,reply-archive,
2066982220875620863,2026-06-16 20:32:18+00:00,"@Blayasensat Viendo la segunda mitad de Olise en la mediapunta, entran ganas de ver a Lamine por dentro intercambiando alturas con Fermín, Diomande por derecha y Gordon por izquierda?",True,Blayasensat,2066973469099635148,False,0,0,es,2066982220875620863,0,https://x.com/ScarFace2824/status/2066982220875620863,reply-archive,
2093668885094383625,2026-08-29 11:55:35+00:00,"@ShadowMonarch23 Solo? 
Fichajazo Gordon por solo 70
Aprovechas oportunidad de elevar el suelo con Adeyemi
Fichas a un Balón de Oro
Apuesta de futuro con Bisiwu
Suplente de Joan
Y sobretodo salidas para hacer limpia con Ferran por 50 a falta de un año de contrato, Ter Stegen y Araujo OUT",True,ShadowMonarch23,2093648023670694170,False,0,0,es,2093668885094383625,0,https://x.com/ScarFace2824/status/2093668885094383625,reply-archive,
2093667604674040219,2026-08-29 11:50:30+00:00,"@ShadowMonarch23 Estaré mucho mas tranquilo con Gabriel Jesus y Budimir contra el PSG y rl Madrid, claro que si",True,ShadowMonarch23,2093662700777640375,False,15,1,es,2093667604674040219,0,https://x.com/ScarFace2824/status/2093667604674040219,reply-archive,
2093667045321707816,2026-08-29 11:48:16+00:00,@ShadowMonarch23 Pasó lo mismo contra el Bayern y salió bien,True,ShadowMonarch23,2093656729376469167,False,0,0,es,2093667045321707816,0,https://x.com/ScarFace2824/status/2093667045321707816,reply-archive,
2093640951684018237,2026-08-29 10:04:35+00:00,"@ShadowMonarch23 Entiendo que si no es Julián no hay que gastarse millonadas pero aprovechar opciones y apostar por un futuro 9 TOP si se debería hacer yendose un mismo verano Lewandowski y Ferran. Nos va a pasar lo mismo el año que viene si se va Raphinha. 
Tresoldi, Woltemade, Asllani...",True,ShadowMonarch23,2093626359130046630,False,0,0,es,2093640951684018237,0,https://x.com/ScarFace2824/status/2093640951684018237,reply-archive,
2093620587432145230,2026-08-29 08:43:40+00:00,@ShadowMonarch23 Explíquese,True,ShadowMonarch23,2093616539119370734,False,0,0,es,2093620587432145230,0,https://x.com/ScarFace2824/status/2093620587432145230,reply-archive,
2093240254517895349,2026-08-28 07:32:21+00:00,"@OscarFernu_91 A cortés le falta giro de cadera para jugar en defensa de Flick, que tal el neerlandés en esto?",True,OscarFernu_91,2093226287514996799,False,0,0,es,2093240254517895349,0,https://x.com/ScarFace2824/status/2093240254517895349,reply-archive,
2092988621833839018,2026-08-27 14:52:27+00:00,"@TheMavericK_YT Ahora estás en caliente, te da esa sensación porque simplemente son una putita más del Real Madrid. Literalmente están admitiendo que odian más al Barça que a sus vecinos, supuestamente, ""rivales"".",True,TheMavericK_YT,2092983351112065455,False,1,0,es,2092988621833839018,0,https://x.com/ScarFace2824/status/2092988621833839018,reply-archive,
2092987778468307263,2026-08-27 14:49:06+00:00,"@PurroSantiago @Iantrinho @Barca__Arg Será que la Real no le ha ganado la Copa del Rey al Atm. 
Será que el Atm no quiere vender a Julián a quien le ha eliminado de la Champions, el Arsenal. 
Será que el ATM no ha quedado ni 3ro en Liga, a 20 puntos del Barça. 

Se te cae el argumento por todos lados.",True,PurroSantiago,2092986650200514586,False,0,0,es,2092987778468307263,0,https://x.com/ScarFace2824/status/2092987778468307263,reply-archive,
2092986999221227984,2026-08-27 14:46:01+00:00,"@PurroSantiago @Iantrinho @Barca__Arg Es la mejor opción para el club y no del ego personal de un directivo. Evitas el incendio, tu afición está pendiente de animar y no pitar a tu estrella, los compañeros entrenan con un buen ambiente, el entrenador puede fichar los jugadores que pide y no devalues tu mejor jugador",True,PurroSantiago,2092984280733389078,False,0,0,es,2092986999221227984,0,https://x.com/ScarFace2824/status/2092986999221227984,reply-archive,
2092985913743675435,2026-08-27 14:41:42+00:00,"@Iantrinho @PurroSantiago @Barca__Arg 1 es indiferente, no cambia nada de lo que he dicho. 
2 Se arregla comportandose como un club grande aceptando negociar con el club que tu jugador pide. Como ha hecho el Barça con Fort, por ejemplo, la mejor venta era Dortmunt, pero él preferia la Real Sociedad de la propia Liga.",True,Iantrinho,2092984655813226999,False,0,0,es,2092985913743675435,0,https://x.com/ScarFace2824/status/2092985913743675435,reply-archive,
2092982678207291888,2026-08-27 14:28:50+00:00,"@PurroSantiago @Iantrinho @Barca__Arg Cuando a Haaland le pite toda su afición durante 90 minutos, tenga que salir apartado de sus compañeros, deje de entrenar, ni compañeros ni mister quieran que se quede y el City necesite esos 100M para fichar, antes que se devalue y salga como salió Joao Felix, 100M es un favor.",True,PurroSantiago,2092979981034889469,False,0,0,es,2092982678207291888,0,https://x.com/ScarFace2824/status/2092982678207291888,reply-archive,
2092977902664974424,2026-08-27 14:09:52+00:00,"@PurroSantiago @Iantrinho @Barca__Arg Si, un favor. A ver como se pasan toda la temporada con el clima del otro dia en el estadio. Con la estrella cobrando 30M sin entrenar... Julián no va a volver a la Premier, donde ya lo ha ganado todo y donde su família no puede ir con él por temas de visado.",True,PurroSantiago,2092976133075534024,False,0,0,es,2092977902664974424,0,https://x.com/ScarFace2824/status/2092977902664974424,reply-archive,
2092966494539747351,2026-08-27 13:24:32+00:00,A ver si lo vamos entendiendo... https://t.co/URsWiinTRS,False,,,False,0,0,es,2092966494539747351,0,https://x.com/ScarFace2824/status/2092966494539747351,standalone-archive,
2092913538314453344,2026-08-27 09:54:06+00:00,@Flofy110593Ivan @ShadowMonarch23 Esa es la oferta que deberíamos hacer en enero,True,Flofy110593Ivan,2092911721774039071,False,1,0,es,2092913538314453344,0,https://x.com/ScarFace2824/status/2092913538314453344,reply-archive,
2092900124854726710,2026-08-27 09:00:48+00:00,"@ShadowMonarch23 Hombre con la que tienen liada, como tengan que aguantar ese clima en cada partido en casa, o tener a su estrella con lo que cobra sin entrenar... Ya es un favor que les paguemos 100M
Se va a seguir devaluando hasta salir como un Joao Felix 2.0",True,ShadowMonarch23,2092897265287344246,False,2,0,es,2092900124854726710,0,https://x.com/ScarFace2824/status/2092900124854726710,reply-archive,
2092896593557012712,2026-08-27 08:46:46+00:00,"@ShadowMonarch23 Ni somos club premier, ni ninguno de esos clubes vendedores tenían el incendio que tiene el ATM",True,ShadowMonarch23,2092895282048434591,False,22,1,es,2092896593557012712,0,https://x.com/ScarFace2824/status/2092896593557012712,reply-archive,
2092893166672245185,2026-08-27 08:33:09+00:00,@Rittenreloaded Meter una paliza = llevar una camiseta,True,Rittenreloaded,2092603669954855169,False,0,0,es,2092893166672245185,0,https://x.com/ScarFace2824/status/2092893166672245185,reply-archive,
2092884482097328215,2026-08-27 07:58:39+00:00,"@ShadowMonarch23 Si abres a una tia en insta y te deja en visto lo suyo es seguir escribiendole, lógicamente...",True,ShadowMonarch23,2092883066209374617,False,1,0,es,2092884482097328215,0,https://x.com/ScarFace2824/status/2092884482097328215,reply-archive,
2092713458714517942,2026-08-26 20:39:03+00:00,@SpidyAtletico Cual es delantero del atletico?,True,SpidyAtletico,2092686973605388546,False,0,0,es,2092713458714517942,0,https://x.com/ScarFace2824/status/2092713458714517942,reply-archive,
2092701350714892643,2026-08-26 19:50:57+00:00,@AxeelFCB Para esta gente twitter barça son unos frikis del futbol,True,AxeelFCB,2092695239903338506,False,1,0,es,2092701350714892643,0,https://x.com/ScarFace2824/status/2092701350714892643,reply-archive,
2066981846441722183,2026-06-16 20:30:49+00:00,"@sirfcb_ Viendo su partido me han entrado ganas de ver a Lamine por dentro intercambiando alturas con Fermín, Diomande por derecha y Gordon por izquierda.",True,sirfcb_,2066979810526523513,False,1,0,es,2066981846441722183,0,https://x.com/ScarFace2824/status/2066981846441722183,reply-archive,
2066978088437612575,2026-06-16 20:15:53+00:00,"@Mart1Aarn Menos mal, porque 150 se pueden invertir mucho mejor.",True,Mart1Aarn,2066977001332744475,False,3,0,es,2066978088437612575,0,https://x.com/ScarFace2824/status/2066978088437612575,reply-archive,
2066977352177860812,2026-06-16 20:12:57+00:00,"@dembelismo99_ El entrenador siempre será cortoplacista, es cuando tiene que entrar el director deportivo para pensar que es lo mejor para el club.",True,dembelismo99_,2066972564858036422,False,0,0,es,2066977352177860812,0,https://x.com/ScarFace2824/status/2066977352177860812,reply-archive,
2066977128491397330,2026-06-16 20:12:04+00:00,@DiegoDav07 Julián no será subasta y aún así te sale por 150M,True,DiegoDav07,2066976699187892354,False,0,0,es,2066977128491397330,0,https://x.com/ScarFace2824/status/2066977128491397330,reply-archive,
2066976384702935411,2026-06-16 20:09:07+00:00,@ElleTS13 @DiegoDav07 Justo,True,ElleTS13,2066974362582893042,False,0,0,en,2066976384702935411,0,https://x.com/ScarFace2824/status/2066976384702935411,reply-archive,
2066976265370759232,2026-06-16 20:08:38+00:00,"@DiegoDav07 La motivación para quedarselo es la misma, el cortoplacismo.",True,DiegoDav07,2066973827972657358,False,0,0,es,2066976265370759232,0,https://x.com/ScarFace2824/status/2066976265370759232,reply-archive,
2066969468396290084,2026-06-16 19:41:38+00:00,@lvanJimenez Para eso te quedas a Raphinha,True,ivanbashe,2066960979565351323,False,0,0,pt,2066969468396290084,0,https://x.com/ScarFace2824/status/2066969468396290084,reply-archive,
2066967929128702436,2026-06-16 19:35:31+00:00,@sc_OP_e @DiegoDav07 Que tiene que ver? Estamos hablando de vender a jugadores cuando aún mantienen un valor alto antes de que se desvaloricen.,True,sc_OP_e,2066965713202405429,False,2,0,es,2066967929128702436,0,https://x.com/ScarFace2824/status/2066967929128702436,reply-archive,
2066965037885821023,2026-06-16 19:24:02+00:00,@DiegoDav07 Como Rakitic y Valverde?,True,DiegoDav07,2066964266289435083,False,6,0,es,2066965037885821023,0,https://x.com/ScarFace2824/status/2066965037885821023,reply-archive,
2066964219468120304,2026-06-16 19:20:46+00:00,@UCulemas Que es una millonada? Porque he visto precios por otros que también están desorbitados.,True,UCulemas,2066956878966292935,False,0,0,es,2066964219468120304,0,https://x.com/ScarFace2824/status/2066964219468120304,reply-archive,
2066963891830030823,2026-06-16 19:19:28+00:00,"@ShadowMonarch23 Espero que el central zurdo no sea Reis, yo volvería a Bastoni, sino todavía tienes a Scholterbeck, Lukeba o Van de Ven. Hay que intentar la de Kane como hicimos con Lewan. Barcola en la vida, si se quiera a Lamine de 9 hay que ir a por Diomande. Out Araujo, Kounde, Olmo",True,ShadowMonarch23,2066939695246774406,False,0,0,es,2066963891830030823,0,https://x.com/ScarFace2824/status/2066963891830030823,reply-archive,
2066947260554846276,2026-06-16 18:13:23+00:00,@UCulemas Entre este y Senesi están haciendo la alfombra para que salga Van de Ven,True,UCulemas,2066941520154898477,False,1,0,es,2066947260554846276,0,https://x.com/ScarFace2824/status/2066947260554846276,reply-archive,
2066944237791334771,2026-06-16 18:01:22+00:00,@UCulemas @FCBarcelona Ojalá https://t.co/PKVHSUYkJn,True,UCulemas,2066929857297354785,False,1,0,es,2066944237791334771,1,https://x.com/ScarFace2824/status/2066944237791334771,reply-archive,
2066943908408394074,2026-06-16 18:00:04+00:00,@ShadowMonarch23 Diomande,True,ShadowMonarch23,2066926230650134977,False,0,0,es,2066943908408394074,0,https://x.com/ScarFace2824/status/2066943908408394074,reply-archive,
2066943007513788893,2026-06-16 17:56:29+00:00,@DiegoDav07 Bien si se va Roony y no se ve preparado a Toni ni para esos minutos y prefieren cederlo.,True,DiegoDav07,2066940658758344806,False,0,0,es,2066943007513788893,0,https://x.com/ScarFace2824/status/2066943007513788893,reply-archive,
2066938970680750245,2026-06-16 17:40:27+00:00,"@Blayasensat Gordon ha llegado para que nos podamos permitir su salida, eso si, con un precio a la altura y que nos permite realizar el mercado necesario. Quizás sea el momento de remoledar el ataque con Lamine ya por dentro Gordon y Fermin atacando espacio y Diomande por derecha.",True,Blayasensat,2066935698410594418,False,8,0,es,2066938970680750245,0,https://x.com/ScarFace2824/status/2066938970680750245,reply-archive,
2066922883687789035,2026-06-16 16:36:31+00:00,@Padremany1 99% fe,True,Padremany1,2066916665221157226,False,0,0,und,2066922883687789035,0,https://x.com/ScarFace2824/status/2066922883687789035,reply-archive,
2066914616853016890,2026-06-16 16:03:40+00:00,"@dembelismo99_ Diomande 
Kane
Julián
Asllani
Kroupi
Woltemade
Joao Pedro",True,dembelismo99_,2066905306391630132,False,0,0,ca,2066914616853016890,0,https://x.com/ScarFace2824/status/2066914616853016890,reply-archive,
2066912818088075736,2026-06-16 15:56:31+00:00,@Mart1Aarn Yo ficharia a Asllani para tener un perfil distinto si no se confía aún en Hamza o Gistau. Y puedes probar a Toni para que coja los minutos que ha tenido Roony. Aunque yo prefiero a Kane o Diomande en lugar de Julián.,True,Mart1Aarn,2066908761776607238,False,0,0,es,2066912818088075736,0,https://x.com/ScarFace2824/status/2066912818088075736,reply-archive,
2066904475365683662,2026-06-16 15:23:22+00:00,@gxldeadam Diomande,True,gxldeadam,2066878267131314418,False,0,0,es,2066904475365683662,0,https://x.com/ScarFace2824/status/2066904475365683662,reply-archive,
2066877026816921868,2026-06-16 13:34:18+00:00,@Mart1Aarn 1% Posibilidades 99% fe,True,Mart1Aarn,2066875024644915697,False,3,0,es,2066877026816921868,0,https://x.com/ScarFace2824/status/2066877026816921868,reply-archive,
2066852050076401786,2026-06-16 11:55:03+00:00,"@Mart1Aarn No lo tengo muy visto, solo que lo ha hecho muy bien en segunda, pero como encaja con Cancelo, Balde y Jofre?",True,Mart1Aarn,2066849906715676747,False,0,0,es,2066852050076401786,0,https://x.com/ScarFace2824/status/2066852050076401786,reply-archive,
2066851497875222809,2026-06-16 11:52:51+00:00,@ShadowMonarch23 Diomande si me joderia,True,ShadowMonarch23,2066844836204835151,False,0,0,es,2066851497875222809,0,https://x.com/ScarFace2824/status/2066851497875222809,reply-archive,
2066598090627318063,2026-06-15 19:05:54+00:00,@MiiKeLMsT Partidazo de oyarzabal no? No ha hecho nada malo hasta el min 30,True,MiiKeLMsT,2066580989279625296,False,0,0,es,2066598090627318063,0,https://x.com/ScarFace2824/status/2066598090627318063,reply-archive,
2066582406178451773,2026-06-15 18:03:35+00:00,@sirfcb_ Las consecuencias se verán en los cruces,True,sirfcb_,2066580695519051954,False,1,0,es,2066582406178451773,0,https://x.com/ScarFace2824/status/2066582406178451773,reply-archive,
2066571938542006636,2026-06-15 17:21:59+00:00,@Blayasensat Como estás viendo a Rodri?,True,Blayasensat,2066570817077379142,False,0,0,es,2066571938542006636,0,https://x.com/ScarFace2824/status/2066571938542006636,reply-archive,
2066565778632012074,2026-06-15 16:57:31+00:00,@Saaaayfer Es que lo de los culers que lo piden por 75 es de locos,True,Saaaayfer,2066559576837587140,False,2,0,es,2066565778632012074,0,https://x.com/ScarFace2824/status/2066565778632012074,reply-archive,
2066565602081132717,2026-06-15 16:56:49+00:00,@DjMaRiiO Un entrenador,True,DjMaRiiO,2066565377912430936,False,0,0,es,2066565602081132717,0,https://x.com/ScarFace2824/status/2066565602081132717,reply-archive,
2066564411527979452,2026-06-15 16:52:05+00:00,@DiegoDav07 He visto culers pedir a Oyarzabal por 75M,True,DiegoDav07,2066564230220771771,False,1,0,es,2066564411527979452,0,https://x.com/ScarFace2824/status/2066564411527979452,reply-archive,
2066558191723331901,2026-06-15 16:27:22+00:00,"@Blayasensat Es díficil jugar peor con tan buenos jugadores, solo De la Fuente pondría a Gavi y Ferran pegados a banda y a Pedri de 9. Tener a Rodri, Pedri, Gavi, Fabián y Oyarzabal y 0 juego interior, retos solo a la altura del seleccionador.",True,Blayasensat,2066557400950153272,False,1,0,es,2066558191723331901,0,https://x.com/ScarFace2824/status/2066558191723331901,reply-archive,
2066557500925632683,2026-06-15 16:24:37+00:00,"@Blayasensat Mira que es díficil tener a Rodri, Pedri, Gavi, Fabián y Oyarzabal de 9 y tener 0 juego interior. Pues De la Fuente lo consigue.",True,Blayasensat,2066548890468315324,False,0,0,es,2066557500925632683,0,https://x.com/ScarFace2824/status/2066557500925632683,reply-archive,
2066555906045665619,2026-06-15 16:18:17+00:00,@Blayasensat Minuto 15. Pero poner a Gavi y Ferran pegados a banda y a Pedri de 9 es para hacerselo mirar.,True,Blayasensat,2066548890468315324,False,0,0,es,2066555906045665619,0,https://x.com/ScarFace2824/status/2066555906045665619,reply-archive,
2066550558115221705,2026-06-15 15:57:02+00:00,@dembelismo99_ 100%,True,dembelismo99_,2066324538657316907,False,0,0,und,2066550558115221705,0,https://x.com/ScarFace2824/status/2066550558115221705,reply-archive,
2066537743782466005,2026-06-15 15:06:07+00:00,@dembelismo99_ Díficil que le salga mal ante cabo verde,True,dembelismo99_,2066524938673041719,False,0,0,es,2066537743782466005,0,https://x.com/ScarFace2824/status/2066537743782466005,reply-archive,
2066537288297791573,2026-06-15 15:04:18+00:00,@Saaaayfer Hay que volver a por él.,True,Saaaayfer,2066527445134561735,False,0,0,es,2066537288297791573,0,https://x.com/ScarFace2824/status/2066537288297791573,reply-archive,
2066537110467670250,2026-06-15 15:03:36+00:00,@perico_773 @jaumemarcet Llavors Joan es de la Damm y Cucurella del FS Alella.,True,perico_773,2066532403888156703,False,0,0,ca,2066537110467670250,0,https://x.com/ScarFace2824/status/2066537110467670250,reply-archive,
2066517475663958437,2026-06-15 13:45:34+00:00,@perico_773 @jaumemarcet Llavors perquè no és de la Masía si son 6 anys també? Als 14 es deixa de formar? Ja estaba preparat pel futbol profesional?,True,perico_773,2066505905357701302,False,0,0,ca,2066517475663958437,0,https://x.com/ScarFace2824/status/2066517475663958437,reply-archive,
2066495855461326866,2026-06-15 12:19:40+00:00,@Mart1Aarn Para mi por detras de Kane y Diomande.,True,Mart1Aarn,2066494630661697899,False,0,0,es,2066495855461326866,0,https://x.com/ScarFace2824/status/2066495855461326866,reply-archive,
2066488167859908638,2026-06-15 11:49:07+00:00,"@los_nintendos Si Ferran y Robert nos parecen troncos y que no saben ni devolver un pase con este ya ni te cuento. 

O Kane o Diomande.",True,los_nintendos,2066460758011990072,False,0,0,es,2066488167859908638,0,https://x.com/ScarFace2824/status/2066488167859908638,reply-archive,
2066487902419214759,2026-06-15 11:48:04+00:00,@TheMavericK_YT Cucuracha🪳🪳 https://t.co/7YazLswUqr,True,TheMavericK_YT,2066468644717007227,False,1,0,pt,2066487902419214759,1,https://x.com/ScarFace2824/status/2066487902419214759,reply-archive,
2066487688350277847,2026-06-15 11:47:13+00:00,@frabigol Lo habrás descubierto tú... Y por suerte en el Barça vemos eso y mejor cada partido con Lamine.,True,frabigol,2066307678909923407,False,0,0,es,2066487688350277847,0,https://x.com/ScarFace2824/status/2066487688350277847,reply-archive,
2066487046072373542,2026-06-15 11:44:39+00:00,"@sirfcb_ Ya tienes el 9 móvil en Fermín y Ferran y extremos que atacan espacios como Gordon y Raphinha, hay que traer uno que le quite marcas a Lamine para que no tenga 5 encima cada partido y que desborde cuando Lamine no esté disponible.",True,sirfcb_,2066480612496531711,False,1,0,es,2066487046072373542,0,https://x.com/ScarFace2824/status/2066487046072373542,reply-archive,
2066486417086152948,2026-06-15 11:42:09+00:00,"@Mart1Aarn Julián seguirá allí, Woltemade seguirá allí, Kane quedará libre, te viene Hamza y Gistau... de donde vaya Diomande no lo sacas.",True,Mart1Aarn,2066480900347506972,False,1,0,es,2066486417086152948,0,https://x.com/ScarFace2824/status/2066486417086152948,reply-archive,
2066479573135466941,2026-06-15 11:14:58+00:00,@sirfcb_ Yo veo a Lamine por dentro.,True,sirfcb_,2066478791032009049,False,1,0,es,2066479573135466941,0,https://x.com/ScarFace2824/status/2066479573135466941,reply-archive,
2066465448367951967,2026-06-15 10:18:50+00:00,"@jaumemarcet @Ortega499R Tranquil, Jaume, aquesta gent insulta i després bloqueja perquè no puguis respondre. Tenen pànic al debat. Després són els mateixos que diuen que Vinicius, Valverde són de la ""fabrica"". https://t.co/Mhex8TowHL",True,jaumemarcet,2066463595936805122,False,0,0,ca,2066465448367951967,1,https://x.com/ScarFace2824/status/2066465448367951967,reply-archive,
2066463295062618277,2026-06-15 10:10:17+00:00,"@dembelismo99_ No genera lo mismo. 

Gordon Lamine Diomande",True,dembelismo99_,2066315930963972290,False,0,0,es,2066463295062618277,0,https://x.com/ScarFace2824/status/2066463295062618277,reply-archive,
2066463153064489086,2026-06-15 10:09:43+00:00,"@elitelliZN Pues donde mejor juega es por derecha, puede ser la clave para llevar a Lamine al falso 9 y mejorar el juego interior, y que Fermín/Raphinha/Gordon/Ferran sean los Villa y Pedro de Lamine y Diomande.",True,elitelliZN,2066454078347944347,False,0,0,es,2066463153064489086,0,https://x.com/ScarFace2824/status/2066463153064489086,reply-archive,
2066449641013452862,2026-06-15 09:16:01+00:00,@ShadowMonarch23 Madre mia 75M,True,ShadowMonarch23,2066429326900318237,False,0,0,it,2066449641013452862,0,https://x.com/ScarFace2824/status/2066449641013452862,reply-archive,
2066449501305356593,2026-06-15 09:15:28+00:00,@LoloZl23 Lo mismo con Julián... Era cuando estaba en River. Vaya gilipollez. El Barça debe poder traer a los mejores no solo apuestas.,True,LoloZl23,2066310487931830446,False,0,0,es,2066449501305356593,0,https://x.com/ScarFace2824/status/2066449501305356593,reply-archive,
2066443200504443261,2026-06-15 08:50:26+00:00,@ShadowMonarch23 Por lo menos intentarlo,True,ShadowMonarch23,2066383971504595031,False,0,0,es,2066443200504443261,0,https://x.com/ScarFace2824/status/2066443200504443261,reply-archive,
2066440928185704798,2026-06-15 08:41:24+00:00,"@sirfcb_ Con Fermin/Ferran/Gordon/Raphinha ya tienes perfiles que vayan al espacio en esa delantera de 4 que dibuja Flick, son esos Villa y Pedro de Messi. Te falta un jugador que quite marcas a Lamine y lo libere, y que genere ocasiones y desborde cuando no esté.",True,sirfcb_,2066418875281834032,False,0,0,es,2066440928185704798,0,https://x.com/ScarFace2824/status/2066440928185704798,reply-archive,
2066438797701579071,2026-06-15 08:32:56+00:00,"@Mart1Aarn Yo no haria eso, Diomande debe ir por derecha y ya aprovechas para llevar a Lamine al falso 9 generando más juego interior. Dejas a Raphinha/Gordon en izquierda. Y sigues con los laterales como están.",True,Mart1Aarn,2040111846686900610,False,0,0,es,2066438797701579071,0,https://x.com/ScarFace2824/status/2066438797701579071,reply-archive,
2066434762466644335,2026-06-15 08:16:54+00:00,@alexdelmas10 Lamine falso 9 y este por derecha,True,alexdelmas10,2066301430969798978,False,0,0,es,2066434762466644335,0,https://x.com/ScarFace2824/status/2066434762466644335,reply-archive,
2066433673159749691,2026-06-15 08:12:34+00:00,@Blayasensat Como lo verias jugando en el Barça por derecha y Lamine de falso 9?,True,Blayasensat,2066304429230354774,False,0,0,es,2066433673159749691,0,https://x.com/ScarFace2824/status/2066433673159749691,reply-archive,
2066302226830664164,2026-06-14 23:30:15+00:00,@elitelliZN Koeman,True,elitelliZN,2066294001557246130,False,1,0,eu,2066302226830664164,0,https://x.com/ScarFace2824/status/2066302226830664164,reply-archive,
2066301969409482865,2026-06-14 23:29:14+00:00,@sirfcb_ El dinero de Julián a este monstruo y Lamine falso 9 haciendo diabluras con Diomande mientras Raphinha/Gordon y Fermín atacan los espacios.,True,sirfcb_,2066300298897883606,False,1,0,es,2066301969409482865,0,https://x.com/ScarFace2824/status/2066301969409482865,reply-archive,
2066296146398495207,2026-06-14 23:06:05+00:00,"@BarcelonaValor Balde mucho antes que Cucuracha, tweet lamentable.",True,BarcelonaValor,2066238796421583015,False,0,0,es,2066296146398495207,0,https://x.com/ScarFace2824/status/2066296146398495207,reply-archive,
2066295837160837218,2026-06-14 23:04:52+00:00,@EirenJr 0 miedo,True,11eirenjr,2066196590163841140,False,0,0,es,2066295837160837218,0,https://x.com/ScarFace2824/status/2066295837160837218,reply-archive,
2066295754688209087,2026-06-14 23:04:32+00:00,"@jaumemarcet Cucurella ha utilitzat la carta ""sóc molt culer"" , ""em raparía abans d'anar al Madrid"", per acabar al rival etern i aixó es falta el respecte al club.",True,jaumemarcet,2066261955036238132,False,0,0,ca,2066295754688209087,0,https://x.com/ScarFace2824/status/2066295754688209087,reply-archive,
2066293552225628640,2026-06-14 22:55:47+00:00,@perico_773 @jaumemarcet Entonces es del FS Alella antes que del Español vaya argumento de mierda.,True,perico_773,2066292075092472202,False,0,0,es,2066293552225628640,0,https://x.com/ScarFace2824/status/2066293552225628640,reply-archive,
2066255420910416166,2026-06-14 20:24:16+00:00,@Somhiseremfcb https://t.co/BRzMbTd7Lq,True,Somhiseremfcb,2066253280099844368,False,20,0,qme,2066255420910416166,1,https://x.com/ScarFace2824/status/2066255420910416166,reply-archive,
2066236204417216742,2026-06-14 19:07:54+00:00,@jaumemarcet Está claro que a un canterano capaz de irse al Madrid no había que traerlo. Hicimos bien. https://t.co/Pbz20S8unf,True,jaumemarcet,2066228063306727867,False,3,1,es,2066236204417216742,1,https://x.com/ScarFace2824/status/2066236204417216742,reply-archive,
2066235811574477241,2026-06-14 19:06:20+00:00,@AdriRM33 Llevais 2 mercados igual y 2 nadapletes. Estais camino de volver a repetirlo. No aprendeis.,True,AdriRM33,2066198641300115953,False,0,0,es,2066235811574477241,0,https://x.com/ScarFace2824/status/2066235811574477241,reply-archive,
2066232655717302348,2026-06-14 18:53:48+00:00,@Mart1Aarn El ojo a Van de Ven y Van Hecke.,True,Mart1Aarn,2066232169974858003,False,0,0,es,2066232655717302348,0,https://x.com/ScarFace2824/status/2066232655717302348,reply-archive,
2066232474657599692,2026-06-14 18:53:05+00:00,"@jaumemarcet Es va equivocar el Barça, como moltes vegades, pero el que s'ha anat al Madrid sent de la Masía és ell. Pitjor que Figo, espero una pitada a la alçada.",True,jaumemarcet,2066218480307699769,False,0,0,ca,2066232474657599692,0,https://x.com/ScarFace2824/status/2066232474657599692,reply-archive,
2066229747558895822,2026-06-14 18:42:15+00:00,@ShadowMonarch23 Si fichas a Calafiori (ojo con las lesiones) hay que traer un lateral derecho ofensivo. Hay que hablar de Kane o Diomande.,True,ShadowMonarch23,2066202710441877599,False,0,0,es,2066229747558895822,0,https://x.com/ScarFace2824/status/2066229747558895822,reply-archive,
2066229191494832544,2026-06-14 18:40:02+00:00,@Mart1Aarn La de canteranos que se han ido y nunca han ido al Madrid.,True,Mart1Aarn,2066227668324896852,False,1,0,es,2066229191494832544,0,https://x.com/ScarFace2824/status/2066229191494832544,reply-archive,
2066221863722774677,2026-06-14 18:10:55+00:00,"@Kev646813314767 @JeffFcb14 El clásico de la Pubalgia dices? Porque gastais otros 60M si Carreras es tan bueno después de gastar 50M? Ya se decía que era rídiculo jugar al fútbol después de fichar a Mbappé, nadaplete. Mercado histórico 180M en Huijsen, Carreras etc, nadaplete. La historia se repite.",True,Kev646813314767,2066216150187315628,False,1,0,es,2066221863722774677,0,https://x.com/ScarFace2824/status/2066221863722774677,reply-archive,
2066215729897103778,2026-06-14 17:46:33+00:00,@Kev646813314767 @JeffFcb14 Decías lo mismo con Carreras🤡🤡,True,Kev646813314767,2066212716902064501,False,5,0,es,2066215729897103778,0,https://x.com/ScarFace2824/status/2066215729897103778,reply-archive,
2066214419030269954,2026-06-14 17:41:20+00:00,@elchiringuitotv @10JoseAlvarez @Mart1Aarn Diomande? Fiable?,True,elchiringuitotv,2050008645975339335,False,0,0,es,2066214419030269954,0,https://x.com/ScarFace2824/status/2066214419030269954,reply-archive,
2066210423766962178,2026-06-14 17:25:28+00:00,"@ShadowMonarch23 Porque tu como él, no eres culer.",True,ShadowMonarch23,2066199107555733787,False,0,0,es,2066210423766962178,0,https://x.com/ScarFace2824/status/2066210423766962178,reply-archive,
2066210155553812940,2026-06-14 17:24:24+00:00,@10InfoBlaugrana https://t.co/svHtypZV9v,True,10InfoBlaugrana,2066204021044777212,False,1,0,qme,2066210155553812940,1,https://x.com/ScarFace2824/status/2066210155553812940,reply-archive,
2066210074226217431,2026-06-14 17:24:04+00:00,@ShadowMonarch23 Pero si por él fuera fichaba a Joao pero tiene a Laporta queriendo hacer el fichaje BOMBA.,True,ShadowMonarch23,2066199739381506193,False,0,0,es,2066210074226217431,0,https://x.com/ScarFace2824/status/2066210074226217431,reply-archive,
2066209816817684716,2026-06-14 17:23:03+00:00,"@ShadowMonarch23 Dinero tienen, igual que el Barça. La diferencia está en el que aplica las normas del fairplay, un madridista confeso.",True,ShadowMonarch23,2066201434413007289,False,15,0,es,2066209816817684716,0,https://x.com/ScarFace2824/status/2066209816817684716,reply-archive,
2066209436008321035,2026-06-14 17:21:32+00:00,@planetabarcaa https://t.co/NPxTKeMub8,True,planetabarcaa,2066192525925253224,False,0,0,qme,2066209436008321035,1,https://x.com/ScarFace2824/status/2066209436008321035,reply-archive,
2066209177299464377,2026-06-14 17:20:30+00:00,@FCB_nenn Quien crees que pone las reglas de fairplay? Un madridista confeso.,True,FCB_nenn,2066205815837499678,False,364,5,es,2066209177299464377,0,https://x.com/ScarFace2824/status/2066209177299464377,reply-archive,
2066203253780455664,2026-06-14 16:56:58+00:00,@ShadowMonarch23 Crees que Casadó se iria al Madrid? Pues eso.,True,ShadowMonarch23,2066198015484772758,False,0,0,es,2066203253780455664,0,https://x.com/ScarFace2824/status/2066203253780455664,reply-archive,
2066203001966997572,2026-06-14 16:55:58+00:00,"@JijantesFC @jaumemarcet ""El nostre Puyol"" nunca se hubiera ido al Madrid, pudo y no lo hizo en un Barça muy pobre. Que le diga ""Puyol"" a una rata así es para hacerselo mirar Jaume.",True,JijantesFC,2066200772602200510,False,125,1,es,2066203001966997572,0,https://x.com/ScarFace2824/status/2066203001966997572,reply-archive,
2066200106953478228,2026-06-14 16:44:28+00:00,@Somhiseremfcb Que no pise Barcelona,True,Somhiseremfcb,2066199619063755030,False,0,0,es,2066200106953478228,0,https://x.com/ScarFace2824/status/2066200106953478228,reply-archive,
2066192960220258678,2026-06-14 16:16:04+00:00,@_AdrianSnchz Espero pitada histórica. 🪳🪳,True,_AdrianSnchz,2066188780457877849,False,0,0,es,2066192960220258678,0,https://x.com/ScarFace2824/status/2066192960220258678,reply-archive,
2066192866381021235,2026-06-14 16:15:42+00:00,@dembelismo99_ Oportunidad de que? Títulos? De nadaplete en nadaplete. Dinero? no creo que cobrara poco en el Chelsea. Cucurella no era fan del Barça era un puto canterano. Rata histórica y espero una pitada en el Camp Nou a la altura.,True,dembelismo99_,2066189511726387683,False,4,0,es,2066192866381021235,0,https://x.com/ScarFace2824/status/2066192866381021235,reply-archive,
2066191736733315252,2026-06-14 16:11:12+00:00,@B_ce99 @sirfcb_ Solo hay 2 equipos.,True,B_ce99,2066191400836715003,False,0,0,es,2066191736733315252,0,https://x.com/ScarFace2824/status/2066191736733315252,reply-archive,
2066191563017892061,2026-06-14 16:10:31+00:00,"@JeffFcb14 Si pasa, espero pitos en cada clásico.",True,JeffFcb14,2066187205886775662,False,8,0,es,2066191563017892061,0,https://x.com/ScarFace2824/status/2066191563017892061,reply-archive,
2066191404678754647,2026-06-14 16:09:53+00:00,@roxasorg13 Ratón de época.,True,roxasorg13,2066190734139539795,False,0,0,es,2066191404678754647,0,https://x.com/ScarFace2824/status/2066191404678754647,reply-archive,
2066190629978145179,2026-06-14 16:06:48+00:00,@sirfcb_ Mucho mencionar al ATM que no le importa a nadie y no decir nada de que un canterano de la Masía se esta yendo al eterno rival... 🪳🪳,True,sirfcb_,2066190112250093943,False,2,0,es,2066190629978145179,0,https://x.com/ScarFace2824/status/2066190629978145179,reply-archive,
2066188884568846598,2026-06-14 15:59:52+00:00,@ReshadRahman 🪳🪳,True,ReshadRahman,2066186963124920336,False,0,0,qme,2066188884568846598,0,https://x.com/ScarFace2824/status/2066188884568846598,reply-archive,
2066187968490979652,2026-06-14 15:56:14+00:00,@Blayasensat Vaya una rata.,True,Blayasensat,2066187384216072405,False,16,0,es,2066187968490979652,0,https://x.com/ScarFace2824/status/2066187968490979652,reply-archive,
2065803469642924476,2026-06-13 14:28:22+00:00,@10InfoBlaugrana Vamos a estar todo el mundial así? Pidiendo un jugador por partido?,True,10InfoBlaugrana,2065781232232005870,False,38,0,es,2065803469642924476,0,https://x.com/ScarFace2824/status/2065803469642924476,reply-archive,
2065803065861521525,2026-06-13 14:26:46+00:00,@ShadowMonarch23 Cual de los dos?,True,ShadowMonarch23,2065552462992347424,False,0,0,es,2065803065861521525,0,https://x.com/ScarFace2824/status/2065803065861521525,reply-archive,
2065753017542983968,2026-06-13 11:07:53+00:00,@sirfcb_ Zlatan eterno infravalorado,True,sirfcb_,2065745945011032371,False,0,0,und,2065753017542983968,0,https://x.com/ScarFace2824/status/2065753017542983968,reply-archive,
2065735144514753006,2026-06-13 09:56:52+00:00,"@gxldeadam @Eithanserspy Como Kolo Muani, Ramos etc",True,gxldeadam,2065554456175931693,False,0,0,es,2065735144514753006,0,https://x.com/ScarFace2824/status/2065735144514753006,reply-archive,
2065734209294000404,2026-06-13 09:53:09+00:00,@elitelliZN Mi bala es Eder Sarabria,True,elitelliZN,2065722890230665730,False,1,0,es,2065734209294000404,0,https://x.com/ScarFace2824/status/2065734209294000404,reply-archive,
2065723865028821451,2026-06-13 09:12:03+00:00,@elitelliZN Y a Barcola ya le han dado su perro guía?,True,elitelliZN,2065723386416767338,False,0,0,es,2065723865028821451,0,https://x.com/ScarFace2824/status/2065723865028821451,reply-archive,
2065722713801376174,2026-06-13 09:07:28+00:00,@elitelliZN Diomande muchisimo antes,True,elitelliZN,2065542589822939574,False,0,0,es,2065722713801376174,0,https://x.com/ScarFace2824/status/2065722713801376174,reply-archive,
2065568508247728286,2026-06-12 22:54:43+00:00,"@Mart1Aarn *Barcola Liverpool, Ferran PSG, Diomande Barça.",True,Mart1Aarn,2065557803066917375,False,1,0,fr,2065568508247728286,0,https://x.com/ScarFace2824/status/2065568508247728286,reply-archive,
2065475652027822574,2026-06-12 16:45:44+00:00,"@10InfoBlaugrana Por eso mismo, no va a deshacerse del sueldo que se ganó cuando no va a poder volver q cobrarlo.",True,10InfoBlaugrana,2065449042596012288,False,0,0,es,2065475652027822574,0,https://x.com/ScarFace2824/status/2065475652027822574,reply-archive,
2065471816668262418,2026-06-12 16:30:30+00:00,@elitelliZN Y su 23/24 no es ni de portero de segunda división,True,elitelliZN,2065453367975948775,False,0,0,es,2065471816668262418,0,https://x.com/ScarFace2824/status/2065471816668262418,reply-archive,
2065434624763838501,2026-06-12 14:02:43+00:00,"@los_nintendos Ahora hay que traer a Micky, que los Spurs ya dan por hecho que se va con todos los fichajes que están haciendo en su posición.",True,los_nintendos,2065114566397170160,False,0,0,es,2065434624763838501,0,https://x.com/ScarFace2824/status/2065434624763838501,reply-archive,
2065433636216742153,2026-06-12 13:58:47+00:00,"@sirfcb_ creo que se la está inflando, el mediocampo es de lo mejor del mundo junto a España pero el resto es sin más. Le pasará como a Francia que su ataque es top 3 por puesto incluso los suplentes pero sufren en otras zonas. Recuerden, una cadena es tan fuerte como su eslabón más débil",True,sirfcb_,2065428613839651039,False,0,0,es,2065433636216742153,0,https://x.com/ScarFace2824/status/2065433636216742153,reply-archive,
2065411123894013987,2026-06-12 12:29:20+00:00,@gxldeadam La salud,True,gxldeadam,2065349753588641846,False,0,0,es,2065411123894013987,0,https://x.com/ScarFace2824/status/2065411123894013987,reply-archive,
2065405168288415761,2026-06-12 12:05:40+00:00,"@UCulemas Que mejoraría al Barça está claro, pero no es una necesidad y mucho menos una prioridad.",True,UCulemas,2065390560714641790,False,0,0,es,2065405168288415761,0,https://x.com/ScarFace2824/status/2065405168288415761,reply-archive,
2065404857410801849,2026-06-12 12:04:26+00:00,@ReshadRahman Es que Vuskovic no es lo que necesita el Barça. Seria suplente de Cubarsí.,True,ReshadRahman,2065395837916664288,False,0,0,es,2065404857410801849,0,https://x.com/ScarFace2824/status/2065404857410801849,reply-archive,
2065404478711386457,2026-06-12 12:02:55+00:00,Tanto el fichaje de Kane como el de Diomande te deja espacio a la futura subida de Hamza y Gistau.,True,ScarFace2824,2065404476131774669,False,0,0,es,2065404458796753072,0,https://x.com/ScarFace2824/status/2065404478711386457,used-in-web-article,dos-caminos-para-el-9-kane-o-un-ataque-sin-delantero-fijo
2065404476131774669,2026-06-12 12:02:55+00:00,"Pero se puede ser ambicioso y si Lamine libera la banda para que la ocupe Yan Diomande que brilla sobretodo en derecha. 
Un ataque donde los 6 pueden ser titulares y jugar en todas las posiciones. Ir permutando e intercambiando posiciones en pleno partido. 
FT, AG, R, LY, FL, YD",True,ScarFace2824,2065404473367757004,False,0,0,es,2065404458796753072,0,https://x.com/ScarFace2824/status/2065404476131774669,used-in-web-article,dos-caminos-para-el-9-kane-o-un-ataque-sin-delantero-fijo
2065404473367757004,2026-06-12 12:02:54+00:00,"Se podría no fichar y usar a Lamine de falso 9 y dos puñales por bandas atacando los espacios, Raphinha por izquierda y Gordon por derecha. 
En este sistema Ferran y Fermín también se verían potenciados siendo el Villa y Pedro de Lamine.",True,ScarFace2824,2065404470880587891,False,0,0,es,2065404458796753072,0,https://x.com/ScarFace2824/status/2065404473367757004,used-in-web-article,dos-caminos-para-el-9-kane-o-un-ataque-sin-delantero-fijo
2065404470880587891,2026-06-12 12:02:53+00:00,"ESCENARIO B: no se ficha 9 top y el Barça apuesta por algo más rompedor.
Lamine pasa a falso 9, se libera la derecha y ahí entra Yan Diomande. Esta idea me parece una barbaridad táctica si realmente quieres llevar el sistema de Flick a un ataque mucho más móvil.",True,ScarFace2824,2065404468401754213,False,0,0,es,2065404458796753072,0,https://x.com/ScarFace2824/status/2065404470880587891,used-in-web-article,dos-caminos-para-el-9-kane-o-un-ataque-sin-delantero-fijo
2065404468401754213,2026-06-12 12:02:53+00:00,"En ese escenario, mi mercado tendría bastante sentido si se acompaña de más piezas estructurales:
Gordon como extremo de ritmo, presión y ruptura
un central zurdo top
y, si se puede, un lateral derecho ofensivo que potencie a Lamine, construir alrededor suyo.",True,ScarFace2824,2065404465251749958,False,0,0,es,2065404458796753072,0,https://x.com/ScarFace2824/status/2065404468401754213,used-in-web-article,dos-caminos-para-el-9-kane-o-un-ataque-sin-delantero-fijo
2065404465251749958,2026-06-12 12:02:52+00:00,"Kane no te tapa a Fermín como si haría Julián: puede convivir con él.
Fermín puede seguir atacando espacios desde segunda línea, cayendo a ambos perfiles y pisando área como llegador. De hecho, un 9 como Kane potencia muchísimo ese tipo de movimientos.",True,ScarFace2824,2065404461866963199,False,0,0,es,2065404458796753072,0,https://x.com/ScarFace2824/status/2065404465251749958,used-in-web-article,dos-caminos-para-el-9-kane-o-un-ataque-sin-delantero-fijo
2065404461866963199,2026-06-12 12:02:51+00:00,"ESCENARIO A: Harry Kane no renueva, fuerza su salida y aplica una “fórmula Lewandowski”.
Si de verdad se abre esa puerta, para mí hay que ir de cabeza. No por nombre, sino porque encaja exactamente en lo que le falta al Barça arriba.",True,ScarFace2824,2065404458796753072,False,1,0,es,2065404458796753072,0,https://x.com/ScarFace2824/status/2065404461866963199,used-in-web-article,dos-caminos-para-el-9-kane-o-un-ataque-sin-delantero-fijo
2065404458796753072,2026-06-12 12:02:50+00:00,"Dos ideas de mercado para el Barça 26/27 que me parecen muy potentes y que parten de una misma base: rodear a Lamine lo mejor posible, elevar el nivel competitivo del equipo y decidir si el salto se da con un 9 total… o sin 9 fijo. https://t.co/JUPl1UOaLG",False,,,False,0,0,es,2065404458796753072,2,https://x.com/ScarFace2824/status/2065404458796753072,used-in-web-article,dos-caminos-para-el-9-kane-o-un-ataque-sin-delantero-fijo
2065372215747506421,2026-06-12 09:54:43+00:00,"@ShadowMonarch23 Te lo compro para el Bernardo de inicio de su carrera, ha crecido mucho con Guardiola y las últimas temporadas ha jugado más en la base. Pero claro no es lo mismo hacerlo con Rodri al lado que con Tchoumeni",True,ShadowMonarch23,2065358594715906304,False,0,0,es,2065372215747506421,0,https://x.com/ScarFace2824/status/2065372215747506421,reply-archive,
2065370451027652974,2026-06-12 09:47:42+00:00,@BlxckNews Suma peso su renovación si no se ficha a Julián y se va a por Kane.,True,BlxckNews,2065358506044047707,False,0,0,es,2065370451027652974,0,https://x.com/ScarFace2824/status/2065370451027652974,reply-archive,
2065369230493557102,2026-06-12 09:42:51+00:00,"@sirfcb_ No la va a firmar antes, no haberlo vendido hace que tenga la sartén por el mango.",True,sirfcb_,2065367632379777267,False,1,0,es,2065369230493557102,0,https://x.com/ScarFace2824/status/2065369230493557102,reply-archive,
2065215049086431681,2026-06-11 23:30:12+00:00,"@Unknews_ ""nosotros""",True,Unknews_,2065174471338840211,False,0,0,es,2065215049086431681,0,https://x.com/ScarFace2824/status/2065215049086431681,reply-archive,
2065161805781946505,2026-06-11 19:58:38+00:00,"@sergi_fut He hecho un predictor con machine learning y me sale que argentina - francia es la final, campeona francia. Pero españa - portugal tercer y cuarto puesto.",True,sergi_fut,2065097128024629506,False,1,0,es,2065161805781946505,0,https://x.com/ScarFace2824/status/2065161805781946505,reply-archive,
2065086161152852288,2026-06-11 14:58:02+00:00,@10InfoBlaugrana Menos mal,True,10InfoBlaugrana,2065028746927546761,False,0,0,es,2065086161152852288,0,https://x.com/ScarFace2824/status/2065086161152852288,reply-archive,
2065084606819315878,2026-06-11 14:51:52+00:00,"@10InfoBlaugrana Que bien, como aquí nos pitan tantos... Nos va a venir de lujo...",True,10InfoBlaugrana,2064966122407956705,False,0,0,es,2065084606819315878,0,https://x.com/ScarFace2824/status/2065084606819315878,reply-archive,
2065080350133383287,2026-06-11 14:34:57+00:00,"@Padremany1 Fichajazo pero también hay alternativas, Lukeba, Van de Ven, Bastoni...",True,Padremany1,2064810281495101925,False,0,0,es,2065080350133383287,0,https://x.com/ScarFace2824/status/2065080350133383287,reply-archive,
2065080018980454649,2026-06-11 14:33:38+00:00,@Padremany1 Sueñen,True,Padremany1,2064807467079364938,False,0,0,es,2065080018980454649,0,https://x.com/ScarFace2824/status/2065080018980454649,reply-archive,
2065079600804184069,2026-06-11 14:31:58+00:00,"@ShadowMonarch23 Hay que intentarlo, ojo con algún intercambio Laimer + Kane x Ferran/Kounde + Araujo. Les interesaban estos? Y te quitas fichas altas para que entre la de Kane.",True,ShadowMonarch23,2064867477566206281,False,0,0,es,2065079600804184069,0,https://x.com/ScarFace2824/status/2065079600804184069,reply-archive,
2065078970366771561,2026-06-11 14:29:28+00:00,@TheMavericK_YT @sworkoutjose Flick no pondría los mismos minutos a un recién ascendido que a Bernardo y Pedri necesita descansar más para llegar bien a final de temporada. Con Bernardo era posible.,True,TheMavericK_YT,2065076284468732165,False,2,0,es,2065078970366771561,0,https://x.com/ScarFace2824/status/2065078970366771561,reply-archive,
2065078462650499230,2026-06-11 14:27:27+00:00,"@Padremany1 Ya ya, por eso digo ""era"". Yo intentaria ese precio cercano al de Robert. Y ya subes dependiendo de lo que te impida fichar en otras posiciones. Central zurdo top Lukeba/Gvardiol/Van de Ven/ Bastoni, un Konrad Laimer o Palestra y te traes de vuelta a Virgili.",True,Padremany1,2065075755734729208,False,0,0,es,2065078462650499230,0,https://x.com/ScarFace2824/status/2065078462650499230,reply-archive,
2065075448304771353,2026-06-11 14:15:28+00:00,"@Padremany1 60 que era su clausula, edad y que finaliza contrato.",True,Padremany1,2065061242113237267,False,0,0,es,2065075448304771353,0,https://x.com/ScarFace2824/status/2065075448304771353,reply-archive,
2065075273448464499,2026-06-11 14:14:47+00:00,"@dembelismo99_ Hay que replicar lo bien que ha funcionado la formula Lewandowski y dar tiempo a crecer a Hamza, Gistau y a Lamine como falso 9.",True,dembelismo99_,2065061184236146914,False,0,0,es,2065075273448464499,0,https://x.com/ScarFace2824/status/2065075273448464499,reply-archive,
2065074344879898791,2026-06-11 14:11:05+00:00,"@ShadowMonarch23 Formula Lewandowski, y en unos años ya saldrán más 9 sino han emergido ya Hamza o Gistau, o directamente Lamine juega de falso 9.",True,ShadowMonarch23,2065059477535986110,False,0,0,es,2065074344879898791,0,https://x.com/ScarFace2824/status/2065074344879898791,reply-archive,
2065040010877767978,2026-06-11 11:54:39+00:00,@ShadowMonarch23 Top,True,ShadowMonarch23,2065000137047339482,False,0,0,und,2065040010877767978,0,https://x.com/ScarFace2824/status/2065040010877767978,reply-archive,
2065032278825218506,2026-06-11 11:23:56+00:00,@ShadowMonarch23 Entonces Diomande encaja,True,ShadowMonarch23,2064992250979831903,False,0,0,es,2065032278825218506,0,https://x.com/ScarFace2824/status/2065032278825218506,reply-archive,
2065031137190142260,2026-06-11 11:19:24+00:00,"@dembelismo99_ Cancelo, a un canterano que se ofrece al Madrid ni agua.",True,dembelismo99_,2064992389400268942,False,1,0,es,2065031137190142260,0,https://x.com/ScarFace2824/status/2065031137190142260,reply-archive,
2064859463291437451,2026-06-10 23:57:13+00:00,"@ShadowMonarch23 Demasiado el año que viene te sale por la mitad. Fichas a Gvardiol/Van de Ven/ Lukeba lo pones de LI defensivo como hacemos ahora con Kounde y jugamos con Gordon ocupando la banda, Cubarsí y Eric titulares y un lateral derecho ofensivo que potencie a Lamine.",True,ShadowMonarch23,2064687294200561819,False,0,0,es,2064859463291437451,0,https://x.com/ScarFace2824/status/2064859463291437451,reply-archive,
2064813670329209196,2026-06-10 20:55:16+00:00,@DiegoDav07 ??,True,DiegoDav07,2064811050533527844,False,2,0,qam,2064813670329209196,0,https://x.com/ScarFace2824/status/2064813670329209196,reply-archive,
2064786371454161005,2026-06-10 19:06:47+00:00,@Mart1Aarn Y los que faltan,True,Mart1Aarn,2064785911074758783,False,1,0,es,2064786371454161005,0,https://x.com/ScarFace2824/status/2064786371454161005,reply-archive,
2064744981886124416,2026-06-10 16:22:19+00:00,@DiegoDav07 Es año de mundial,True,DiegoDav07,2064743537401307356,False,1,0,es,2064744981886124416,0,https://x.com/ScarFace2824/status/2064744981886124416,reply-archive,
2064625989649367272,2026-06-10 08:29:29+00:00,@dembelismo99_ Lo mismo con Gerard Martin,True,dembelismo99_,2064469440159182930,False,0,0,es,2064625989649367272,0,https://x.com/ScarFace2824/status/2064625989649367272,reply-archive,
2064478581195968914,2026-06-09 22:43:44+00:00,@BlxckNews B,True,BlxckNews,2064462067503956271,False,0,0,und,2064478581195968914,0,https://x.com/ScarFace2824/status/2064478581195968914,reply-archive,
2064427753022116235,2026-06-09 19:21:46+00:00,@ShadowMonarch23 Tresoldi/Asllani + Diomande/Karl,True,ShadowMonarch23,2064362939973304415,False,0,0,in,2064427753022116235,0,https://x.com/ScarFace2824/status/2064427753022116235,reply-archive,
2064416707033039271,2026-06-09 18:37:52+00:00,@BlxckNews Tresoldi/Asllani + Diomande/Karl,True,BlxckNews,2064412032829386934,False,1,0,in,2064416707033039271,0,https://x.com/ScarFace2824/status/2064416707033039271,reply-archive,
2064416495107477830,2026-06-09 18:37:02+00:00,@Mart1Aarn También se puede estudiar la opción Karl.,True,Mart1Aarn,2064378473884365287,False,0,0,es,2064416495107477830,0,https://x.com/ScarFace2824/status/2064416495107477830,reply-archive,
2064416210150625345,2026-06-09 18:35:54+00:00,@Mart1Aarn Si Kane o Woltemade no pueden venir sigue siendo la mejor opción pese a que juegue en la misma posición que Lamine. Intercambiando posiciones... Teniendo Raphinha/Gordon/Fermin para atacar espacios vendes a Ferran para tener alternativas con Asllani.,True,Mart1Aarn,2064378473884365287,False,0,0,es,2064416210150625345,0,https://x.com/ScarFace2824/status/2064416210150625345,reply-archive,
2064336187670528193,2026-06-09 13:17:55+00:00,@dembelismo99_ Está Joao Pedro que puede presionar porque no va ni a Europa.,True,dembelismo99_,2064282225756066129,False,1,0,es,2064336187670528193,0,https://x.com/ScarFace2824/status/2064336187670528193,reply-archive,
2064334524322881973,2026-06-09 13:11:18+00:00,@ShadowMonarch23 Otro de cristal,True,ShadowMonarch23,2064293931571990761,False,0,0,es,2064334524322881973,0,https://x.com/ScarFace2824/status/2064334524322881973,reply-archive,
2064322948668748226,2026-06-09 12:25:18+00:00,@The_Stat_Guy_10 https://t.co/ClmAIDyhtE,True,The_Stat_Guy_10,2064278374323982478,False,0,0,qme,2064322948668748226,1,https://x.com/ScarFace2824/status/2064322948668748226,reply-archive,
2064320544342683776,2026-06-09 12:15:45+00:00,@Somhiseremfcb El fichaje del verano,True,Somhiseremfcb,2064309742151864697,False,15,0,es,2064320544342683776,0,https://x.com/ScarFace2824/status/2064320544342683776,reply-archive,
2064118101570900108,2026-06-08 22:51:19+00:00,@sirfcb_ 100,True,sirfcb_,2064117897828458887,False,2,0,und,2064118101570900108,0,https://x.com/ScarFace2824/status/2064118101570900108,reply-archive,
2064114581329338784,2026-06-08 22:37:20+00:00,@ShadowMonarch23 Eso es de nenaza,True,ShadowMonarch23,2064048933752492211,False,0,0,es,2064114581329338784,0,https://x.com/ScarFace2824/status/2064114581329338784,reply-archive,
2064113558565089582,2026-06-08 22:33:16+00:00,@ShadowMonarch23 Ojalá,True,ShadowMonarch23,2064058440578748543,False,0,0,es,2064113558565089582,0,https://x.com/ScarFace2824/status/2064113558565089582,reply-archive,
2064109673314201662,2026-06-08 22:17:50+00:00,"@ShadowMonarch23 Kane, Woltemade, Asllani, Joao Pedro incluso Diomande y Gordon de 9 antes que esos 2",True,ShadowMonarch23,2064085057090761197,False,0,0,es,2064109673314201662,0,https://x.com/ScarFace2824/status/2064109673314201662,reply-archive,
2064108628164878387,2026-06-08 22:13:40+00:00,"@GxlToniFdz Juan, si no se hubiera lesionado",True,GxlToniFdz,2064048757415547056,False,1,0,es,2064108628164878387,0,https://x.com/ScarFace2824/status/2064108628164878387,reply-archive,
2064091160323273111,2026-06-08 21:04:16+00:00,@Mart1Aarn Espero que no hagan eso,True,Mart1Aarn,2064089070867759407,False,2,0,es,2064091160323273111,0,https://x.com/ScarFace2824/status/2064091160323273111,reply-archive,
2064072556076781591,2026-06-08 19:50:20+00:00,@ShadowMonarch23 Hay que hacerle hueco,True,ShadowMonarch23,2064047400574959658,False,0,0,es,2064072556076781591,0,https://x.com/ScarFace2824/status/2064072556076781591,reply-archive,
2064065738281796088,2026-06-08 19:23:15+00:00,@ShadowMonarch23 Criteri,True,ShadowMonarch23,2064059302290096142,False,0,0,ro,2064065738281796088,0,https://x.com/ScarFace2824/status/2064065738281796088,reply-archive,
2064050371723481299,2026-06-08 18:22:11+00:00,"@Blayasensat @Mart1Aarn Más que nada porque traer un lateral te permite que Eric también pueda tener rol de suplente de Cubarsí y no depender de la disponibilidad de Christensen, para mi Konrad Laimer. Y si a Mbaye no le dejan salir quedarte con Virgili por 7M no es mala pero si no tiene hueco, Ebrima.",True,Blayasensat,2064043189338538463,False,1,0,es,2064050371723481299,0,https://x.com/ScarFace2824/status/2064050371723481299,reply-archive,
2063932919081558331,2026-06-08 10:35:28+00:00,@Winstontupadre Vendes a Ferran o lo incluyes en el fichaje de Julián y te traes a este por 22M. No solo ganas pasta sino que añades un perfil que no se tiene.,True,Pizzi_Macanudo,2063912891099603010,False,0,0,es,2063932919081558331,0,https://x.com/ScarFace2824/status/2063932919081558331,reply-archive,
2063716228057759878,2026-06-07 20:14:25+00:00,@ShadowMonarch23 @GordonismoFCB Pero puedes vender a Ferran y traerte a este. Te sacas pasta y encima no repites perfiles.,True,ShadowMonarch23,2063709870453408144,False,0,0,es,2063716228057759878,0,https://x.com/ScarFace2824/status/2063716228057759878,reply-archive,
2063712435706503206,2026-06-07 19:59:21+00:00,@Alex33Mora Cambiar la F de Ferran por la de Fisnick,True,Alex33Mora,2063694358600134872,False,0,0,es,2063712435706503206,0,https://x.com/ScarFace2824/status/2063712435706503206,reply-archive,
2062848391470596426,2026-06-05 10:45:57+00:00,@Mart1Aarn Seria su fichaje soñado pero no van a aceptar.,True,Mart1Aarn,2062844787787493382,False,0,0,es,2062848391470596426,0,https://x.com/ScarFace2824/status/2062848391470596426,reply-archive,
2062841162629611552,2026-06-05 10:17:13+00:00,@ReshadRahman @samuelmarsden 👀🤟🕷️🤟,True,ReshadRahman,2062840341313802484,False,0,0,qme,2062841162629611552,0,https://x.com/ScarFace2824/status/2062841162629611552,reply-archive,
2062829213091061770,2026-06-05 09:29:44+00:00,"@Mart1Aarn Es un arroz con pollo, lo que más te conviene, pero lo que gusta es una buena pizza. https://t.co/VC2RELb7pc",True,Mart1Aarn,2062825359213547725,False,6,0,es,2062829213091061770,1,https://x.com/ScarFace2824/status/2062829213091061770,reply-archive,
2062819815287374308,2026-06-05 08:52:23+00:00,@ShadowMonarch23 Mejor que muchos tuiteros,True,ShadowMonarch23,2062812113135964284,False,0,0,es,2062819815287374308,0,https://x.com/ScarFace2824/status/2062819815287374308,reply-archive,
2062663733864710216,2026-06-04 22:32:11+00:00,@sirfcb_ Al único que veo que el PSG pueda dejar salir y que no estén otros 7 años es Doue,True,sirfcb_,2062662605949346114,False,1,0,es,2062663733864710216,0,https://x.com/ScarFace2824/status/2062663733864710216,reply-archive,
2062662722269946281,2026-06-04 22:28:10+00:00,"@ShadowMonarch23 Ojala sea Doue, les sigue faltando medio del campo",True,ShadowMonarch23,2062654453224772010,False,0,0,es,2062662722269946281,0,https://x.com/ScarFace2824/status/2062662722269946281,reply-archive,
2062662474571157857,2026-06-04 22:27:11+00:00,@sirfcb_ Porque todos los que se hablan son del PSG? No puede ser Enzo?,True,sirfcb_,2062661855106027808,False,0,0,es,2062662474571157857,0,https://x.com/ScarFace2824/status/2062662474571157857,reply-archive,
2062635947192205415,2026-06-04 20:41:46+00:00,@ContextfreeFCB Riqui,True,ContextfreeFCB_,2062632865402061087,False,0,0,fr,2062635947192205415,0,https://x.com/ScarFace2824/status/2062635947192205415,reply-archive,
2062605556636926027,2026-06-04 18:41:00+00:00,"@annaisculer MATS, Araujo, Ferran, Balde, FDJ, Kounde",True,annaisculer,2062565484612960706,False,0,0,ca,2062605556636926027,0,https://x.com/ScarFace2824/status/2062605556636926027,reply-archive,
2062581555088781699,2026-06-04 17:05:38+00:00,"@Mart1Aarn Acaba contrato en 2028, pero si será caro. Mis dudas con Lukeba: no es dominante por arriba, y Cubarsí y Gerard han brillado cuando te juegan directo. Tampoco siento que eleve la defensa a nivel top mundial como Bastoni o Gvardiol. Y sus lesiones hay que mirarlas bien.",True,Mart1Aarn,2062579656000204850,False,0,0,es,2062581555088781699,0,https://x.com/ScarFace2824/status/2062581555088781699,reply-archive,
2062574420871307638,2026-06-04 16:37:17+00:00,"@Mart1Aarn Hombre ya, pero como Ferran no te pide lo de Julian y no por eso dejamos de ir a por los mejores. Pero dependiendo de como tengas que encajar todas las piezas que se pretendan fichar entiendo que se pueda ir a por Lukeba. No tiene malas estadísticas. https://t.co/NR0xIaYz3W",True,Mart1Aarn,2062572539839132114,False,0,0,es,2062574420871307638,1,https://x.com/ScarFace2824/status/2062574420871307638,reply-archive,
2062571279081783636,2026-06-04 16:24:48+00:00,@Mart1Aarn A ese precio no es preferible Gvardiol? Pinta bien pero lo tenía en cuenta como alternativa barata a las principales.,True,Mart1Aarn,2062570403784978640,False,0,0,es,2062571279081783636,0,https://x.com/ScarFace2824/status/2062571279081783636,reply-archive,
2062569215727378659,2026-06-04 16:16:36+00:00,@MeuFutbol Como vas a hablar así de un menor?,True,MeuFutbol,2062482354103345516,False,1,0,es,2062569215727378659,0,https://x.com/ScarFace2824/status/2062569215727378659,reply-archive,
2062555884958470596,2026-06-04 15:23:38+00:00,"@sirfcb_ Por mi también pero el culer se pondría muy nervioso yendose Lewandowski y trayendo a Asllani, ya sabemos como somos.",True,sirfcb_,2062554332902388140,False,1,0,es,2062555884958470596,0,https://x.com/ScarFace2824/status/2062555884958470596,reply-archive,
2062514775137931505,2026-06-04 12:40:16+00:00,@BarcelonaValor Sube Hamza,True,BarcelonaValor,2062498191195480114,False,1,0,en,2062514775137931505,0,https://x.com/ScarFace2824/status/2062514775137931505,reply-archive,
2062465147331883341,2026-06-04 09:23:04+00:00,@sirfcb_ Se habla poco de Eder Sarabria,True,sirfcb_,2062461312622297340,False,2,0,es,2062465147331883341,0,https://x.com/ScarFace2824/status/2062465147331883341,reply-archive,
2062464982143430926,2026-06-04 09:22:25+00:00,"@sirfcb_ Opcion 1 Kane
Opcion 2 ayudar a nuestro equipo hermano con su lio con Woltemade
Opcion 3 Asllani + transicionar a Fermín al 9 allanando el camino para que cuando se acerque 2030 cumplir el sueño de Musiala que quiere jugar en el Barça",True,sirfcb_,2062459321456226749,False,3,0,es,2062464982143430926,0,https://x.com/ScarFace2824/status/2062464982143430926,reply-archive,
2062424284627153002,2026-06-04 06:40:42+00:00,@elitelliZN Para nada,True,elitelliZN,2062301459350241771,False,0,0,pt,2062424284627153002,0,https://x.com/ScarFace2824/status/2062424284627153002,reply-archive,
2062303724538638404,2026-06-03 22:41:38+00:00,"@BlxckNews Lo que el quiera, pero hay que ir preparando el relevo. Luis Enrique, Cesc o Eder Sarabria.",True,BlxckNews,2062259369312387523,False,0,0,es,2062303724538638404,0,https://x.com/ScarFace2824/status/2062303724538638404,reply-archive,
2062302369430241324,2026-06-03 22:36:15+00:00,"@sirfcb_ Por lo menos lo llevan observando ya desde hace mucho y otra cosa no pero Deco sabe de futbol, encima creo que juega ambas bandas, con un precio razonable de 30M como máximo puede ser el Gordon de la defensa.",True,sirfcb_,2062297510589182310,False,4,0,es,2062302369430241324,0,https://x.com/ScarFace2824/status/2062302369430241324,reply-archive,
2062284087012782320,2026-06-03 21:23:36+00:00,@sirfcb_ Ni de coña,True,sirfcb_,2062283514595189077,False,2,0,es,2062284087012782320,0,https://x.com/ScarFace2824/status/2062284087012782320,reply-archive,
2062279278381658463,2026-06-03 21:04:29+00:00,"@lvanJimenez No se, de primeras puede ser, pero luego piensas en traer a jugadores que le hacen eso a sus clubes y no querría a alguien así en mi club.",True,ivanbashe,2062253864632365072,False,0,0,es,2062279278381658463,0,https://x.com/ScarFace2824/status/2062279278381658463,reply-archive,
2062276766828294471,2026-06-03 20:54:31+00:00,"@Blayasensat Se dice que el sueño de Musiala es jugar en el Barça, en 2030 acaba contrato. Lo traerias? Y si es así, como encajaria con los jugadores actuales, los posibles fichajes y los que vienen de la cantera?",True,Blayasensat,2062272308996153459,False,1,0,es,2062276766828294471,0,https://x.com/ScarFace2824/status/2062276766828294471,reply-archive,
2062270303284150545,2026-06-03 20:28:50+00:00,"@LordbzB Si Palestra es caro, yo haria Konrad Laimer + Van de Ven/ Gvardiol/ Bastoni.",True,LordbzB,2062262265903026501,False,0,0,ht,2062270303284150545,0,https://x.com/ScarFace2824/status/2062270303284150545,reply-archive,
2062254549843243042,2026-06-03 19:26:14+00:00,"@sirfcb_ Palestra o si hay que ir por un barato, Konrad Laimer que acaba contrato en 2027.",True,sirfcb_,2062251748526367044,False,1,0,es,2062254549843243042,0,https://x.com/ScarFace2824/status/2062254549843243042,reply-archive,
2062197392804331823,2026-06-03 15:39:06+00:00,@10InfoBlaugrana Me gustaría saber como condiciona fichajes en defensa pero a priori sí.,True,10InfoBlaugrana,2062157351181017175,False,0,0,es,2062197392804331823,0,https://x.com/ScarFace2824/status/2062197392804331823,reply-archive,
2062197045708894358,2026-06-03 15:37:44+00:00,@Mart1Aarn Dimarco por izquierda y Palestra por derecha🔥,True,Mart1Aarn,2062196290247676013,False,1,0,es,2062197045708894358,0,https://x.com/ScarFace2824/status/2062197045708894358,reply-archive,
2062168017195119097,2026-06-03 13:42:23+00:00,"@elitelliZN Schloterbeck, Bastoni, Saliba pero yo si Gvardiol renueva iba a por Van de Ven ya que Bastoni lo han descartado parece.",True,elitelliZN,2062160738282541123,False,0,0,es,2062168017195119097,0,https://x.com/ScarFace2824/status/2062168017195119097,reply-archive,
2062150082204487907,2026-06-03 12:31:07+00:00,@pauuumartinezz Pedro Rodríguez o Orian Goren son ese perfil ya veremos si llegan al nivel para ser suplentes de Pedri.,True,pauuumartinezz,2062132771556864460,False,3,0,es,2062150082204487907,0,https://x.com/ScarFace2824/status/2062150082204487907,reply-archive,
2062122026983137621,2026-06-03 10:39:38+00:00,@ShadowMonarch23 Liada como tenga bien la pierna.,True,ShadowMonarch23,2062110838702379334,False,0,0,es,2062122026983137621,0,https://x.com/ScarFace2824/status/2062122026983137621,reply-archive,
2061955782724186349,2026-06-02 23:39:02+00:00,"@BlxckNews Seguramente no sea el mejor ejemplo, pero hay veces que hay que arriesgar porque sino te quedas sin, y hay perfiles como Diomande o Palestra que con lo jovenes que son los amortizas sin problema y potenciarian a Lamine liberandole de marcas.",True,ScarFace2824,2061934566068129897,False,0,0,es,2061934566068129897,0,https://x.com/ScarFace2824/status/2061955782724186349,reply-archive,
2061944182118248650,2026-06-02 22:52:56+00:00,"@Dylan_AK11 @BlxckNews En Brasil... 
Los otros tampoco han empezado a jugar hoy, llevan tiempo haciendolo bien pero hay una temporada donde explotan y es cuando sube el precio y te tienes que arriesgar porque sino los pierdes.",True,Dylan_AK11,2061942383013421292,False,0,0,es,2061944182118248650,0,https://x.com/ScarFace2824/status/2061944182118248650,reply-archive,
2061940463909663121,2026-06-02 22:38:10+00:00,@ShadowMonarch23 Ida de olla. Ninguno vale eso.,True,ShadowMonarch23,2061931840991002956,False,0,0,es,2061940463909663121,0,https://x.com/ScarFace2824/status/2061940463909663121,reply-archive,
2061939968998596873,2026-06-02 22:36:12+00:00,"@Dylan_AK11 @BlxckNews El argumento es el mismo, un jugador joven que irrumpe en una buena temporada, encima en la liga brasileña, estos lo están haciendo en las mejores ligas.",True,Dylan_AK11,2061935659632259578,False,0,0,es,2061939968998596873,0,https://x.com/ScarFace2824/status/2061939968998596873,reply-archive,
2061939629297664167,2026-06-02 22:34:51+00:00,"@elitelliZN Por eso, no te parece buena opción? Raro que ni se plantee en el entorno Barça.",True,elitelliZN,2061939017101263302,False,0,0,es,2061939629297664167,0,https://x.com/ScarFace2824/status/2061939629297664167,reply-archive,
2061934566068129897,2026-06-02 22:14:44+00:00,@BlxckNews A ver que nosotros nos dejamos la pasta en un Neymar por una temporada en el futbol brasileño,True,BlxckNews,2061925762207244483,False,1,0,es,2061934566068129897,0,https://x.com/ScarFace2824/status/2061934566068129897,reply-archive,
2061914091652841709,2026-06-02 20:53:22+00:00,@elitelliZN Konrad Laimer que acaba contrato?,True,elitelliZN,2061898622828978447,False,0,0,es,2061914091652841709,0,https://x.com/ScarFace2824/status/2061914091652841709,reply-archive,
2061906093396160943,2026-06-02 20:21:35+00:00,@Winstontupadre Palestra y Konrad Laimer,True,Pizzi_Macanudo,2061881902739464297,False,1,0,es,2061906093396160943,0,https://x.com/ScarFace2824/status/2061906093396160943,reply-archive,
2061905403781259314,2026-06-02 20:18:51+00:00,"@Blayasensat Central izquierdo/ lateral izquierdo defensivo: Bastoni -&gt; Van de Ven/ Gvardiol. 

Lateral derecho ofensivo: Palestra o Konrad Laimer

Delantero: Kane -&gt; Diomande -&gt; Asllani -&gt; Woltemade",True,Blayasensat,2061900823957835983,False,0,0,es,2061905403781259314,0,https://x.com/ScarFace2824/status/2061905403781259314,reply-archive,
2061895226482889036,2026-06-02 19:38:24+00:00,@BlxckNews Gvardiol/ Van de Ven + Palestra y tienes a Eric cubriendo todas las posiciones,True,BlxckNews,2061885043543269821,False,0,0,es,2061895226482889036,0,https://x.com/ScarFace2824/status/2061895226482889036,reply-archive,
2061880502534001077,2026-06-02 18:39:54+00:00,@10InfoBlaugrana Intercambio limpio por Julián y salen ganando que la clausula de Ferran es de 1000M y la de Julian de 500M,True,10InfoBlaugrana,2061870462045659447,False,63,0,es,2061880502534001077,0,https://x.com/ScarFace2824/status/2061880502534001077,reply-archive,
2061854706301902995,2026-06-02 16:57:24+00:00,@Mart1Aarn Ojala sea para negociar mejor su salida,True,Mart1Aarn,2061853711228457117,False,1,0,es,2061854706301902995,0,https://x.com/ScarFace2824/status/2061854706301902995,reply-archive,
2061829660200022026,2026-06-02 15:17:52+00:00,@Cule_Venenoso https://t.co/jEqHl3Ie2V,True,Cule_Venenoso,2061806459671732346,False,0,0,qme,2061829660200022026,1,https://x.com/ScarFace2824/status/2061829660200022026,reply-archive,
2061824922200969679,2026-06-02 14:59:02+00:00,@Mart1Aarn Como lo encajarias tras el fichaje de Gordon y si encima viene un nueve?,True,Mart1Aarn,2061823942650658856,False,0,0,es,2061824922200969679,0,https://x.com/ScarFace2824/status/2061824922200969679,reply-archive,
2061798510215708687,2026-06-02 13:14:05+00:00,"@Winstontupadre No tiene ni idea, no?",True,Pizzi_Macanudo,2061787398548210125,False,0,0,es,2061798510215708687,0,https://x.com/ScarFace2824/status/2061798510215708687,reply-archive,
2061771083707978063,2026-06-02 11:25:06+00:00,@FCBAinhoa Yo con Gvardiol lo usaria como se usa a Kounde de lateral defensivo pero por izquierda y le das a Lamine un lateral ofensivo que le permita meterse por dentro como Palestra. Para el 9 vendria bien un perfil alternativo como Asllani y apostar por Gistau y Hamza.,True,EspacioBarca,2061758222873014750,False,1,0,es,2061771083707978063,0,https://x.com/ScarFace2824/status/2061771083707978063,reply-archive,
2092700667500810620,2026-08-26 19:48:14+00:00,@Padremany1 Yo creo que está incluso más baja y es Lukeba. Para el aficionado común y casual twitter Barça son frikis,True,Padremany1,2092696837362684054,False,5,0,es,2092700667500810620,0,https://x.com/ScarFace2824/status/2092700667500810620,reply-archive,
2092691812469096584,2026-08-26 19:13:03+00:00,"@Padremany1 Y sin vender a Balde, Kounde o De Jong. Como en los proximos años nos de por vender también a Olmo y Raphinha en los proximos años...",True,Padremany1,2092690726899589121,False,0,0,es,2092691812469096584,0,https://x.com/ScarFace2824/status/2092691812469096584,reply-archive,
2092689104316092427,2026-08-26 19:02:17+00:00,@dembelismo99_ Dudo que Julián vuelva a la premier. 1 por su família. 2 ahí ya lo ha ganado todo,True,dembelismo99_,2092656859001847969,False,1,0,es,2092689104316092427,0,https://x.com/ScarFace2824/status/2092689104316092427,reply-archive,
2092688513670271483,2026-08-26 18:59:56+00:00,@RevenRV Los jugadores quieren quedarse en España y encima mantienes el 50% de un jugador con potencial,True,RevenRV,2092619091785707765,False,0,0,es,2092688513670271483,0,https://x.com/ScarFace2824/status/2092688513670271483,reply-archive,
2092602576143278332,2026-08-26 13:18:27+00:00,"@dembelismo99_ Hasta enero, si. 
Para entonces tienes Julián con 4 meses de incendio. Kroupi que habrá vuelto de lesión. Y rezar para que Tresoldi no haya salido.",True,dembelismo99_,2092597956272615827,False,0,0,es,2092602576143278332,0,https://x.com/ScarFace2824/status/2092602576143278332,reply-archive,
2092598386377527356,2026-08-26 13:01:48+00:00,"@SpidyAtletico 1️⃣Real Sociedad es rival directo del Atletico y Albacete del Real Madrid

2️⃣ Justo, queríamos a Hjulmand y nos hemos tenido que conformar con Rodri

3️⃣Ya ves a quien le está importando el mundial 50M y seguís tiesos

4️⃣ Leicester rival directo del Mancester City

Este es el nivel",True,SpidyAtletico,2092577732731302269,False,0,0,es,2092598386377527356,0,https://x.com/ScarFace2824/status/2092598386377527356,reply-archive,
2092562823322759628,2026-08-26 10:40:29+00:00,@bxrca1899 Ojalá,True,bxrca1899,2092550125595844686,False,0,0,es,2092562823322759628,0,https://x.com/ScarFace2824/status/2092562823322759628,reply-archive,
2092562075771867548,2026-08-26 10:37:31+00:00,"@UNIVERSO_1899 Es lo que debe pasar, hay que llegar a enero con Julián devaluado y que nos cueste menos dinero.
Espero que con Casado y Fort se genere FPF para Lukeba y Salinas.
Y que con una venta de Koundé puedas sacar para clausular a Pubill después de cerrar a Julián.
Si quieren rivalidad..",True,UNIVERSO_1899,2092295822914248929,False,0,0,es,2092562075771867548,0,https://x.com/ScarFace2824/status/2092562075771867548,reply-archive,
2092554440779731306,2026-08-26 10:07:11+00:00,@dembelismo99_ Entonces hay que vender a Koundé,True,dembelismo99_,2092549957727236545,False,0,0,es,2092554440779731306,0,https://x.com/ScarFace2824/status/2092554440779731306,reply-archive,
2092554153390211191,2026-08-26 10:06:02+00:00,@FCBInformatiu @FabrizioRomano Fuck,True,FCBInformatiu,2092547011656503448,False,0,0,en,2092554153390211191,0,https://x.com/ScarFace2824/status/2092554153390211191,reply-archive,
2092553601998545115,2026-08-26 10:03:51+00:00,"@pedro_morata @Atleti @realmadrid 1 En que momento se ha empezado a equiparar la rivalidad de Barça con el Real Madrid con la del Atletico? Nada que ver. 
2 https://t.co/lDpluafRDu",True,pedro_morata,2092547782863155550,False,1437,24,es,2092553601998545115,1,https://x.com/ScarFace2824/status/2092553601998545115,reply-archive,
2092539594281558306,2026-08-26 09:08:11+00:00,@Torren__ https://t.co/8oe7aWI8XQ,True,Torren__,2092524641709408630,False,3,0,qme,2092539594281558306,1,https://x.com/ScarFace2824/status/2092539594281558306,reply-archive,
2092538931971600466,2026-08-26 09:05:33+00:00,@ShadowMonarch23 Para eso ya tienes a Hamza,True,ShadowMonarch23,2092537381811356041,False,1,0,es,2092538931971600466,0,https://x.com/ScarFace2824/status/2092538931971600466,reply-archive,
2092511571826061481,2026-08-26 07:16:50+00:00,@gusfop @pranav_m28 @alexdelmas10 @aPartidoUnico @Vettaverso @NealGardner_ @Doctor_Futbol @moh19si_ @GloboIcaro @LaMasiaDe1899 @SocBlaugranaFC @The1899FCB https://t.co/4ovlssNRpO,True,gusfop,2092381882545496535,False,1,0,qme,2092511571826061481,1,https://x.com/ScarFace2824/status/2092511571826061481,reply-archive,
2092249853724131380,2026-08-25 13:56:51+00:00,@Padremany1 Por eso urgen las salidas https://t.co/j5Vrar1qIK,True,Padremany1,2092245954543952161,False,0,0,es,2092249853724131380,1,https://x.com/ScarFace2824/status/2092249853724131380,reply-archive,
2092249487678803999,2026-08-25 13:55:24+00:00,"@BlasterAlex Es lo que tiene el monopolio de la fuerza, pero solo saltamos cuando nos pasa a nosotros",True,BlasterAlex,2092196070721810766,False,1,0,es,2092249487678803999,0,https://x.com/ScarFace2824/status/2092249487678803999,reply-archive,
2092247373854503243,2026-08-25 13:47:00+00:00,"HISTÓRICO
como en un mismo año 26/27 el putísimo @Deco20oficial tenga los huevos de llevar a cabo estas Llegadas y Salidas. https://t.co/BMPd28ip8a https://t.co/Pscf3IVo3q",False,,,False,0,0,es,2092247373854503243,2,https://x.com/ScarFace2824/status/2092247373854503243,standalone-archive,
2092244736576790740,2026-08-25 13:36:31+00:00,"@gxldeadam 100%
Solo añadiria una cosa. 
Entendiendo que Julián no ha dependido de las ventas. Saliendo Balde fichas a Lukeba + Salinas. 
Tresoldi por Ferran. 
En enero tanto si es Kroupi como si ya has cerrado a Julián, con lo que saques por Koundé, clausulas a Pubill. 
Rivalidad de verdad https://t.co/oc4tTX6n4s",True,gxldeadam,2091959957889413570,False,0,0,es,2092244736576790740,2,https://x.com/ScarFace2824/status/2092244736576790740,reply-archive,
2092242826847260880,2026-08-25 13:28:56+00:00,"@Padremany1 Las 2.
En enero Julián valdrá menos de 100M
Como pasó con Joao Felix
Se tienen que dar las salidas que faltan
Balde, Casado, Fort y Koundé",True,Padremany1,2092212615699169515,False,0,0,es,2092242826847260880,0,https://x.com/ScarFace2824/status/2092242826847260880,reply-archive,
2092242495195263044,2026-08-25 13:27:37+00:00,@_AdrianSnchz Solo con salidas adecuadas puede ser 10/10 https://t.co/uGbxQQhfWX,True,_AdrianSnchz,2092212395779211505,False,1,0,es,2092242495195263044,2,https://x.com/ScarFace2824/status/2092242495195263044,reply-archive,
2061768766032109805,2026-06-02 11:15:54+00:00,"@Mart1Aarn Obviamente se irán permutando dentro del mismo partido pero yo optaría por Raphinha izquierda y Gordon derecha si Lamine juega por dentro, para atacar espacios y finalizar con tiros cruzados, si juegan a pierna cambiada y tienden hacia dentro se puede acabar chocando con Lamine.",True,Mart1Aarn,2061767308838584443,False,0,0,es,2061768766032109805,0,https://x.com/ScarFace2824/status/2061768766032109805,reply-archive,
2061767839619407874,2026-06-02 11:12:13+00:00,"@d_deix @diazzzreyes Si lo dices por él puede jugar por izquierda pero normalmente juega en derecha, lo que potenciaria a Lamine. Si lo dices por el Barça yo pienso que deberiamos tener un perfil defensivo y ofensivo en cada banda. Gvardiol/ Van de Ven + Cancelo y Palestra/ Fort/ Espart + Eric",True,d_deix,2061766338675106140,False,1,0,es,2061767839619407874,0,https://x.com/ScarFace2824/status/2061767839619407874,reply-archive,
2061757358833844336,2026-06-02 10:30:34+00:00,@Mart1Aarn Gvardiol como lateral izquierdo defensivo + Palestra lateral derecho ofensivo,True,Mart1Aarn,2061737286312608022,False,1,0,es,2061757358833844336,0,https://x.com/ScarFace2824/status/2061757358833844336,reply-archive,
2061737451354267656,2026-06-02 09:11:28+00:00,@NealGardner_ https://t.co/a8GZoxvhUm,True,NealGardner_,2061731578611417517,False,0,0,qme,2061737451354267656,1,https://x.com/ScarFace2824/status/2061737451354267656,reply-archive,
2061737340163309934,2026-06-02 09:11:01+00:00,@diazzzreyes Palestra y Eric Garcia,True,diazzzreyes,2061715739782848794,False,2,0,es,2061737340163309934,0,https://x.com/ScarFace2824/status/2061737340163309934,reply-archive,
2061731192857047225,2026-06-02 08:46:36+00:00,@DataMB_ @Mart1Aarn lo que hubiera sido...,True,DataMB_,2061720221019435228,False,0,0,es,2061731192857047225,0,https://x.com/ScarFace2824/status/2061731192857047225,reply-archive,
2061717289351692533,2026-06-02 07:51:21+00:00,"@gusfop Fermín vale, pero Olmo?",True,gusfop,2061689576792465680,False,0,0,es,2061717289351692533,0,https://x.com/ScarFace2824/status/2061717289351692533,reply-archive,
2061716451724050533,2026-06-02 07:48:01+00:00,@RodriigolAtM Ni escribir sabéis.,True,RodriigolAtM,2061506931802386797,False,0,0,es,2061716451724050533,0,https://x.com/ScarFace2824/status/2061716451724050533,reply-archive,
2061711458887422426,2026-06-02 07:28:11+00:00,@davidpadin7772 @FutDestrangis La clausula o nada,True,davidpadin7772,2061559399554994669,False,0,0,ca,2061711458887422426,0,https://x.com/ScarFace2824/status/2061711458887422426,reply-archive,
2061631567336820849,2026-06-02 02:10:43+00:00,@Juandur83972441 @Mart1Aarn Vaya ejemplo...,True,Juandur83972441,2061626199449739711,False,0,0,es,2061631567336820849,0,https://x.com/ScarFace2824/status/2061631567336820849,reply-archive,
2061544481317376400,2026-06-01 20:24:40+00:00,"@paurobles00 @sirfcb_ Con la apuesta que ha hecho el club por él, Gordon se va a repartir mucho los minutos con Raphinha. Y yo me huelo una vuelta al 433 con lo que Fermín puede ocupar posiciones de ataque como ya ha hecho esta temporada en muchos partidos.",True,paurobles00,2061538763923235131,False,1,0,es,2061544481317376400,0,https://x.com/ScarFace2824/status/2061544481317376400,reply-archive,
2061529613805711691,2026-06-01 19:25:35+00:00,@appiecule https://t.co/RyFYjD8qGb,True,appiecule,2061476406954266748,False,0,0,qme,2061529613805711691,0,https://x.com/ScarFace2824/status/2061529613805711691,reply-archive,
2061528892842574119,2026-06-01 19:22:44+00:00,@appiecule Si,True,appiecule,2061476406954266748,False,0,0,und,2061528892842574119,0,https://x.com/ScarFace2824/status/2061528892842574119,reply-archive,
2061520242308698491,2026-06-01 18:48:21+00:00,"@sirfcb_ Si lamine juega de falso 9, Gordon juega en derecha y Raphinha en izquierda para atacar espacios y finalizar con tiros cruzados, de otra manera se acabaran chocando y jugaremos sin profundidad y mucho más planos.",True,sirfcb_,2061519282584900081,False,1,0,es,2061520242308698491,0,https://x.com/ScarFace2824/status/2061520242308698491,reply-archive,
2061507189294969112,2026-06-01 17:56:29+00:00,@Mart1Aarn Lo mismo con Diomande,True,Mart1Aarn,2061505773117600098,False,4,0,es,2061507189294969112,0,https://x.com/ScarFace2824/status/2061507189294969112,reply-archive,
2061448286347629057,2026-06-01 14:02:25+00:00,@FabrizioRomano Barça?,True,FabrizioRomano,2061447456504590827,False,0,0,es,2061448286347629057,0,https://x.com/ScarFace2824/status/2061448286347629057,reply-archive,
2061448218395759010,2026-06-01 14:02:09+00:00,@FabrizioRomano Precio?,True,FabrizioRomano,2061447456504590827,False,0,0,es,2061448218395759010,0,https://x.com/ScarFace2824/status/2061448218395759010,reply-archive,
2061446547540168984,2026-06-01 13:55:31+00:00,@10InfoBlaugrana Fuente?,True,10InfoBlaugrana,2061432576863318398,False,0,0,es,2061446547540168984,0,https://x.com/ScarFace2824/status/2061446547540168984,reply-archive,
2061446433157321205,2026-06-01 13:55:04+00:00,@ShadowMonarch23 Liada,True,ShadowMonarch23,2061433862995988904,False,0,0,es,2061446433157321205,0,https://x.com/ScarFace2824/status/2061446433157321205,reply-archive,
2061435674515939785,2026-06-01 13:12:19+00:00,@RoyAstur El año que viene te sale a mitad de precio,True,RoyNaldinhoR10,2061426858030236048,False,0,0,es,2061435674515939785,0,https://x.com/ScarFace2824/status/2061435674515939785,reply-archive,
2061422009901367504,2026-06-01 12:18:01+00:00,"@gxldeadam Si se ficha un central, Cucurella espera 1 año y sale a mitad de precio",True,gxldeadam,2061418714172358723,False,0,0,es,2061422009901367504,0,https://x.com/ScarFace2824/status/2061422009901367504,reply-archive,
2061421653121290485,2026-06-01 12:16:36+00:00,"@alva_ptz @LordbzB Yo ya lo veo demasiado, si se supera los 100 que sea si nos quitan algún jugador de encima. 
70 + Ferran
90 + Casado
100 + Araujo
Algo así",True,alva_ptz,2061417909990162766,False,0,0,es,2061421653121290485,0,https://x.com/ScarFace2824/status/2061421653121290485,reply-archive,
2061387721612922980,2026-06-01 10:01:46+00:00,@Mart1Aarn Viendo las buenas relaciones con el Newcastle y siguiendo els valors del club deberíamos hacerles el favor de quitarles de encima el problema que tienen con Woltemade,True,Mart1Aarn,2061385214518084072,False,0,0,es,2061387721612922980,0,https://x.com/ScarFace2824/status/2061387721612922980,reply-archive,
2061360398264099307,2026-06-01 08:13:11+00:00,@andresweiss_ No se confia en Woltemade? Ni tu que eras su gran defensor?,True,andresweiss_,2061177430392365482,False,0,0,es,2061360398264099307,0,https://x.com/ScarFace2824/status/2061360398264099307,reply-archive,
2061358159835382073,2026-06-01 08:04:18+00:00,"@LordbzB Mi pregunta es hasta que precio vamos a subir habiendo otras opciones, puedo estar de acuerdo en que la de Julián es la que más encaja pero a cualquier precio? https://t.co/hMdp9ou0H7",True,LordbzB,2061344083663081687,False,3,0,es,2061358159835382073,1,https://x.com/ScarFace2824/status/2061358159835382073,reply-archive,
2061188997594951846,2026-05-31 20:52:06+00:00,@ShadowMonarch23 Quizás los que dicen que Diomande es un espejismo deberian replantearse las cosas,True,ShadowMonarch23,2061179775511605672,False,0,0,es,2061188997594951846,0,https://x.com/ScarFace2824/status/2061188997594951846,reply-archive,
2061177859436151158,2026-05-31 20:07:51+00:00,@Mart1Aarn Nunca seremos favoritos en una competición donde a Nuno no le pitan penalti por acciones que si fueran del Barça les sacarian roja.,True,Mart1Aarn,2061176031927476513,False,8,1,es,2061177859436151158,0,https://x.com/ScarFace2824/status/2061177859436151158,reply-archive,
2061129466491936926,2026-05-31 16:55:33+00:00,@ShadowMonarch23 Romero?,True,ShadowMonarch23,2061123736946827583,False,0,0,es,2061129466491936926,0,https://x.com/ScarFace2824/status/2061129466491936926,reply-archive,
2061123485909360878,2026-05-31 16:31:47+00:00,"@dembelismo99_ Gvardiol, Van de Ven...",True,dembelismo99_,2061111812620206141,False,0,0,nl,2061123485909360878,0,https://x.com/ScarFace2824/status/2061123485909360878,reply-archive,
2061106445018390927,2026-05-31 15:24:04+00:00,"@10InfoBlaugrana Por eso nunca hay que exigir la champions, hagamos lo que hagamos nunca vamos a poder superar el poder que tiene un arbitro sobre un partido. Cada decisión, un equipo puede hacer faltas y el otro no, tarjetas amarillas, perdidas de tiempo, expulsiones y penaltis. Imposible.",True,10InfoBlaugrana,2061039992395165995,False,1,0,es,2061106445018390927,0,https://x.com/ScarFace2824/status/2061106445018390927,reply-archive,
2060800162193146168,2026-05-30 19:07:01+00:00,"@BlasterAlex Nasser Al-Khelaïfi es simultáneamente presidente del PSG, miembro del Comité Ejecutivo de la UEFA y presidente de beIN Media —uno de los mayores compradores de derechos de transmisión de la Champions — genera un evidente conflicto de intereses.",True,BlasterAlex,2060788601974145208,False,0,0,es,2060800162193146168,0,https://x.com/ScarFace2824/status/2060800162193146168,reply-archive,
2060798973548339393,2026-05-30 19:02:17+00:00,@dembelismo99_ Justo,True,dembelismo99_,2060792572365181144,False,0,0,en,2060798973548339393,0,https://x.com/ScarFace2824/status/2060798973548339393,reply-archive,
2060798844103807020,2026-05-30 19:01:46+00:00,@LxoMessismoFCB Al Khelaifi miembro ejecutivo de la UEFA,True,LxoMessismoFCB,2060788981923475691,False,0,0,es,2060798844103807020,0,https://x.com/ScarFace2824/status/2060798844103807020,reply-archive,
2060794914590294100,2026-05-30 18:46:10+00:00,@ArchivoVAR Lo de pedirle a chatGPT que intente justificar porque no es penalti ha llegado demasiado lejos...,True,ArchivoVAR,2060790131007668463,False,0,0,es,2060794914590294100,0,https://x.com/ScarFace2824/status/2060794914590294100,reply-archive,
2060790131519369592,2026-05-30 18:27:09+00:00,@dembelismo99_ Es muy facil cuando no te pitan nunca falta,True,dembelismo99_,2060781909857198096,False,2,0,es,2060790131519369592,0,https://x.com/ScarFace2824/status/2060790131519369592,reply-archive,
2060790044529418324,2026-05-30 18:26:48+00:00,@roxasorg13 Recuerda que el jefe del arbitro tambien lo es del psg,True,roxasorg13,2060788820178563281,False,0,0,es,2060790044529418324,0,https://x.com/ScarFace2824/status/2060790044529418324,reply-archive,
2060787140426911765,2026-05-30 18:15:16+00:00,@gxldeadam Al khelaifi,True,gxldeadam,2060774877393526912,False,0,0,in,2060787140426911765,0,https://x.com/ScarFace2824/status/2060787140426911765,reply-archive,
2060785257452818943,2026-05-30 18:07:47+00:00,@TheMavericK_YT Y habia gente que lo pedia por delante de eric en el mundial,True,TheMavericK_YT,2060775375634841690,False,1,0,es,2060785257452818943,0,https://x.com/ScarFace2824/status/2060785257452818943,reply-archive,
2060777048277201040,2026-05-30 17:35:10+00:00,@Torren__ Que partido estas viendo?,True,Torren__,2060761743819722874,False,0,0,es,2060777048277201040,0,https://x.com/ScarFace2824/status/2060777048277201040,reply-archive,
2060774214836039885,2026-05-30 17:23:54+00:00,@Mancuer91 Se nota que los jugadores del PSG y el arbitro comparten jefe,True,Mancuer91,2060766595182399685,False,0,0,es,2060774214836039885,0,https://x.com/ScarFace2824/status/2060774214836039885,reply-archive,
2060773039185268834,2026-05-30 17:19:14+00:00,@DjMaRiiO Ahora diremos que no fue mejor el PSG - Bayern,True,DjMaRiiO,2060770491254604020,False,0,0,es,2060773039185268834,0,https://x.com/ScarFace2824/status/2060773039185268834,reply-archive,
2060769259085590807,2026-05-30 17:04:13+00:00,@LaNuevaEraFCB_ Fuente?,True,LaNuevaEraFCB_,2060753100034712035,False,0,0,es,2060769259085590807,0,https://x.com/ScarFace2824/status/2060769259085590807,reply-archive,
2060767753976352929,2026-05-30 16:58:14+00:00,@dembelismo99_ Los 130 de Julián en él y Gordon de 9,True,dembelismo99_,2060751759220318563,False,0,0,es,2060767753976352929,0,https://x.com/ScarFace2824/status/2060767753976352929,reply-archive,
2060767576028831822,2026-05-30 16:57:31+00:00,@elitelliZN https://t.co/DUT2eZLrgR,True,elitelliZN,2060753940891730320,False,0,0,qme,2060767576028831822,1,https://x.com/ScarFace2824/status/2060767576028831822,reply-archive,
2060692488231256285,2026-05-30 11:59:09+00:00,@ShadowMonarch23 Decían lo mismo con Robert y al final por edad y que acababa contrato lo dejaron por 50. https://t.co/2s492ZUgG7,True,ShadowMonarch23,2060686879909986815,False,0,0,es,2060692488231256285,1,https://x.com/ScarFace2824/status/2060692488231256285,reply-archive,
2060685409579835529,2026-05-30 11:31:01+00:00,@dembelismo99_ https://t.co/UStkz7XqPd,True,dembelismo99_,2060677432001044743,False,0,0,qme,2060685409579835529,1,https://x.com/ScarFace2824/status/2060685409579835529,reply-archive,
2060660504184434858,2026-05-30 09:52:04+00:00,@RafoFCB @Padremany1 Piden lo mismo que el leipzig,True,RafoFCB,2060643740864123116,False,0,0,de,2060660504184434858,0,https://x.com/ScarFace2824/status/2060660504184434858,reply-archive,
2060622980779057531,2026-05-30 07:22:57+00:00,"@XDcomps 1 le sacas el problema de encima a nuestro club hermano Newcastle y fichas a Woltemade
2 Clausula 60M Harry Kane que acaba contrato en 1 año
3 Apuestas por Gordon de 9 y el dinero de Julian a Diomande",True,XDcomps,2060453462513782892,False,0,0,es,2060622980779057531,0,https://x.com/ScarFace2824/status/2060622980779057531,reply-archive,
2060617173463114173,2026-05-30 06:59:53+00:00,"@Padremany1 Los que ahora quieren a kroupi son que decian que no se puede pagar 100 por un tio de 20 años por hacer una buena temporada, pero si haces media entonces si.",True,Padremany1,2060555242631000097,False,3,0,es,2060617173463114173,0,https://x.com/ScarFace2824/status/2060617173463114173,reply-archive,
2060452052854026514,2026-05-29 20:03:45+00:00,@ShadowMonarch23 Es el momento,True,ShadowMonarch23,2060438558263943563,False,0,0,es,2060452052854026514,0,https://x.com/ScarFace2824/status/2060452052854026514,reply-archive,
2060450630079054241,2026-05-29 19:58:06+00:00,"@ShadowMonarch23 1 aprovechas las buenas relaciones con el Newcastle y les quitas el problema de encima de Woltemade
2 Kane por clausula de 60 y que acaba contrato en un año
3 apuestas por Gordon de 9 y la pasta de Julian en Diomande",True,ShadowMonarch23,2060444358478848231,False,0,0,es,2060450630079054241,0,https://x.com/ScarFace2824/status/2060450630079054241,reply-archive,
2060446983064543372,2026-05-29 19:43:36+00:00,@Mart1Aarn Aprovechando las buenas relaciones les quitamos el problema de Woltemade,True,Mart1Aarn,2060444643695685788,False,0,0,es,2060446983064543372,0,https://x.com/ScarFace2824/status/2060446983064543372,reply-archive,
2060443963996209421,2026-05-29 19:31:36+00:00,"@Mart1Aarn Si el patetico se enroca y julian es imposible, hacemos un gordon de 9 y la pasta de la araña en Diomande o vamos a por Kane o Woltemade",True,Mart1Aarn,2060443210711810205,False,1,0,es,2060443963996209421,0,https://x.com/ScarFace2824/status/2060443963996209421,reply-archive,
2060438682415288357,2026-05-29 19:10:37+00:00,@GallineroBlau O Kane/Woltemade o confiar en Gordon como 9 y te traes a Diomande con el dinero de Julian,True,GallineroBlau,2060432132460224698,False,1,0,es,2060438682415288357,0,https://x.com/ScarFace2824/status/2060438682415288357,reply-archive,
2060429304073187466,2026-05-29 18:33:21+00:00,@dembelismo99_ Kane no está a la altura?,True,dembelismo99_,2060421867492532510,False,0,0,es,2060429304073187466,0,https://x.com/ScarFace2824/status/2060429304073187466,reply-archive,
2060424794747646267,2026-05-29 18:15:26+00:00,@dembelismo99_ Diomande o Kane/Woltemade/Asllani,True,dembelismo99_,2060387581766811932,False,0,0,ca,2060424794747646267,0,https://x.com/ScarFace2824/status/2060424794747646267,reply-archive,
2060423755440984310,2026-05-29 18:11:18+00:00,@victorlozano73 Kane no tiene clausula de 60? Acaba contrato en un año,True,victorlozano73,2060405928097194055,False,0,0,es,2060423755440984310,0,https://x.com/ScarFace2824/status/2060423755440984310,reply-archive,
2060423652567347440,2026-05-29 18:10:54+00:00,@ShadowMonarch23 Kane por 60,True,ShadowMonarch23,2060407976612048927,False,0,0,tr,2060423652567347440,0,https://x.com/ScarFace2824/status/2060423652567347440,reply-archive,
2060381882429096240,2026-05-29 15:24:55+00:00,@dembelismo99_ No gusta Kane por 60?,True,dembelismo99_,2060357947675316538,False,0,0,es,2060381882429096240,0,https://x.com/ScarFace2824/status/2060381882429096240,reply-archive,
2060350263261618337,2026-05-29 13:19:16+00:00,@dembelismo99_ 100 fijos era mi máximo solo con cash. Por 60 tenemos a Kane.,True,dembelismo99_,2060337466171642139,False,0,0,es,2060350263261618337,0,https://x.com/ScarFace2824/status/2060350263261618337,reply-archive,
2060349601257754768,2026-05-29 13:16:39+00:00,"@Mart1Aarn Y esa temporada realmente no se gastó tanto, 160M. Una temporada más del Madrid con Xabi Alonso, Trent, Huijsen, Carreras y Mastantuono son unos 200.",True,Mart1Aarn,2060349079096287701,False,0,0,es,2060349601257754768,0,https://x.com/ScarFace2824/status/2060349601257754768,reply-archive,
2060324939161342418,2026-05-29 11:38:39+00:00,"@elitelliZN No es extrapolable. Pedri/Olmo arrastraban sobre todo lesiones musculares: ahí hábitos, fuerza y control de cargas sí reducen riesgo. Christensen viene de Aquiles + rotura parcial del LCA: tendón/ligamento ≠ músculo. Flick puede gestionarlo mejor, no “curarlo”.",True,elitelliZN,2060323727275868590,False,3,1,es,2060324939161342418,0,https://x.com/ScarFace2824/status/2060324939161342418,reply-archive,
2060322442006925494,2026-05-29 11:28:43+00:00,@gxldeadam Creo que Anthony Gordon en Brasil se llama Raphinha,True,gxldeadam,2060306936101212169,False,3,0,es,2060322442006925494,0,https://x.com/ScarFace2824/status/2060322442006925494,reply-archive,
2060322018889785634,2026-05-29 11:27:02+00:00,"@elitelliZN No se puede contar con Christensen, lo que gastas en Cucurella lo inviertes en Palestra y cambias de banda el rol de los laterales para potenciar a Lamine y Gvardiol o Van de Ven de lateral izquierdo defensivo como son ahora Kounde o Eric.",True,elitelliZN,2060318170427122140,False,2,0,es,2060322018889785634,0,https://x.com/ScarFace2824/status/2060322018889785634,reply-archive,
2060318332939628779,2026-05-29 11:12:24+00:00,@elitelliZN @Monroyyy_11 Es que seria financiar al Inter el fichaje de Palestra que es su relevo en joven.,True,elitelliZN,2060308364786053363,False,0,0,es,2060318332939628779,0,https://x.com/ScarFace2824/status/2060318332939628779,reply-archive,
2060318146154607040,2026-05-29 11:11:39+00:00,"@elitelliZN Ventas: Ferran, Kounde, Olmo, Balde: 240M
Compras: Gvardiol/Van de ven, Palestra, Cancelo, Asllani, Bernardo: 140M",True,elitelliZN,2060302829898645924,False,0,0,es,2060318146154607040,0,https://x.com/ScarFace2824/status/2060318146154607040,reply-archive,
2060317606402240600,2026-05-29 11:09:30+00:00,"@FCB_nenn Que? 50 + Olmo como mucho, para uno que tiene mercado en premier...",True,FCB_nenn,2060310150158725201,False,0,0,es,2060317606402240600,0,https://x.com/ScarFace2824/status/2060317606402240600,reply-archive,
2060315123923750985,2026-05-29 10:59:39+00:00,@dembelismo99_ Kane,True,dembelismo99_,2060305690330083500,False,0,0,no,2060315123923750985,0,https://x.com/ScarFace2824/status/2060315123923750985,reply-archive,
2060301981340651607,2026-05-29 10:07:25+00:00,@Somhiseremfcb Porque poner muchos y no 135? antiaura,True,Somhiseremfcb,2060298687654363601,False,1,0,es,2060301981340651607,0,https://x.com/ScarFace2824/status/2060301981340651607,reply-archive,
2060297531175661813,2026-05-29 09:49:44+00:00,@elitelliZN Nunca ha querido salir de Inglaterra,True,elitelliZN,2060264466118291702,False,0,0,es,2060297531175661813,0,https://x.com/ScarFace2824/status/2060297531175661813,reply-archive,
2060297287603982389,2026-05-29 09:48:46+00:00,"@BarcaUniversal Simplemente es cambiar de banda el lateral defensivo, en lugar de Kounde o Eric que sea Gvardiol, y potenciar a Lamine con un lateral ofensivo como Palestra para que coja posiciones interiores. Gordon ocuparia toda la banda izquierda con trabajo defensivo. https://t.co/rivNHUGlbI",True,BarcaUniversal,2060285769579905275,False,0,0,es,2060297287603982389,1,https://x.com/ScarFace2824/status/2060297287603982389,reply-archive,
2060294251200586205,2026-05-29 09:36:42+00:00,@Torren__ No,True,Torren__,2060274528131903924,False,0,0,und,2060294251200586205,0,https://x.com/ScarFace2824/status/2060294251200586205,reply-archive,
2060290070490313204,2026-05-29 09:20:05+00:00,"@ShadowMonarch23 No se, para mi como precio fijo deberia ser el maximo",True,ShadowMonarch23,2060282733935448459,False,0,0,es,2060290070490313204,0,https://x.com/ScarFace2824/status/2060290070490313204,reply-archive,
2060278265546186915,2026-05-29 08:33:11+00:00,@dembelismo99_ Uno zurdo,True,dembelismo99_,2060266438963708410,False,0,0,it,2060278265546186915,0,https://x.com/ScarFace2824/status/2060278265546186915,reply-archive,
2060267808575869249,2026-05-29 07:51:38+00:00,@BlastoporFCB Imagina que lo fichan porque ya saben que Van de Ven acaba en el Barça.,True,BlastoporFCB,2060262103546560964,False,0,0,es,2060267808575869249,0,https://x.com/ScarFace2824/status/2060267808575869249,reply-archive,
2060265721318248906,2026-05-29 07:43:20+00:00,"@illaszn_ @ShadowMonarch23 A saber como vuelve de la lesión, es peligroso...",True,zzzszn_,2060264979777949715,False,0,0,es,2060265721318248906,0,https://x.com/ScarFace2824/status/2060265721318248906,reply-archive,
2060261720233214215,2026-05-29 07:27:26+00:00,@ShadowMonarch23 Me falta un Palestra y que el lateral defensivo este año sea el izquierdo con Gvardiol o Van de Ven,True,ShadowMonarch23,2060228125967933487,False,0,0,es,2060261720233214215,0,https://x.com/ScarFace2824/status/2060261720233214215,reply-archive,
2060261573545885810,2026-05-29 07:26:51+00:00,"@BlxckNews Para ir a por dumfries, vas a por Palestra y no le financias al Inter el recambio de Dumfries por un más joven. Espero que hagan eso para permitir con un lateral ofensivo, que Lamine tome posiciones más interiores y cerrar con un lateral izquierdo defensivo como Gvardiol",True,BlxckNews,2060251494490800428,False,2,0,es,2060261573545885810,0,https://x.com/ScarFace2824/status/2060261573545885810,reply-archive,
2060258901296058406,2026-05-29 07:16:14+00:00,"@ShadowMonarch23 Por como están los Spurs, que fichan a Senesi en su posición y los guiños que ha tenido hacía el Barça, no es también factible Van de Ven?",True,ShadowMonarch23,2060217583148646661,False,1,0,es,2060258901296058406,0,https://x.com/ScarFace2824/status/2060258901296058406,reply-archive,
2060131861175660637,2026-05-28 22:51:25+00:00,@CanteranuFCB Hombre con Gerard Martin has patinado,True,CanteranuFCB,2059955533726056867,False,0,0,es,2060131861175660637,0,https://x.com/ScarFace2824/status/2060131861175660637,reply-archive,
2060130214718443529,2026-05-28 22:44:53+00:00,@OmarCL26115012 @sirfcb_ A ver como vuelve de la lesión para defender con 40 metros a la espalda.,True,Omarrc_38,2060127402336965006,False,0,0,es,2060130214718443529,0,https://x.com/ScarFace2824/status/2060130214718443529,reply-archive,
2060130063215972391,2026-05-28 22:44:17+00:00,@BlxckNews @alvarez_ro22381 Con la salida de Olmo te de para Palestra + Cancelo en los laterales y no dependes de Christensen que nunca está disponible para el suplente de Pau,True,BlxckNews,2060127564090245274,False,0,0,es,2060130063215972391,0,https://x.com/ScarFace2824/status/2060130063215972391,reply-archive,
2060126595533111742,2026-05-28 22:30:30+00:00,@dembelismo99_ Para esperar un año ya apuestas por Espart,True,dembelismo99_,2060122481969483808,False,0,0,es,2060126595533111742,0,https://x.com/ScarFace2824/status/2060126595533111742,reply-archive,
2060125041010831524,2026-05-28 22:24:19+00:00,"@CanteranuFCB Quizas un lateral ofensivo para potenciar a Lamine como Palestra, si no se confia ya en Espart y se busca un lateral que de apertura en banda para buscar centrar la posición de Lamine, Espart tiende más al interior.",True,CanteranuFCB,2060119124886344124,False,3,0,es,2060125041010831524,0,https://x.com/ScarFace2824/status/2060125041010831524,reply-archive,
2060124088241140106,2026-05-28 22:20:32+00:00,"@MaestroMelena Mi punto no es solo que en planificacion no encaja bien tanto por si se vuelve al 433 como por lo que se trae, lo que viene de la masia y pensando en Musiala en 2029/30, sino porque los bloques bajos te los encuentras en Liga y ya tienes equipo para ganarla, Olmo falla en UCL",True,MaestroMelena,2060115882848768318,False,0,0,es,2060124088241140106,0,https://x.com/ScarFace2824/status/2060124088241140106,reply-archive,
2060123552938868859,2026-05-28 22:18:24+00:00,"@sirfcb_ Yo no lo tengo tan claro, los dos son perfiles que encajan muy bien con el tipo de central que se busca y por el cual se ha descartado a Bastoni, que es el que yo hubiera traido.",True,sirfcb_,2060123151539777751,False,0,0,es,2060123552938868859,0,https://x.com/ScarFace2824/status/2060123552938868859,reply-archive,
2060123201301045466,2026-05-28 22:17:01+00:00,@dembelismo99_ De un madridista me fio 0. Espero que no sea una noticia para que si no se produce generar mal estar.,True,dembelismo99_,2060115619282829663,False,0,0,es,2060123201301045466,0,https://x.com/ScarFace2824/status/2060123201301045466,reply-archive,
2060122862434836504,2026-05-28 22:15:40+00:00,"@sirfcb_ Acaba contrato en 2028 igual que Van de Ven. Uno puede optar por salir tras la salida de Pep y el otro por estar en un club que ha peleado por la permanencia, sin Europa y que ya piensa en traer a Senesi en su posición.",True,sirfcb_,2060121269509451910,False,0,0,es,2060122862434836504,0,https://x.com/ScarFace2824/status/2060122862434836504,reply-archive,
2060117979111587857,2026-05-28 21:56:16+00:00,"@ReshadRahman @Benayadachraf Gracias. Después del descarte de Bastoni los nombres en defensa son Cancelo, Van de Ven/Gvardiol y Palestra.",True,ReshadRahman,2060114932323282982,False,0,0,es,2060117979111587857,0,https://x.com/ScarFace2824/status/2060117979111587857,reply-archive,
2060117463589658703,2026-05-28 21:54:13+00:00,"@sirfcb_ Depende de si se vuelve al 433 o no. Igualmente en planificación futuro es una de las ventas más interesantes teniendo en cuenta lo que se trae, lo que viene de la masía y pensando en cumplir el sueño de Musiala en 2029/30. Es una venta tipo Kounde, FDJ o Raphinha.",True,sirfcb_,2060114392830693793,False,1,0,es,2060117463589658703,0,https://x.com/ScarFace2824/status/2060117463589658703,reply-archive,
2060088272601194804,2026-05-28 19:58:13+00:00,@CristianGarrix_ Quizás en Pedri y Lamine?,True,CristianGarrix_,2060045414728945957,False,0,0,es,2060088272601194804,0,https://x.com/ScarFace2824/status/2060088272601194804,reply-archive,
2060088008200618137,2026-05-28 19:57:10+00:00,"@Winstontupadre Para Liga te da, luego vas a la champions o te enfrentas al Atm y pasa lo que pasa. Hay que ponerse a la altura de bayern, psg, arsenal... Con Van de Ven o Gvardiol después del descarte de Bastoni que es el que yo hubiera traido.",True,Pizzi_Macanudo,2060080236251734219,False,1,0,es,2060088008200618137,0,https://x.com/ScarFace2824/status/2060088008200618137,reply-archive,
2060080001240690930,2026-05-28 19:25:21+00:00,@Mart1Aarn Quien lo dice? Lastima lo de Flick con Fort,True,Mart1Aarn,2060075746215817646,False,0,0,es,2060080001240690930,0,https://x.com/ScarFace2824/status/2060080001240690930,reply-archive,
2060061529156825198,2026-05-28 18:11:57+00:00,@lluis7bou En champions sus numeros se explican siendo 4 contra el Qarabag y 5 de penalti.,True,ScarFace2824,2060061049202659656,False,0,0,es,2060061049202659656,0,https://x.com/ScarFace2824/status/2060061529156825198,reply-archive,
2060061049202659656,2026-05-28 18:10:02+00:00,@lluis7bou No creo que la de producir mucho con poco sea justo lo que más caracteriza a Gordon,True,lluis7bou,2060041307561603290,False,0,0,es,2060061049202659656,0,https://x.com/ScarFace2824/status/2060061049202659656,reply-archive,
2060060752728211807,2026-05-28 18:08:52+00:00,"@dembelismo99_ Seria lo normal despues de tantos años con Pep, pero se le ve muy ilusionado por venir al Barça y yo creo que se dejaria la piel y es el jugador perfecto para quitarle carga a Pedri como se quiere hacer con Gordon y Raphinha. Además viene siendo más joven que Gundogan.",True,dembelismo99_,2060047106174238762,False,0,0,es,2060060752728211807,0,https://x.com/ScarFace2824/status/2060060752728211807,reply-archive,
2060043151818080645,2026-05-28 16:58:55+00:00,@Mart1Aarn A lo Raphinha,True,Mart1Aarn,2060041316361240673,False,0,0,pt,2060043151818080645,0,https://x.com/ScarFace2824/status/2060043151818080645,reply-archive,
2060041922941530199,2026-05-28 16:54:02+00:00,"@Observer_fb Kounde, Casado, Olmo, Roony, Ter Stegen, Peña y los más jodidos Balde, Araujo, Ferran",True,Observer_fb,2059901171242832170,False,0,0,es,2060041922941530199,0,https://x.com/ScarFace2824/status/2060041922941530199,reply-archive,
2060041520821006351,2026-05-28 16:52:26+00:00,@NealGardner_ Gvardiol or Van de Ven?,True,NealGardner_,2060004572475633859,False,0,0,nl,2060041520821006351,0,https://x.com/ScarFace2824/status/2060041520821006351,reply-archive,
2060041360665657540,2026-05-28 16:51:48+00:00,@Aaronvalden77 Que traigan ya a Julián para que solo va a jugar en copa y que decida irse,True,Aaronvalden77,2060007935640559943,False,2,0,es,2060041360665657540,0,https://x.com/ScarFace2824/status/2060041360665657540,reply-archive,
2060032289526948079,2026-05-28 16:15:46+00:00,"@gusfop Gvardiol/ Van de Ven, Palestra, Cancelo y Bernardo",True,gusfop,2060006480430911917,False,0,0,es,2060032289526948079,0,https://x.com/ScarFace2824/status/2060032289526948079,reply-archive,
2060015922505474433,2026-05-28 15:10:43+00:00,"@planetabarcaa Yo me planteo que la llegada de Gordon para rotar con raphinha y futuro relevo, la no apuesta de Diomande puede ir encaminada a que cuando se vaya acercando el 2030 cumplamos el sueño de Musiala de traerla al Barça.",True,planetabarcaa,2059991960379674667,False,0,0,es,2060015922505474433,0,https://x.com/ScarFace2824/status/2060015922505474433,reply-archive,
2060015557714341891,2026-05-28 15:09:16+00:00,"@BlxckNews Para traer a cucurella prefiero un gvardiol o van de ven que pueda hacer de Kounde o eric por la izquierda para poder darle a Lamine un lateral ofensivo. Dumfries es cagada porque le financias el fichaje de su recambio más joven, Palestra.",True,BlxckNews,2060001010081304826,False,0,0,es,2060015557714341891,0,https://x.com/ScarFace2824/status/2060015557714341891,reply-archive,
2060009618026254744,2026-05-28 14:45:40+00:00,"@dembelismo99_ La defensa actual te sobra para la liga pero no me negarás que un gvardiol o un van de ven te pone a la altura de defensas como bayern, psg o arsenal. Que es lo que falta porque coincidiremos que la delantera si se la ponia en el top de Europa.",True,dembelismo99_,2060000722532381146,False,0,0,es,2060009618026254744,0,https://x.com/ScarFace2824/status/2060009618026254744,reply-archive,
2059993397184614863,2026-05-28 13:41:13+00:00,"@LaNuevaEraFCB_ Mas los porcentajes por reventa. 
Cancelo + Grimaldo + Palestra no lo veo y huele a salida de Olmo. Con ese dinero ir a por un central zurdo que te pueda actuar como lateral izquierdo defensivo, así encaja Palestra como ofensivo por derecha.",True,LaNuevaEraFCB_,2059967935335293324,False,0,0,es,2059993397184614863,0,https://x.com/ScarFace2824/status/2059993397184614863,reply-archive,
2059986966209282358,2026-05-28 13:15:40+00:00,@BarcelonaValor Gerard y araujo...,True,BarcelonaValor,2059971567543628169,False,0,0,fr,2059986966209282358,0,https://x.com/ScarFace2824/status/2059986966209282358,reply-archive,
2059976843831193750,2026-05-28 12:35:26+00:00,"@dariiculer No es suplente, viene a que Raphinha pueda hacer lo que ha hecho Dembelé en el PSG este año. Gestion de minutos y no llegar cargados a final de temporada. Falta Bernardo para hacer lo mismo con Pedri.",True,dariiculer,2059788257915990388,False,0,0,es,2059976843831193750,0,https://x.com/ScarFace2824/status/2059976843831193750,reply-archive,
2059976521763139732,2026-05-28 12:34:09+00:00,"@BarcelonaValor Dificil, pero ojalá. Sobretodo si no se quiere volver a 3 medios que es lo que yo haría.",True,BarcelonaValor,2059970373232349342,False,0,0,es,2059976521763139732,0,https://x.com/ScarFace2824/status/2059976521763139732,reply-archive,
2059958751960940860,2026-05-28 11:23:33+00:00,"@Mart1Aarn Aunque se puede dar algo así si fichas un LD ofensivo para potenciar a Lamine como Palestra, un central zurdo como Bastoni, Van de ven o gvardiol que te actue como LI defensivo como hacemos ahora con el derecho y Gordon ocupe la banda. Pero gestionaria a Raphinha y ponia 3 medios",True,Mart1Aarn,2059956196983922907,False,0,0,es,2059958751960940860,0,https://x.com/ScarFace2824/status/2059958751960940860,reply-archive,
2059958063142998046,2026-05-28 11:20:49+00:00,"@Mart1Aarn Mola, y si si?",True,Mart1Aarn,2059956196983922907,False,0,0,es,2059958063142998046,0,https://x.com/ScarFace2824/status/2059958063142998046,reply-archive,
2059952902307823766,2026-05-28 11:00:18+00:00,"@dembelismo99_ Y aunque no llegue a esas cifras lo que te aporta al equipo y al juego ya es más de lo que te da Rashford con sus cifras, que por fpf hubieran costado lo mismo, por no hablar de la cadena abde y jan.",True,dembelismo99_,2059944064661819758,False,1,0,es,2059952902307823766,0,https://x.com/ScarFace2824/status/2059952902307823766,reply-archive,
2059938281765138734,2026-05-28 10:02:12+00:00,"@dembelismo99_ Todo el verano para Gvardiol o Van de Ven
Ir cerrando Cancelo, Bernardo, Virgili
Y a vender!",True,dembelismo99_,2059928635713171725,False,0,0,es,2059938281765138734,0,https://x.com/ScarFace2824/status/2059938281765138734,reply-archive,
2059931095244644486,2026-05-28 09:33:39+00:00,"@Mart1Aarn Si cierra un Gvardiol o Van de Ven, los portugueses y hay ventas como Olmo, Kounde o Ferran 10/10
Aunque arriba me faltan perfiles como Virgili o Schjelderup y Asllani",True,Mart1Aarn,2059930215002816638,False,0,0,es,2059931095244644486,0,https://x.com/ScarFace2824/status/2059931095244644486,reply-archive,
2059929121707212977,2026-05-28 09:25:48+00:00,@ReshadRahman Dinero + Ferran/Olmo/Casado/Araujo pero que el pack no supere los 100M,True,ReshadRahman,2059928559704305849,False,0,0,es,2059929121707212977,0,https://x.com/ScarFace2824/status/2059929121707212977,reply-archive,
2059921811614191973,2026-05-28 08:56:46+00:00,"@Mart1Aarn No he visto un mercado así del Barça en mi vida, muchas operaciones.",True,Mart1Aarn,2059914960281440687,False,3,0,es,2059921811614191973,0,https://x.com/ScarFace2824/status/2059921811614191973,reply-archive,
2059921677941723174,2026-05-28 08:56:14+00:00,@dz13_79 @Mart1Aarn Entiendo que es gvardiol que es zurdo,True,dz13_79,2059917575371317716,False,2,0,es,2059921677941723174,0,https://x.com/ScarFace2824/status/2059921677941723174,reply-archive,
2059730811100786769,2026-05-27 20:17:47+00:00,@ReshadRahman Kane🏴󠁧󠁢󠁥󠁮󠁧󠁿 tiene descartado fichar por el Barça?,True,ScarFace2824,2059730543437135958,False,0,0,es,2059730543437135958,0,https://x.com/ScarFace2824/status/2059730811100786769,reply-archive,
2059730543437135958,2026-05-27 20:16:44+00:00,@ReshadRahman Something about Gvardiol🇭🇷 or Van de Ven🇳🇱 to Barça🔵🔴?,True,ReshadRahman,2059730070659588216,False,1,0,nl,2059730543437135958,0,https://x.com/ScarFace2824/status/2059730543437135958,reply-archive,
2059721961064862111,2026-05-27 19:42:37+00:00,"@Mart1Aarn No se lo que dirán con Huijsen o Mastantuono. Igualmente sin saber como va a rendir lo estamos sobrepagando, lo positivo es que siendo inglés, va a mantener precio en la premier por las normas de jugadores nacionales.",True,Mart1Aarn,2059717455518286206,False,0,0,es,2059721961064862111,0,https://x.com/ScarFace2824/status/2059721961064862111,reply-archive,
2059710601543274771,2026-05-27 18:57:29+00:00,"@elitelliZN Senesi quiere quedarse en Inglaterra, y probablemente sea el Tottenham, por lo que se podria apretar para traer a Van de Ven
Preocupa lo de Bernardo me preocupa porque seguramente signifique que no veremos 433 y con Gavi, FDJ, Bernal y Pedri + Masia esta cubierto el doble pivote",True,elitelliZN,2059704816612286603,False,0,0,es,2059710601543274771,0,https://x.com/ScarFace2824/status/2059710601543274771,reply-archive,
2059708863008387175,2026-05-27 18:50:35+00:00,"@CuentaMister Ostia, si con Ferran ya hay la sensación de ladrillos como pies cuando interviene en una circulación rápida, ni me imagino lo que podria ser Muriqi. Vaya criterio...",True,CuentaMister,2059681122661871998,False,0,0,es,2059708863008387175,0,https://x.com/ScarFace2824/status/2059708863008387175,reply-archive,
2059708316469641319,2026-05-27 18:48:24+00:00,"@ShadowMonarch23 Y vas a traer a Cancelo + Cucu? No me cuadra. 
Y Cuti si que no le veo sentido en Barça de Flick, mucho antes Van de Ven.",True,ShadowMonarch23,2059693091276124350,False,0,0,es,2059708316469641319,0,https://x.com/ScarFace2824/status/2059708316469641319,reply-archive,
2059707865267388694,2026-05-27 18:46:37+00:00,@ShadowMonarch23 Si? Pinta bien la Inglaterra de Tuchel?,True,ShadowMonarch23,2059699909561921762,False,0,0,es,2059707865267388694,0,https://x.com/ScarFace2824/status/2059707865267388694,reply-archive,
2059706357993873583,2026-05-27 18:40:37+00:00,"@dembelismo99_ Totalmente, hay que buscar ventas como Kounde, De Jong, Olmo y Raphinha, mientras mantienen su alto valor.",True,dembelismo99_,2059685009598840998,False,0,0,es,2059706357993873583,0,https://x.com/ScarFace2824/status/2059706357993873583,reply-archive,
2059706119543570517,2026-05-27 18:39:41+00:00,@elitelliZN Ninguna delantera con Messi es peor que esto.,True,elitelliZN,2059663772931776536,False,0,0,es,2059706119543570517,0,https://x.com/ScarFace2824/status/2059706119543570517,reply-archive,
2059705741707985118,2026-05-27 18:38:10+00:00,"@Mike_gironm @DiegoDav07 No es tan raro pensar en Diomande, cuando durante la temporada hemos ido diciendo que necesitabamos un perfil Lamine en la otra banda para que le libere de marcas, no otro Raphinha. 
Y no es tan descabellado decir que 70 es sobrepagar, aunque siendo inglés puede conservar precio.",True,Mike_gironm,2059704163575988461,False,0,0,es,2059705741707985118,0,https://x.com/ScarFace2824/status/2059705741707985118,reply-archive,
2059704100007104981,2026-05-27 18:31:39+00:00,"@JustPC30 @TheMavericK_YT Te dejo una tabla comparativa de Bastoni vs Gerard Martin ( en ese orden)
Donde puedes ver con percentiles el nivel de Bastoni en defensa y antes de que digas nada, fijate en los metros alejados de su porteria donde suelen realizar de media sus acciones defensivas. https://t.co/g4S8uoHP2i",True,JustPC30,2059699845611311352,False,1,0,es,2059704100007104981,1,https://x.com/ScarFace2824/status/2059704100007104981,reply-archive,
2059703476087652722,2026-05-27 18:29:10+00:00,@Mike_gironm @DiegoDav07 Se podrá decir que siendo un buen fichaje puedes preferir otras opciones o tampoco?,True,Mike_gironm,2059699256743645260,False,0,0,es,2059703476087652722,0,https://x.com/ScarFace2824/status/2059703476087652722,reply-archive,
2059683547422577121,2026-05-27 17:09:59+00:00,"@DiegoDav07 Claro, pero si no vamos a poder opinar solo porque Flick y Deco saben más, vamonos.",True,DiegoDav07,2059681750117437669,False,0,0,es,2059683547422577121,0,https://x.com/ScarFace2824/status/2059683547422577121,reply-archive,
2059683148619821435,2026-05-27 17:08:24+00:00,@JijantesFC En resposta a  Dongou: https://t.co/oU2ufqVo6s,True,JijantesFC,2059595357235888407,False,0,0,ca,2059683148619821435,1,https://x.com/ScarFace2824/status/2059683148619821435,reply-archive,
2059682058138435971,2026-05-27 17:04:04+00:00,@JijantesFC @lluiscarrasco Respondiendo a Lluís: https://t.co/2tOcq1mY0q,True,JijantesFC,2059599861784174965,False,0,0,es,2059682058138435971,1,https://x.com/ScarFace2824/status/2059682058138435971,reply-archive,
2059677939084460052,2026-05-27 16:47:42+00:00,"@sirfcb_ Siendo un fichaje que encaja perfecto en Barça Flick, y un mejor fichaje que Barcola, Leao o Rashford, no entiendo que con esa pasta no se pelee el fichaje de Diomande, habiendolo pedido Flick según BILD",True,sirfcb_,2059675645664198999,False,1,0,es,2059677939084460052,0,https://x.com/ScarFace2824/status/2059677939084460052,reply-archive,
2059661405024854241,2026-05-27 15:42:00+00:00,"@PaulinhCachondo @TheMavericK_YT Confio en Gerard Martin, igual que en Lewandoswki, Rashford etc pero creo que para ganarlo todo hay que pasar a un siguiente nivel y Bastoni te eleva en defensa pero sobretodo en ataque que es top 1 en pase y en conducción. Y cuando atacas mejor, defiendes mejor.",True,PaulinhCachondo,2059660485667008744,False,1,0,es,2059661405024854241,0,https://x.com/ScarFace2824/status/2059661405024854241,reply-archive,
2059660225225838696,2026-05-27 15:37:18+00:00,@FCB_nenn Siguientes ventas Kounde y De Jong,True,FCB_nenn,2059656046428184864,False,0,0,es,2059660225225838696,0,https://x.com/ScarFace2824/status/2059660225225838696,reply-archive,
2059659472398594426,2026-05-27 15:34:19+00:00,"@PaulinhCachondo @TheMavericK_YT Si claro pero asi con todos, en algún momento Julián va a tener que bajar balones y jugar de espaldas cuando no lo haga va a ser una mierda de fichaje por 120. No se puede hacer análisis así.",True,PaulinhCachondo,2059658845463388601,False,0,0,es,2059659472398594426,0,https://x.com/ScarFace2824/status/2059659472398594426,reply-archive,
2059658180586594795,2026-05-27 15:29:11+00:00,"@anelo09 @elitelliZN No es por contextos, es por la finura en el ultimo pase y definicion",True,anelo09,2059657873009873401,False,0,0,es,2059658180586594795,0,https://x.com/ScarFace2824/status/2059658180586594795,reply-archive,
2059658035081920855,2026-05-27 15:28:36+00:00,@GxlDePaulinho Cuando en su momento queria a Diomande nadie le hacia caso ahora está por delante incluso que Deco,True,GxlDePaulinho,2059651381946982503,False,0,0,es,2059658035081920855,0,https://x.com/ScarFace2824/status/2059658035081920855,reply-archive,
2059657427922907623,2026-05-27 15:26:12+00:00,@ImNotJowi 7,True,ImNotJowi,2059644240674668964,False,0,0,und,2059657427922907623,0,https://x.com/ScarFace2824/status/2059657427922907623,reply-archive,
2059649012714635475,2026-05-27 14:52:45+00:00,@RevenRV Es lo máximo que ofreceria y ya estamos sobrepagando.,True,RevenRV,2059643925007155525,False,0,0,es,2059649012714635475,0,https://x.com/ScarFace2824/status/2059649012714635475,reply-archive,
2059648611391099166,2026-05-27 14:51:10+00:00,"@FCB_nenn Su precio no es por rendimiento, sino por su temporada tendria que haber bajado, sino por nombre. Espero que el Barça haga lo mismo con Kounde y no lo regale.",True,FCB_nenn,2059640034446196819,False,0,0,es,2059648611391099166,0,https://x.com/ScarFace2824/status/2059648611391099166,reply-archive,
2059646518433284600,2026-05-27 14:42:51+00:00,"@jackross0007 @dembelismo99_ Ahora kvara no regatea lo que se llega a decir... 
Sin perfiles como Lamine los Raphinha, Gordon, Fermin, Ferran no se generan espacios a los que atacar, y solo tenemos 1 de ese perfil de atacar espacios muchos.",True,jackross0007,2059644674776641633,False,0,0,es,2059646518433284600,0,https://x.com/ScarFace2824/status/2059646518433284600,reply-archive,
2059646055365366157,2026-05-27 14:41:00+00:00,"@PaulinhCachondo @TheMavericK_YT No todo son balones a la espalda, en el Barça se defiende hacia adelante y Bastoni en el inter defiende más alto que el Barça. 
Comparativa Bastoni vs Gerard Martin: https://t.co/AqeVTttARk",True,PaulinhCachondo,2059642273843888166,False,0,0,es,2059646055365366157,1,https://x.com/ScarFace2824/status/2059646055365366157,reply-archive,
2059640985194225924,2026-05-27 14:20:51+00:00,"@JustPC30 @TheMavericK_YT No se porque lo dices, como crees que defiende el inter?",True,JustPC30,2059640229397446787,False,0,0,es,2059640985194225924,0,https://x.com/ScarFace2824/status/2059640985194225924,reply-archive,
2059634127725265384,2026-05-27 13:53:36+00:00,@TheMavericK_YT Olvidamos muy rápido la importancia de los centrales en la construcción y lo potente que seria Bastoni alimentando con pases largos a Gordon o Julián,True,TheMavericK_YT,2059629693859438802,False,2,0,es,2059634127725265384,0,https://x.com/ScarFace2824/status/2059634127725265384,reply-archive,
2059633753417273582,2026-05-27 13:52:07+00:00,"@ShadowMonarch23 1 Depende de las salidas: Olmo, Raphinha, Ferran
2 sigo pensando que un central es necesario Bastoni o Van de Ven
3 perfiles repetidos arriba: hay que fichar suplentes que te den alternativas Schjelderup y Asllani. 
4 Vendes a De Jong por Bernardo o Kee S
Pero firmamos",True,ShadowMonarch23,2059629006706692375,False,0,0,es,2059633753417273582,0,https://x.com/ScarFace2824/status/2059633753417273582,reply-archive,
2059631880606019930,2026-05-27 13:44:41+00:00,"@Mart1Aarn Si llega Gordon yo espero una salida. Ya sea que vuelven las ofertas por Raphinha, Olmo a la premier o se incluya a Ferran en la operacion Ferran. Pero tendríamos que traer perfiles distintos como Schjelderup o Asllani para los suplentes.",True,Mart1Aarn,2059622335175336077,False,0,0,es,2059631880606019930,0,https://x.com/ScarFace2824/status/2059631880606019930,reply-archive,
2059631436739571817,2026-05-27 13:42:55+00:00,@ShadowMonarch23 Su valor de mercado es 60. Lo suyo es 60+15 pero ya de base sobrepagar jugadores cuando estamos siempre vendiendo por debajo de mercado a los nuestros es de seguir siendo retrasados,True,ShadowMonarch23,2059589850563543399,False,0,0,es,2059631436739571817,0,https://x.com/ScarFace2824/status/2059631436739571817,reply-archive,
2059631134141518052,2026-05-27 13:41:43+00:00,"@AATI_02 Enserio decir  ""90M por Gordon es una animalada"" lo ves mal?",True,AATI_02,2059585770940182607,False,0,0,es,2059631134141518052,0,https://x.com/ScarFace2824/status/2059631134141518052,reply-archive,
2059624204085956895,2026-05-27 13:14:10+00:00,@Mart1Aarn Yo creo que Gordon viene a que Raphinha pueda llegar sin tanta carga a final de temporada y gestionar sus minutos como ha hecho Dembelé no ha quitarle el puesto a Fermin,True,Mart1Aarn,2059622786818040135,False,6,0,es,2059624204085956895,0,https://x.com/ScarFace2824/status/2059624204085956895,reply-archive,
2059623806000357448,2026-05-27 13:12:35+00:00,"@Mart1Aarn En ataque no nos seguirá faltando un extremo que se lleve marcas de Lamine o que desborde cuando no esté disponible? Está claro que Lamine se va a hinchar a alimentar a Fermin, Gordon, Raphinha y Julian pero quien genera por si mismo?",True,Mart1Aarn,2059621472000167958,False,1,0,es,2059623806000357448,0,https://x.com/ScarFace2824/status/2059623806000357448,reply-archive,
2059620841378152865,2026-05-27 13:00:49+00:00,"@elitelliZN Ojalá, un Palestra🔝",True,elitelliZN,2059587689897242730,False,0,0,es,2059620841378152865,0,https://x.com/ScarFace2824/status/2059620841378152865,reply-archive,
2059619617950126531,2026-05-27 12:55:57+00:00,@BlasterAlex No me parece muy ofensivo decir que el precio que piden por Gordon está muy por encima de lo que vale,True,BlasterAlex,2059612530008314075,False,0,0,es,2059619617950126531,0,https://x.com/ScarFace2824/status/2059619617950126531,reply-archive,
2059585505457549575,2026-05-27 10:40:24+00:00,@RiquiSalmon11 Y fichar a un central si significaba no fichar un 9...,True,RiquiSalmon11,2059572793864311059,False,0,0,es,2059585505457549575,0,https://x.com/ScarFace2824/status/2059585505457549575,reply-archive,
2059580016975815023,2026-05-27 10:18:35+00:00,@elitelliZN 90M,True,elitelliZN,2059575631889723650,False,0,0,und,2059580016975815023,0,https://x.com/ScarFace2824/status/2059580016975815023,reply-archive,
2059577461730349064,2026-05-27 10:08:26+00:00,@dembelismo99_ Con Cancelo una temporada entera? Con Gerard Martin que no sabemos si es capaz de repetir otra temporada a tan alto nivel. Con Kounde en el lateral.,True,dembelismo99_,2059573860714917922,False,0,0,es,2059577461730349064,0,https://x.com/ScarFace2824/status/2059577461730349064,reply-archive,
2059575907824664796,2026-05-27 10:02:16+00:00,@user184120 @dembelismo99_ Hahahaha,True,user184120,2059573948900090110,False,0,0,tl,2059575907824664796,0,https://x.com/ScarFace2824/status/2059575907824664796,reply-archive,
2059553563882242145,2026-05-27 08:33:28+00:00,"@LuigiWrestling No voy a ir de que lo conozca mucho pero lo que le he visto es que pese a ser bueno en el ring, en las luchas le veo carencia actoralmente y que no se ve fluido ni bien actuado entre acción y acción.",True,LuigiWrestling,2059552889618469308,False,0,0,es,2059553563882242145,0,https://x.com/ScarFace2824/status/2059553563882242145,reply-archive,
2059552909621084227,2026-05-27 08:30:52+00:00,"@dembelismo99_ El peligro de eso es que dependemos mucho de él, somos más predecibles, atacamos solo por 1 banda y permite que los equipos rivales le pongan 4 marcas encima, y más si seguimos con LD defensivo, y cuando no está no hay nadie que desborde. Hace falta un Diomande en la otra banda",True,dembelismo99_,2059546822574571695,False,3,0,es,2059552909621084227,0,https://x.com/ScarFace2824/status/2059552909621084227,reply-archive,
2059551606627086649,2026-05-27 08:25:42+00:00,"@elitelliZN A mi me deja frio, es un perfil que ya tienes con Raphinha y no llega ni a un tercio de sus números.",True,elitelliZN,2059544060180754606,False,2,0,es,2059551606627086649,0,https://x.com/ScarFace2824/status/2059551606627086649,reply-archive,
2059551357338546306,2026-05-27 08:24:42+00:00,"@GLXDEnabil @shidokageno @ShadowMonarch23 tiene clausula de 60M y encima acaba contrato el año que viene, te sale a mitad de precio de Julian y te da para traer a Gordon, Bastoni o Van de ven, el que quieras",True,GLXDEnabil,2059547106549834063,False,0,0,es,2059551357338546306,0,https://x.com/ScarFace2824/status/2059551357338546306,reply-archive,
2059539380260290940,2026-05-27 07:37:07+00:00,"@sirfcb_ Dais muy por hecho que la única posición a reforzar es el 9 cuando no sabemos:
Si Gerard puede repetir una temporada así
Si Raphinha podrá estar disponible más de 5 partidos seguidos después de la temporada que ha tenido
1 temporada entera de Cancelo como titular y otra de Kounde",True,sirfcb_,2059528261885944057,False,3,0,es,2059539380260290940,0,https://x.com/ScarFace2824/status/2059539380260290940,reply-archive,
2059538639143436347,2026-05-27 07:34:10+00:00,@GLXDEnabil @ShadowMonarch23 Como si Lewandowski no hubiera salido bien y no se estuviera yendo como una leyenda.,True,GLXDEnabil,2059532599274463305,False,0,0,es,2059538639143436347,0,https://x.com/ScarFace2824/status/2059538639143436347,reply-archive,
2059513561949278720,2026-05-27 05:54:31+00:00,@ShadowMonarch23 Hay que fichar a Kane,True,ShadowMonarch23,2059499153277808732,False,0,0,es,2059513561949278720,0,https://x.com/ScarFace2824/status/2059513561949278720,reply-archive,
2059318130225168673,2026-05-26 16:57:57+00:00,"@10InfoBlaugrana No, para eso traes a Bastoni que es zurdo o Van de Ven que es supuestamente mucho más cercano al perfil que quiere Flick",True,10InfoBlaugrana,2059303546819092653,False,0,0,es,2059318130225168673,0,https://x.com/ScarFace2824/status/2059318130225168673,reply-archive,
2059271587648458921,2026-05-26 13:53:00+00:00,@GxlDePaulinho Julian + 30M,True,GxlDePaulinho,2059254626797367446,False,0,0,in,2059271587648458921,0,https://x.com/ScarFace2824/status/2059271587648458921,reply-archive,
2059209980901740800,2026-05-26 09:48:12+00:00,@elitelliZN Bastoni + Joao/Kane &gt; Julian,True,elitelliZN,2059202525979419062,False,0,0,et,2059209980901740800,0,https://x.com/ScarFace2824/status/2059209980901740800,reply-archive,
2058964121769406853,2026-05-25 17:31:14+00:00,"@BarcelonaValor Si con eso Diomande renueva, top.",True,BarcelonaValor,2058857790337126791,False,0,0,es,2058964121769406853,0,https://x.com/ScarFace2824/status/2058964121769406853,reply-archive,
2058923238302826670,2026-05-25 14:48:47+00:00,@Mart1Aarn Lo esperable,True,Mart1Aarn,2058922532523139580,False,0,0,es,2058923238302826670,0,https://x.com/ScarFace2824/status/2058923238302826670,reply-archive,
2058917278909911366,2026-05-25 14:25:06+00:00,"@Mart1Aarn Lo que me faltaba, ver a Bastoni en el Madrid.",True,Mart1Aarn,2058901355524149609,False,4,0,es,2058917278909911366,0,https://x.com/ScarFace2824/status/2058917278909911366,reply-archive,
2058917064442585212,2026-05-25 14:24:15+00:00,"@arthfcb_ @Mart1Aarn A mi me parece bien la formula Lewandoski, en 4 años te vuelven a salir otros 9 y tops, por no hablar de los de la cantera. Y más si eso te permite fichar a un central de elite. Lo que nos faltaba es que encima Bastoni fiche por el Madrid.",True,arthfcb_,2058890054093730001,False,0,0,es,2058917064442585212,0,https://x.com/ScarFace2824/status/2058917064442585212,reply-archive,
2058831511852372410,2026-05-25 08:44:18+00:00,"@Mart1Aarn Siendo un buen mercado, 120 por Julián es una burrada pudiendo hacer 60 Kane + 60 Bastoni. Cierras 9 y central por si Diomande decide quedarse ir con todo a por él el año que viene. Y por el precio de Dumfries tienes a Palestra que es 10 años más joven.",True,Mart1Aarn,2058822072592208054,False,2,0,es,2058831511852372410,0,https://x.com/ScarFace2824/status/2058831511852372410,reply-archive,
2058684729499533409,2026-05-24 23:01:02+00:00,"@Mart1Aarn Sin la vuelta de Pep o Luis Enrique, yo veo a Cesc o Sarabria",True,Mart1Aarn,2058670578660155836,False,0,0,es,2058684729499533409,0,https://x.com/ScarFace2824/status/2058684729499533409,reply-archive,
2058302887164338208,2026-05-23 21:43:44+00:00,@GxlDeManutinho Kane,True,GxlDeManutinho,2058294593431433689,False,1,0,no,2058302887164338208,0,https://x.com/ScarFace2824/status/2058302887164338208,reply-archive,
2058286824779297181,2026-05-23 20:39:54+00:00,"@BarcelonaValor Se nos va el 9, y vamos a fichar 1 para cederlo, no hay nada más de fifa que esto.",True,BarcelonaValor,2058272608240509059,False,0,0,es,2058286824779297181,0,https://x.com/ScarFace2824/status/2058286824779297181,reply-archive,
2058271895724695578,2026-05-23 19:40:35+00:00,@Mart1Aarn Hahaha que si prefieres fichar a Kane para que haya dinero para Bastoni o gastarlo todo a Julian o Joao Pedro. Se entiende.,True,Mart1Aarn,2058269627885510785,False,0,0,es,2058271895724695578,0,https://x.com/ScarFace2824/status/2058271895724695578,reply-archive,
2058268636427473304,2026-05-23 19:27:38+00:00,@Mart1Aarn Kane + Bastoni &gt; Julian/Joao?,True,Mart1Aarn,2058267202625708182,False,0,0,et,2058268636427473304,0,https://x.com/ScarFace2824/status/2058268636427473304,reply-archive,
2058256199515066390,2026-05-23 18:38:13+00:00,@LaNuevaEraFCB_ Palestra no es bueno? No has visto ni un minuto. https://t.co/IrBN4QhyQS,True,LaNuevaEraFCB_,2058246585356583088,False,2,0,es,2058256199515066390,1,https://x.com/ScarFace2824/status/2058256199515066390,reply-archive,
2058245070160105873,2026-05-23 17:53:59+00:00,@10InfoBlaugrana 70 + Casado o Araujo,True,10InfoBlaugrana,2058231489037521367,False,0,0,pt,2058245070160105873,0,https://x.com/ScarFace2824/status/2058245070160105873,reply-archive,
2058243105850069026,2026-05-23 17:46:11+00:00,"@LoloZl23 @dembelismo99_ Sí, puede ser que lo mejor sea apostar por los de la casa pero hay ganas de ver a Lamine más por dentro y no creo que Espart sea titular ya este año, que Lamine está muy solo en banda.
Mas allá de la dificultad del mercado, explico aquí lo de los laterales
https://t.co/XgTnmCcvpq",True,LoloZl23,2058241575436665107,False,1,0,es,2058243105850069026,0,https://x.com/ScarFace2824/status/2058243105850069026,reply-archive,
2058240656397504955,2026-05-23 17:36:27+00:00,"@LoloZl23 @dembelismo99_ Teniendo a Kounde y Eric como laterales defensivos no la hemos ganado. Tampoco estoy obsesionado con ella. A mi lo que me gustaria es intercambiar de banda el rol de los laterales, que el defensivo sea el izquierdo.",True,LoloZl23,2058240275512697278,False,0,0,es,2058240656397504955,0,https://x.com/ScarFace2824/status/2058240656397504955,reply-archive,
2058239607334990249,2026-05-23 17:32:17+00:00,@LoloZl23 @dembelismo99_ Que más da lo que piense la gente si nos hace mejorar potenciando a nuestro mejor jugador?,True,LoloZl23,2058234081117094023,False,0,0,es,2058239607334990249,0,https://x.com/ScarFace2824/status/2058239607334990249,reply-archive,
2058226127513043225,2026-05-23 16:38:43+00:00,"@dembelismo99_ Lamine se veria muy potenciado con Palestra en su banda, más si queremos que vaya cogiendo posiciones interiores.",True,dembelismo99_,2058221996094160899,False,0,0,es,2058226127513043225,0,https://x.com/ScarFace2824/status/2058226127513043225,reply-archive,
2058210507299906024,2026-05-23 15:36:39+00:00,"@DiegoDav07 Con la vuelta al 1:1, si podemos gastar y que Flick no quiere estar muchos años este mercado coge mucha importancia. Y se puede hacer muy bien o muy mal y desaprovechar oportunidades como Bastoni, Diomande, Kane, Palestra etc. Por eso tanto nerviosismo",True,DiegoDav07,2058208919948837133,False,1,0,es,2058210507299906024,0,https://x.com/ScarFace2824/status/2058210507299906024,reply-archive,
2058192168250921233,2026-05-23 14:23:46+00:00,@Somhiseremfcb Fuente?,True,Somhiseremfcb,2058190869979681128,False,0,0,es,2058192168250921233,0,https://x.com/ScarFace2824/status/2058192168250921233,reply-archive,
2058192031730545146,2026-05-23 14:23:14+00:00,@Mart1Aarn No te pillo,True,Mart1Aarn,2058191720471269757,False,1,0,es,2058192031730545146,0,https://x.com/ScarFace2824/status/2058192031730545146,reply-archive,
2058183836958163127,2026-05-23 13:50:40+00:00,@Mart1Aarn Pinta mal,True,Mart1Aarn,2058181018713039215,False,0,0,es,2058183836958163127,0,https://x.com/ScarFace2824/status/2058183836958163127,reply-archive,
2058179141963337932,2026-05-23 13:32:01+00:00,@Barcaxtr Kane,True,Barcaxtr,2058061556957532522,False,0,0,no,2058179141963337932,0,https://x.com/ScarFace2824/status/2058179141963337932,reply-archive,
2058160630364864594,2026-05-23 12:18:27+00:00,"@planetabarcaa Obviamente no, hay delanteros top por menos de 100 como Kane o Woltemade, y si tampoco antes Asllani que Muriqi y dinero en central top Bastoni/ Van de Ven. Aunque para mi la pasta debería ir a Diomande.",True,planetabarcaa,2058139512329454056,False,1,0,es,2058160630364864594,0,https://x.com/ScarFace2824/status/2058160630364864594,reply-archive,
2058149644530590050,2026-05-23 11:34:48+00:00,@FCB_nenn No ha acabado la liga y quieres que lleguen ya fichajes?,True,FCB_nenn,2058143746454176062,False,73,0,es,2058149644530590050,0,https://x.com/ScarFace2824/status/2058149644530590050,reply-archive,
2058148581287047417,2026-05-23 11:30:34+00:00,@Mart1Aarn Es que ni en su día en el City tendria claro si pagar 100 imaginate ahora con la temporada que ha hecho.,True,Mart1Aarn,2058147559835570287,False,1,1,es,2058148581287047417,0,https://x.com/ScarFace2824/status/2058148581287047417,reply-archive,
2058148032122667074,2026-05-23 11:28:24+00:00,"@MaestroMelena Si se puede Kane así no gastas 100 y le sumas Bastoni/ Van de ven, Cancelo, Rashford, Bernardo para jugar 433. Y convences a Diomande para que te espere un año.",True,MaestroMelena,2058141673704554905,False,1,0,es,2058148032122667074,0,https://x.com/ScarFace2824/status/2058148032122667074,reply-archive,
2058145852015706486,2026-05-23 11:19:44+00:00,"@1899DanielFCB Si no quiere a Bastoni no es precisamente por ser zurdo, sino hubiera puesto a Eric junto a Cubarsí y no a Gerard Martin. Sino porque cree que puede sufrir a la espalda y en eso Vuskovic es bastante peor, ha brillado toda la temporada defendiendo el area y en bloque bajo.",True,1899DanielFCB,2058144629430595771,False,0,0,es,2058145852015706486,0,https://x.com/ScarFace2824/status/2058145852015706486,reply-archive,
2058140533667590372,2026-05-23 10:58:36+00:00,@ShadowMonarch23 Argumentos de Mbappé...,True,ShadowMonarch23,2058136114163032325,False,0,0,fr,2058140533667590372,0,https://x.com/ScarFace2824/status/2058140533667590372,reply-archive,
2058140405091250602,2026-05-23 10:58:05+00:00,"@1899DanielFCB Pero que es diestro... Gerard Martín un lateral izquierdo del Cornellá ha pasado por delante de Eric Garcia, solo por ser zurdo.",True,1899DanielFCB,2058140034021081191,False,0,0,es,2058140405091250602,0,https://x.com/ScarFace2824/status/2058140405091250602,reply-archive,
2058138569319829872,2026-05-23 10:50:47+00:00,@1899DanielFCB Vuskovic va a venir a ser suplente?,True,1899DanielFCB,2058121217668739307,False,0,0,ca,2058138569319829872,0,https://x.com/ScarFace2824/status/2058138569319829872,reply-archive,
2058137057671647655,2026-05-23 10:44:47+00:00,"@geminithestrika No necesitamos un 9 tenemos a Gistau, no necesitamos un lateral tenemos a Espart, no necesitamos un central tenemos a Baba...",True,geminithestrika,2058121019974393954,False,0,0,es,2058137057671647655,0,https://x.com/ScarFace2824/status/2058137057671647655,reply-archive,
2058136716691603801,2026-05-23 10:43:26+00:00,"@BarcelonaValor Kane, Woltemade, Asllani...",True,BarcelonaValor,2058119180939903314,False,0,0,ca,2058136716691603801,0,https://x.com/ScarFace2824/status/2058136716691603801,reply-archive,
2057967490550874411,2026-05-22 23:30:59+00:00,@Mart1Aarn Ibra si que es el gran detector de analfabetos futbolísticos,True,Mart1Aarn,2057965636928639112,False,3,0,es,2057967490550874411,0,https://x.com/ScarFace2824/status/2057967490550874411,reply-archive,
2057904433569165420,2026-05-22 19:20:25+00:00,"RT @RisingStarXI: 🇮🇹🏆 𝗠𝗔𝗥𝗖𝗢 𝗣𝗔𝗟𝗘𝗦𝗧𝗥𝗔 (𝟮𝟭) was named the 𝗗𝗘𝗙𝗘𝗡𝗗𝗘𝗥 𝗢𝗙 𝗧𝗛𝗘 𝗦𝗘𝗔𝗦𝗢𝗡 of Serie A.

𝗦𝗢 𝗪𝗘𝗟𝗟-𝗗𝗘𝗦𝗘𝗥𝗩𝗘𝗗 👏 https://t.co/0iWV7gqhBx",False,,,True,0,0,en,2057904433569165420,2,https://x.com/ScarFace2824/status/2057904433569165420,retweet-archive,
2057866914630713397,2026-05-22 16:51:20+00:00,@Mart1Aarn Falacia. Espero que sea estrategia para presionar igual que lo de Araujo.,True,Mart1Aarn,2057853347852390519,False,0,0,es,2057866914630713397,0,https://x.com/ScarFace2824/status/2057866914630713397,reply-archive,
